S	CustomAnalyzer(org.apache.lucene.analysis.core.WhitespaceTokenizerFactory,org.apache.lucene.analysis.shingle.FixedShingleFilterFactory)
T	0	The Quick	0	9	1	1	shingle	0	-	0	1
T	0	Quick Brown	4	15	1	1	shingle	0	-	0	1
T	0	Brown Fox's	10	21	1	1	shingle	0	-	0	1
T	0	Fox's jumped	16	28	1	1	shingle	0	-	0	1
T	0	jumped over	22	33	1	1	shingle	0	-	0	1
T	0	over the	29	37	1	1	shingle	0	-	0	1
T	0	the lazy	34	42	1	1	shingle	0	-	0	1
T	0	lazy dogs;	38	48	1	1	shingle	0	-	0	1
T	0	dogs; it's	43	53	1	1	shingle	0	-	0	1
T	0	it's 2024-06-01	49	64	1	1	shingle	0	-	0	1
T	0	2024-06-01 and	54	68	1	1	shingle	0	-	0	1
T	0	and Jan	65	72	1	1	shingle	0	-	0	1
T	0	Jan 12,	69	76	1	1	shingle	0	-	0	1
T	0	12, 2023.	73	82	1	1	shingle	0	-	0	1
E	0	82	82	0
T	1	Hello, World!	0	13	1	1	shingle	0	-	0	1
T	1	World! foo-bar	7	21	1	1	shingle	0	-	0	1
T	1	foo-bar baz_qux	14	29	1	1	shingle	0	-	0	1
T	1	baz_qux WiFi	22	34	1	1	shingle	0	-	0	1
T	1	WiFi PowerShot500	30	47	1	1	shingle	0	-	0	1
T	1	PowerShot500 O'Neil's	35	56	1	1	shingle	0	-	0	1
T	1	O'Neil's SD500	48	62	1	1	shingle	0	-	0	1
T	1	SD500 wi-fi	57	68	1	1	shingle	0	-	0	1
T	1	wi-fi TV	63	71	1	1	shingle	0	-	0	1
E	1	71	71	0
T	2	<p>Some <b>HTML</b>	0	19	1	1	shingle	0	-	0	1
T	2	<b>HTML</b> &amp;	8	25	1	1	shingle	0	-	0	1
T	2	&amp; text	20	30	1	1	shingle	0	-	0	1
T	2	text &lt;here&gt;	26	43	1	1	shingle	0	-	0	1
T	2	&lt;here&gt; <script>x()</script>	31	64	1	1	shingle	0	-	0	1
T	2	<script>x()</script> caf&eacute;</p>	44	80	1	1	shingle	0	-	0	1
E	2	80	80	0
T	3	email: john.doe@example.com	0	27	1	1	shingle	0	-	0	1
T	3	john.doe@example.com url:	7	32	1	1	shingle	0	-	0	1
T	3	url: https://lucene.apache.org/core/	28	64	1	1	shingle	0	-	0	1
T	3	https://lucene.apache.org/core/ path	33	69	1	1	shingle	0	-	0	1
T	3	path /usr/local/bin	65	84	1	1	shingle	0	-	0	1
E	3	84	84	0
T	4	Ünïcödé façade	0	14	1	1	shingle	0	-	0	1
T	4	façade résumé	8	21	1	1	shingle	0	-	0	1
T	4	résumé naïve	15	27	1	1	shingle	0	-	0	1
T	4	naïve Æsir	22	32	1	1	shingle	0	-	0	1
T	4	Æsir Øresund	28	40	1	1	shingle	0	-	0	1
T	4	Øresund Åland	33	46	1	1	shingle	0	-	0	1
T	4	Åland straße	41	53	1	1	shingle	0	-	0	1
T	4	straße ﬁne	47	57	1	1	shingle	0	-	0	1
E	4	57	57	0
T	5	東京都に住んでいます 서울특별시	0	16	1	1	shingle	0	-	0	1
T	5	서울특별시 ｶﾀｶﾅ	11	21	1	1	shingle	0	-	0	1
T	5	ｶﾀｶﾅ ﾃｽﾄ	17	25	1	1	shingle	0	-	0	1
T	5	ﾃｽﾄ ＦＵＬＬＷＩＤＴＨ	22	35	1	1	shingle	0	-	0	1
T	5	ＦＵＬＬＷＩＤＴＨ ひらがな	26	40	1	1	shingle	0	-	0	1
T	5	ひらがな カタカナ	36	45	1	1	shingle	0	-	0	1
E	5	45	45	0
T	6	مرحبا بالعالم	0	13	1	1	shingle	0	-	0	1
T	6	بالعالم الكتابة	6	21	1	1	shingle	0	-	0	1
T	6	الكتابة العربية	14	29	1	1	shingle	0	-	0	1
T	6	العربية والكتب	22	36	1	1	shingle	0	-	0	1
T	6	والكتب ١٢٣	30	40	1	1	shingle	0	-	0	1
T	6	١٢٣ ٤٥٦	37	44	1	1	shingle	0	-	0	1
E	6	44	44	0
T	7	Привет мир,	0	11	1	1	shingle	0	-	0	1
T	7	мир, бегущие	7	19	1	1	shingle	0	-	0	1
T	7	бегущие собаки	12	26	1	1	shingle	0	-	0	1
T	7	собаки и	20	28	1	1	shingle	0	-	0	1
T	7	и кошки	27	34	1	1	shingle	0	-	0	1
E	7	34	34	0
T	8	Ελληνικά γράμματα	0	17	1	1	shingle	0	-	0	1
T	8	γράμματα ΣΊΣΥΦΟΣ	9	25	1	1	shingle	0	-	0	1
T	8	ΣΊΣΥΦΟΣ οδός	18	30	1	1	shingle	0	-	0	1
E	8	30	30	0
T	9	हिन्दी भाषा	0	11	1	1	shingle	0	-	0	1
T	9	भाषा বাংলা	7	17	1	1	shingle	0	-	0	1
T	9	বাংলা ভাষা	12	22	1	1	shingle	0	-	0	1
T	9	ভাষা తెలుగు	18	29	1	1	shingle	0	-	0	1
T	9	తెలుగు భాష	23	33	1	1	shingle	0	-	0	1
E	9	33	33	0
T	10	Die Häuser	0	10	1	1	shingle	0	-	0	1
T	10	Häuser waren	4	16	1	1	shingle	0	-	0	1
T	10	waren größer	11	23	1	1	shingle	0	-	0	1
T	10	größer als	17	27	1	1	shingle	0	-	0	1
T	10	als die	24	31	1	1	shingle	0	-	0	1
T	10	die Bäume	28	37	1	1	shingle	0	-	0	1
T	10	Bäume Donaudampfschifffahrt	32	59	1	1	shingle	0	-	0	1
T	10	Donaudampfschifffahrt Rindfleischetikettierung	38	84	1	1	shingle	0	-	0	1
T	10	Rindfleischetikettierung Fussball	60	93	1	1	shingle	0	-	0	1
E	10	93	93	0
T	11	les enfants	0	11	1	1	shingle	0	-	0	1
T	11	enfants l'arbre	4	19	1	1	shingle	0	-	0	1
T	11	l'arbre d'une	12	25	1	1	shingle	0	-	0	1
T	11	d'une maison	20	32	1	1	shingle	0	-	0	1
T	11	maison aujourd'hui	26	44	1	1	shingle	0	-	0	1
T	11	aujourd'hui qu'il	33	50	1	1	shingle	0	-	0	1
E	11	50	50	0
T	12	boost|2.5 term|0.5	0	18	1	1	shingle	0	-	0	1
T	12	term|0.5 freq|3	10	25	1	1	shingle	0	-	0	1
T	12	freq|3 payload|1.0	19	37	1	1	shingle	0	-	0	1
T	12	payload|1.0 couch	26	43	1	1	shingle	0	-	0	1
T	12	couch sofa	38	48	1	1	shingle	0	-	0	1
T	12	sofa tv	44	51	1	1	shingle	0	-	0	1
T	12	tv wifi	49	56	1	1	shingle	0	-	0	1
E	12	56	56	0
T	13	leading and	2	13	1	1	shingle	0	-	0	1
T	13	and trailing	10	22	1	1	shingle	0	-	0	1
T	13	trailing spaces	14	31	1	1	shingle	0	-	0	1
T	13	spaces and	25	35	1	1	shingle	0	-	0	1
T	13	and tabs	32	40	1	1	shingle	0	-	0	1
E	13	42	42	0
T	14	İstanbul'da ıIiİ	0	16	1	1	shingle	0	-	0	1
T	14	ıIiİ Türkçe	12	23	1	1	shingle	0	-	0	1
T	14	Türkçe ÇOK	17	27	1	1	shingle	0	-	0	1
T	14	ÇOK güzel	24	33	1	1	shingle	0	-	0	1
E	14	33	33	0
T	15	hyphen- ated	0	12	1	1	shingle	0	-	0	1
T	15	ated rain-bow	8	21	1	1	shingle	0	-	0	1
T	15	rain-bow numbers	13	29	1	1	shingle	0	-	0	1
T	15	numbers 1,234.56	22	38	1	1	shingle	0	-	0	1
T	15	1,234.56 3.14	30	43	1	1	shingle	0	-	0	1
T	15	3.14 e=mc²	39	49	1	1	shingle	0	-	0	1
T	15	e=mc² ½	44	51	1	1	shingle	0	-	0	1
T	15	½ 42	50	54	1	1	shingle	0	-	0	1
E	15	54	54	0
T	16	[[Category:Test]] '''bold'''	0	28	1	1	shingle	0	-	0	1
T	16	'''bold''' ''italic''	18	39	1	1	shingle	0	-	0	1
T	16	''italic'' [http://x.org	29	53	1	1	shingle	0	-	0	1
T	16	[http://x.org link]	40	59	1	1	shingle	0	-	0	1
T	16	link] {{cite}}	54	68	1	1	shingle	0	-	0	1
E	16	68	68	0
T	17	running runs	0	12	1	1	shingle	0	-	0	1
T	17	runs ran	8	16	1	1	shingle	0	-	0	1
T	17	ran easily	13	23	1	1	shingle	0	-	0	1
T	17	easily fairly	17	30	1	1	shingle	0	-	0	1
T	17	fairly cats	24	35	1	1	shingle	0	-	0	1
T	17	cats ponies	31	42	1	1	shingle	0	-	0	1
T	17	ponies generously	36	53	1	1	shingle	0	-	0	1
T	17	generously happiness	43	63	1	1	shingle	0	-	0	1
E	17	63	63	0
E	18	0	0	0
T	19	los niños	0	9	1	1	shingle	0	-	0	1
T	19	niños cantaban	4	18	1	1	shingle	0	-	0	1
T	19	cantaban canciones	10	28	1	1	shingle	0	-	0	1
T	19	canciones alegres	19	36	1	1	shingle	0	-	0	1
T	19	alegres português	29	46	1	1	shingle	0	-	0	1
T	19	português ações	37	52	1	1	shingle	0	-	0	1
E	19	52	52	0
N	0	54686520517569636b2042726f776e20466f782773206a756d706564206f76657220746865206c617a7920646f67733b206974277320323032342d30362d303120616e64204a616e2031322c20323032332e
N	1	48656c6c6f2c20576f726c642120666f6f2d6261722062617a5f717578205769466920506f77657253686f74353030204f274e65696c27732053443530302077692d6669205456
N	2	3c703e536f6d65203c623e48544d4c3c2f623e2026616d703b207465787420266c743b686572652667743b203c7363726970743e7828293c2f7363726970743e20636166266561637574653b3c2f703e
N	3	656d61696c3a206a6f686e2e646f65406578616d706c652e636f6d2075726c3a2068747470733a2f2f6c7563656e652e6170616368652e6f72672f636f72652f2070617468202f7573722f6c6f63616c2f62696e
N	4	c39c6ec3af63c3b664c3a9206661c3a76164652072c3a973756dc3a9206e61c3af766520c38673697220c398726573756e6420c3856c616e642073747261c39f6520efac816e65
N	5	e69db1e4baace983bde381abe4bd8fe38293e381a7e38184e381bee3819920ec849cec9ab8ed8ab9ebb384ec8b9c20efbdb6efbe80efbdb6efbe8520efbe83efbdbdefbe8420efbca6efbcb5efbcacefbcacefbcb7efbca9efbca4efbcb4efbca820e381b2e38289e3818ce381aa20e382abe382bfe382abe3838a
N	6	d985d8b1d8add8a8d8a720d8a8d8a7d984d8b9d8a7d984d98520d8a7d984d983d8aad8a7d8a8d8a920d8a7d984d8b9d8b1d8a8d98ad8a920d988d8a7d984d983d8aad8a820d9a1d9a2d9a320d9a4d9a5d9a6
N	7	d09fd180d0b8d0b2d0b5d18220d0bcd0b8d1802c20d0b1d0b5d0b3d183d189d0b8d0b520d181d0bed0b1d0b0d0bad0b820d0b820d0bad0bed188d0bad0b8
N	8	ce95cebbcebbceb7cebdceb9cebaceac20ceb3cf81ceaccebccebcceb1cf84ceb120cea3ce8acea3cea5cea6ce9fcea320cebfceb4cf8ccf82
N	9	e0a4b9e0a4bfe0a4a8e0a58de0a4a6e0a58020e0a4ade0a4bee0a4b7e0a4be20e0a6ace0a6bee0a682e0a6b2e0a6be20e0a6ade0a6bee0a6b7e0a6be20e0b0a4e0b186e0b0b2e0b181e0b097e0b18120e0b0ade0b0bee0b0b7
N	10	4469652048c3a47573657220776172656e206772c3b6c39f657220616c73206469652042c3a4756d6520446f6e617564616d706673636869666666616872742052696e64666c65697363686574696b657474696572756e67204675737362616c6c
N	11	6c657320656e66616e7473206c276172627265206427756e65206d6169736f6e2061756a6f7572642768756920717527696c
N	12	626f6f73747c322e35207465726d7c302e3520667265717c33207061796c6f61647c312e3020636f75636820736f66612074762077696669
N	13	20206c656164696e6720616e6420747261696c696e6720202073706163657309616e6409746162732020
N	14	c4b07374616e62756c27646120c4b14969c4b02054c3bc726bc3a76520c3874f4b2067c3bc7a656c
N	15	68797068656e2d2061746564207261696e2d626f77206e756d6265727320312c3233342e353620332e313420653d6d63c2b220c2bd203432
N	16	5b5b43617465676f72793a546573745d5d20272727626f6c642727272027276974616c69632727205b687474703a2f2f782e6f7267206c696e6b5d207b7b636974657d7d
N	17	72756e6e696e672072756e732072616e20656173696c7920666169726c79206361747320706f6e6965732067656e65726f75736c792068617070696e657373
N	18	
N	19	6c6f73206e69c3b16f732063616e746162616e2063616e63696f6e657320616c656772657320706f7274756775c3aa732061c3a7c3b56573
