T	0	he	1	3	1	1	word	0	-	0	1
T	0	quick	4	9	1	1	word	0	-	0	1
T	0	brown	10	15	1	1	word	0	-	0	1
T	0	fox	16	19	1	1	word	0	-	0	1
T	0	jumps	20	25	1	1	word	0	-	0	1
T	0	over	26	30	1	1	word	0	-	0	1
T	0	the	31	34	1	1	word	0	-	0	1
T	0	lazy	35	39	1	1	word	0	-	0	1
T	0	dog	40	43	1	1	word	0	-	0	1
E	0	44	44	0
T	1	the	0	3	1	1	word	0	-	0	1
T	1	the	4	7	1	1	word	0	-	0	1
T	1	he	9	11	1	1	word	0	-	0	1
T	1	quick	12	17	1	1	word	0	-	0	1
T	1	quick	18	23	1	1	word	0	-	0	1
T	1	brown	24	29	1	1	word	0	-	0	1
T	1	fox	36	39	1	1	word	0	-	0	1
E	1	39	39	0
T	2	unning	1	7	1	1	word	0	-	0	1
T	2	runs	8	12	1	1	word	0	-	0	1
T	2	ran	13	16	1	1	word	0	-	0	1
T	2	easily	17	23	1	1	word	0	-	0	1
T	2	the	25	28	1	1	word	0	-	0	1
T	2	ponies	29	35	1	1	word	0	-	0	1
T	2	caresses	37	45	1	1	word	0	-	0	1
T	2	were	46	50	1	1	word	0	-	0	1
T	2	relational	51	61	1	1	word	0	-	0	1
T	2	conditional	63	74	1	1	word	0	-	0	1
T	2	and	75	78	1	1	word	0	-	0	1
T	2	generalizations	79	94	1	1	word	0	-	0	1
T	2	of	95	97	1	1	word	0	-	0	1
T	2	happiness	98	107	1	1	word	0	-	0	1
E	2	108	108	0
T	3	eil	3	6	1	1	word	0	-	0	1
T	3	s	7	8	1	1	word	0	-	0	1
T	3	friend	9	15	1	1	word	0	-	0	1
T	3	s	16	17	1	1	word	0	-	0	1
T	3	dogs	18	22	1	1	word	0	-	0	1
T	3	toys	24	28	1	1	word	0	-	0	1
T	3	ohn	33	36	1	1	word	0	-	0	1
T	3	s	37	38	1	1	word	0	-	0	1
T	3	and	39	42	1	1	word	0	-	0	1
T	3	books	51	56	1	1	word	0	-	0	1
T	3	aren	57	61	1	1	word	0	-	0	1
T	3	t	62	63	1	1	word	0	-	0	1
T	3	theirs	64	70	1	1	word	0	-	0	1
E	3	71	71	0
T	4	i	1	2	1	1	word	0	-	0	1
T	4	i	4	5	1	1	word	0	-	0	1
T	4	ower	7	11	1	1	word	0	-	0	1
T	4	hot	12	15	1	1	word	0	-	0	1
T	4	foo	26	29	1	1	word	0	-	0	1
T	4	bar	30	33	1	1	word	0	-	0	1
T	4	nd	36	38	1	1	word	0	-	0	1
T	4	st	40	42	1	1	word	0	-	0	1
T	4	place	43	48	1	1	word	0	-	0	1
T	4	e	54	55	1	1	word	0	-	0	1
T	4	mail	56	60	1	1	word	0	-	0	1
T	4	j	61	62	1	1	word	0	-	0	1
T	4	se	63	65	1	1	word	0	-	0	1
T	4	i	66	67	1	1	word	0	-	0	1
T	4	hone	68	72	1	1	word	0	-	0	1
T	4	ttp	77	80	1	1	word	0	-	0	1
T	4	equest	81	87	1	1	word	0	-	0	1
T	4	def	91	94	1	1	word	0	-	0	1
E	4	94	94	0
T	5	e	14	15	1	1	word	0	-	0	1
T	5	g	16	17	1	1	word	0	-	0	1
T	5	r	20	21	1	1	word	0	-	0	1
T	5	mith	24	28	1	1	word	0	-	0	1
T	5	s	29	30	1	1	word	0	-	0	1
T	5	x	47	48	1	1	word	0	-	0	1
T	5	e	78	79	1	1	word	0	-	0	1
E	5	81	81	0
T	6	r	1	2	1	1	word	0	-	0	1
T	6	me	3	5	1	1	word	0	-	0	1
T	6	br	6	8	1	1	word	0	-	0	1
T	6	l	9	10	1	1	word	0	-	0	1
T	6	e	11	12	1	1	word	0	-	0	1
T	6	la	15	17	1	1	word	0	-	0	1
T	6	caf	18	21	1	1	word	0	-	0	1
T	6	na	25	27	1	1	word	0	-	0	1
T	6	ve	28	30	1	1	word	0	-	0	1
T	6	fa	31	33	1	1	word	0	-	0	1
T	6	ade	34	37	1	1	word	0	-	0	1
T	6	r	40	41	1	1	word	0	-	0	1
T	6	sk	42	44	1	1	word	0	-	0	1
T	6	bing	45	49	1	1	word	0	-	0	1
T	6	tra	52	55	1	1	word	0	-	0	1
T	6	e	56	57	1	1	word	0	-	0	1
T	6	sselmeer	60	68	1	1	word	0	-	0	1
T	6	nancial	71	78	1	1	word	0	-	0	1
T	6	ow	80	82	1	1	word	0	-	0	1
T	6	uvre	85	89	1	1	word	0	-	0	1
T	6	ngstr	92	97	1	1	word	0	-	0	1
T	6	m	98	99	1	1	word	0	-	0	1
E	6	99	99	0
T	7	l	0	1	1	1	word	0	-	0	1
T	7	avion	2	7	1	1	word	0	-	0	1
T	7	d	8	9	1	1	word	0	-	0	1
T	7	ir	11	13	1	1	word	0	-	0	1
T	7	rance	15	20	1	1	word	0	-	0	1
T	7	qu	21	23	1	1	word	0	-	0	1
T	7	il	24	26	1	1	word	0	-	0	1
T	7	a	27	28	1	1	word	0	-	0	1
T	7	pris	29	33	1	1	word	0	-	0	1
T	7	jusqu	34	39	1	1	word	0	-	0	1
T	7	l	42	43	1	1	word	0	-	0	1
T	7	a	44	45	1	1	word	0	-	0	1
T	7	roport	46	52	1	1	word	0	-	0	1
T	7	n	53	54	1	1	word	0	-	0	1
T	7	tait	56	60	1	1	word	0	-	0	1
T	7	pas	61	64	1	1	word	0	-	0	1
T	7	tel	69	72	1	1	word	0	-	0	1
E	7	72	72	0
T	8	ie	1	3	1	1	word	0	-	0	1
T	8	undesrepublik	5	18	1	1	word	0	-	0	1
T	8	eutschland	20	30	1	1	word	0	-	0	1
T	8	ist	31	34	1	1	word	0	-	0	1
T	8	ein	35	38	1	1	word	0	-	0	1
T	8	undesstaat	40	50	1	1	word	0	-	0	1
T	8	in	51	53	1	1	word	0	-	0	1
T	8	itteleuropa	55	66	1	1	word	0	-	0	1
T	8	u	69	70	1	1	word	0	-	0	1
T	8	g	71	72	1	1	word	0	-	0	1
T	8	nger	73	77	1	1	word	0	-	0	1
T	8	berg	78	82	1	1	word	0	-	0	1
T	8	nge	83	86	1	1	word	0	-	0	1
T	8	sind	87	91	1	1	word	0	-	0	1
T	8	h	92	93	1	1	word	0	-	0	1
T	8	ufig	94	98	1	1	word	0	-	0	1
E	8	99	99	0
T	9	l	1	2	1	1	word	0	-	0	1
T	9	ni	3	5	1	1	word	0	-	0	1
T	9	o	6	7	1	1	word	0	-	0	1
T	9	comi	8	12	1	1	word	0	-	0	1
T	9	peque	14	19	1	1	word	0	-	0	1
T	9	as	20	22	1	1	word	0	-	0	1
T	9	manzanas	23	31	1	1	word	0	-	0	1
T	9	nde	36	39	1	1	word	0	-	0	1
T	9	est	40	43	1	1	word	0	-	0	1
T	9	la	45	47	1	1	word	0	-	0	1
T	9	estaci	48	54	1	1	word	0	-	0	1
T	9	n	55	56	1	1	word	0	-	0	1
T	9	u	60	61	1	1	word	0	-	0	1
T	9	d	63	64	1	1	word	0	-	0	1
T	9	a	65	66	1	1	word	0	-	0	1
E	9	67	67	0
E	10	67	67	0
E	11	69	69	0
T	12	rk	2	4	1	1	word	0	-	0	1
T	12	e	5	6	1	1	word	0	-	0	1
T	12	stanbul	8	15	1	1	word	0	-	0	1
T	12	l	17	18	1	1	word	0	-	0	1
T	12	k	19	20	1	1	word	0	-	0	1
T	12	nl	31	33	1	1	word	0	-	0	1
T	12	ark	36	39	1	1	word	0	-	0	1
T	12	c	40	41	1	1	word	0	-	0	1
T	12	a	44	45	1	1	word	0	-	0	1
T	12	r	46	47	1	1	word	0	-	0	1
E	12	48	48	0
T	13	venska	1	7	1	1	word	0	-	0	1
T	13	ka	10	12	1	1	word	0	-	0	1
T	13	p	13	14	1	1	word	0	-	0	1
T	13	sj	16	18	1	1	word	0	-	0	1
T	13	n	19	20	1	1	word	0	-	0	1
T	13	orsk	23	27	1	1	word	0	-	0	1
T	13	bl	29	31	1	1	word	0	-	0	1
T	13	b	32	33	1	1	word	0	-	0	1
T	13	rsyltet	34	41	1	1	word	0	-	0	1
T	13	y	42	43	1	1	word	0	-	0	1
T	13	ansk	46	50	1	1	word	0	-	0	1
T	13	r	52	53	1	1	word	0	-	0	1
T	13	dgr	54	57	1	1	word	0	-	0	1
T	13	d	58	59	1	1	word	0	-	0	1
T	13	med	60	63	1	1	word	0	-	0	1
T	13	fl	64	66	1	1	word	0	-	0	1
T	13	de	67	69	1	1	word	0	-	0	1
T	13	slenska	72	79	1	1	word	0	-	0	1
E	13	86	86	0
E	14	44	44	0
E	15	30	30	0
E	16	54	54	0
E	17	37	37	0
E	18	21	21	0
E	19	60	60	0
E	20	24	24	0
E	21	33	33	0
E	22	22	22	0
T	23	moji	1	5	1	1	word	0	-	0	1
T	23	and	40	43	1	1	word	0	-	0	1
T	23	math	51	55	1	1	word	0	-	0	1
T	23	plus	56	60	1	1	word	0	-	0	1
T	23	rare	66	70	1	1	word	0	-	0	1
T	23	ideographs	71	81	1	1	word	0	-	0	1
E	23	81	81	0
T	24	isit	1	5	1	1	word	0	-	0	1
T	24	https	6	11	1	1	word	0	-	0	1
T	24	lucene	14	20	1	1	word	0	-	0	1
T	24	apache	21	27	1	1	word	0	-	0	1
T	24	org	28	31	1	1	word	0	-	0	1
T	24	core	32	36	1	1	word	0	-	0	1
T	24	or	38	40	1	1	word	0	-	0	1
T	24	mail	41	45	1	1	word	0	-	0	1
T	24	dev	46	49	1	1	word	0	-	0	1
T	24	lucene	50	56	1	1	word	0	-	0	1
T	24	apache	57	63	1	1	word	0	-	0	1
T	24	org	64	67	1	1	word	0	-	0	1
T	24	today	68	73	1	1	word	0	-	0	1
E	24	74	74	0
T	25	ee	1	3	1	1	word	0	-	0	1
T	25	www	4	7	1	1	word	0	-	0	1
T	25	example	8	15	1	1	word	0	-	0	1
T	25	com	16	19	1	1	word	0	-	0	1
T	25	path	20	24	1	1	word	0	-	0	1
T	25	q	25	26	1	1	word	0	-	0	1
T	25	x	29	30	1	1	word	0	-	0	1
T	25	y	31	32	1	1	word	0	-	0	1
T	25	frag	33	37	1	1	word	0	-	0	1
T	25	and	38	41	1	1	word	0	-	0	1
T	25	http	42	46	1	1	word	0	-	0	1
T	25	a	60	61	1	1	word	0	-	0	1
T	25	user	63	67	1	1	word	0	-	0	1
T	25	name	68	72	1	1	word	0	-	0	1
T	25	tag	73	76	1	1	word	0	-	0	1
T	25	sub	77	80	1	1	word	0	-	0	1
T	25	example	81	88	1	1	word	0	-	0	1
T	25	co	89	91	1	1	word	0	-	0	1
T	25	uk	92	94	1	1	word	0	-	0	1
E	25	107	107	0
T	26	mailto	0	6	1	1	word	0	-	0	1
T	26	someone	7	14	1	1	word	0	-	0	1
T	26	example	15	22	1	1	word	0	-	0	1
T	26	org	23	26	1	1	word	0	-	0	1
T	26	ftp	27	30	1	1	word	0	-	0	1
T	26	files	33	38	1	1	word	0	-	0	1
T	26	example	39	46	1	1	word	0	-	0	1
T	26	net	47	50	1	1	word	0	-	0	1
T	26	pub	51	54	1	1	word	0	-	0	1
T	26	file	55	59	1	1	word	0	-	0	1
T	26	tar	60	63	1	1	word	0	-	0	1
T	26	gz	64	66	1	1	word	0	-	0	1
T	26	example	67	74	1	1	word	0	-	0	1
T	26	com	75	78	1	1	word	0	-	0	1
E	26	79	79	0
T	27	p	1	2	1	1	word	0	-	0	1
T	27	ello	4	8	1	1	word	0	-	0	1
T	27	b	10	11	1	1	word	0	-	0	1
T	27	world	12	17	1	1	word	0	-	0	1
T	27	b	19	20	1	1	word	0	-	0	1
T	27	amp	23	26	1	1	word	0	-	0	1
T	27	friends	28	35	1	1	word	0	-	0	1
T	27	lt	37	39	1	1	word	0	-	0	1
T	27	tag	40	43	1	1	word	0	-	0	1
T	27	gt	44	46	1	1	word	0	-	0	1
T	27	x	57	58	1	1	word	0	-	0	1
T	27	nbsp	65	69	1	1	word	0	-	0	1
T	27	x	70	71	1	1	word	0	-	0	1
T	27	eacute	72	78	1	1	word	0	-	0	1
T	27	p	81	82	1	1	word	0	-	0	1
T	27	a	88	89	1	1	word	0	-	0	1
T	27	comment	90	97	1	1	word	0	-	0	1
T	27	br	102	104	1	1	word	0	-	0	1
E	27	106	106	0
T	28	script	1	7	1	1	word	0	-	0	1
T	28	type	8	12	1	1	word	0	-	0	1
T	28	text	14	18	1	1	word	0	-	0	1
T	28	javascript	19	29	1	1	word	0	-	0	1
T	28	var	31	34	1	1	word	0	-	0	1
T	28	x	35	36	1	1	word	0	-	0	1
T	28	script	47	53	1	1	word	0	-	0	1
T	28	a	55	56	1	1	word	0	-	0	1
T	28	href	57	61	1	1	word	0	-	0	1
T	28	http	63	67	1	1	word	0	-	0	1
T	28	x	70	71	1	1	word	0	-	0	1
T	28	org	72	75	1	1	word	0	-	0	1
T	28	a	78	79	1	1	word	0	-	0	1
T	28	link	80	84	1	1	word	0	-	0	1
T	28	a	86	87	1	1	word	0	-	0	1
T	28	style	90	95	1	1	word	0	-	0	1
T	28	p	96	97	1	1	word	0	-	0	1
T	28	style	101	106	1	1	word	0	-	0	1
T	28	after	107	112	1	1	word	0	-	0	1
E	28	112	112	0
T	29	div	1	4	1	1	word	0	-	0	1
T	29	class	5	10	1	1	word	0	-	0	1
T	29	c	12	13	1	1	word	0	-	0	1
T	29	quot	16	20	1	1	word	0	-	0	1
T	29	quoted	21	27	1	1	word	0	-	0	1
T	29	quot	28	32	1	1	word	0	-	0	1
T	29	apos	35	39	1	1	word	0	-	0	1
T	29	single	40	46	1	1	word	0	-	0	1
T	29	apos	47	51	1	1	word	0	-	0	1
T	29	unknown	54	61	1	1	word	0	-	0	1
T	29	x	65	66	1	1	word	0	-	0	1
T	29	raw	80	83	1	1	word	0	-	0	1
T	29	data	85	89	1	1	word	0	-	0	1
T	29	tail	95	99	1	1	word	0	-	0	1
T	29	div	101	104	1	1	word	0	-	0	1
E	29	105	105	0
T	30	usr	1	4	1	1	word	0	-	0	1
T	30	local	5	10	1	1	word	0	-	0	1
T	30	bin	11	14	1	1	word	0	-	0	1
T	30	lucene	15	21	1	1	word	0	-	0	1
T	30	var	23	26	1	1	word	0	-	0	1
T	30	log	27	30	1	1	word	0	-	0	1
T	30	syslog	32	38	1	1	word	0	-	0	1
T	30	relative	41	49	1	1	word	0	-	0	1
T	30	path	50	54	1	1	word	0	-	0	1
T	30	to	55	57	1	1	word	0	-	0	1
T	30	file	58	62	1	1	word	0	-	0	1
T	30	txt	63	66	1	1	word	0	-	0	1
E	30	66	66	0
T	31	rogram	4	10	1	1	word	0	-	0	1
T	31	iles	12	16	1	1	word	0	-	0	1
T	31	ucene	18	23	1	1	word	0	-	0	1
T	31	index	24	29	1	1	word	0	-	0	1
T	31	a	30	31	1	1	word	0	-	0	1
T	31	b	32	33	1	1	word	0	-	0	1
T	31	c	34	35	1	1	word	0	-	0	1
E	31	35	35	0
T	32	the	0	3	1	1	word	0	-	0	1
T	32	quick	8	13	1	1	word	0	-	0	1
T	32	brown	16	21	1	1	word	0	-	0	1
T	32	fox	26	29	1	1	word	0	-	0	1
T	32	jumps	30	35	1	1	word	0	-	0	1
E	32	37	37	0
T	33	apple	0	5	1	1	word	0	-	0	1
T	33	banana	8	14	1	1	word	0	-	0	1
T	33	cherry	17	23	1	1	word	0	-	0	1
T	33	pear	24	28	1	1	word	0	-	0	1
E	33	31	31	0
T	34	quick	0	5	1	1	word	0	-	0	1
T	34	fox	10	13	1	1	word	0	-	0	1
T	34	dog	18	21	1	1	word	0	-	0	1
E	34	27	27	0
T	35	token	0	5	1	1	word	0	-	0	1
T	35	payload	7	14	1	1	word	0	-	0	1
T	35	one	15	18	1	1	word	0	-	0	1
T	35	two	19	22	1	1	word	0	-	0	1
T	35	three	23	28	1	1	word	0	-	0	1
E	35	28	28	0
T	36	abs	2	5	1	1	word	0	-	0	1
T	36	and	6	9	1	1	word	0	-	0	1
T	36	multiple	12	20	1	1	word	0	-	0	1
T	36	spaces	23	29	1	1	word	0	-	0	1
T	36	and	30	33	1	1	word	0	-	0	1
T	36	here	39	43	1	1	word	0	-	0	1
T	36	and	44	47	1	1	word	0	-	0	1
T	36	ideographic	48	59	1	1	word	0	-	0	1
T	36	space	60	65	1	1	word	0	-	0	1
T	36	and	66	69	1	1	word	0	-	0	1
T	36	line	70	74	1	1	word	0	-	0	1
T	36	sep	75	78	1	1	word	0	-	0	1
T	36	and	79	82	1	1	word	0	-	0	1
T	36	zero	83	87	1	1	word	0	-	0	1
T	36	width	88	93	1	1	word	0	-	0	1
T	36	soft	94	98	1	1	word	0	-	0	1
T	36	hyphen	99	105	1	1	word	0	-	0	1
E	36	105	105	0
T	37	ab	0	2	1	1	word	0	-	0	1
E	37	2	2	0
E	38	1	1	0
T	39	supercalifragilisticexpialidocioussupercalifragilisticexpialidocioussupercalifragilisticexpialidocioussupercalifragilisticexpialidocioussupercalifragilisticexpialidocioussupercalifragilisticexpialidocioussupercalifragilisticexpialidocioussupercalifragilisticexpialidocioussupercalifragilisticexpialidocious	0	306	1	1	word	0	-	0	1
T	39	end	307	310	1	1	word	0	-	0	1
E	39	310	310	0
T	40	x	0	1	1	1	word	0	-	0	1
T	40	y	2	3	1	1	word	0	-	0	1
T	40	z	4	5	1	1	word	0	-	0	1
T	40	xy	6	8	1	1	word	0	-	0	1
T	40	xyz	9	12	1	1	word	0	-	0	1
T	40	a	13	14	1	1	word	0	-	0	1
T	40	b	15	16	1	1	word	0	-	0	1
T	40	c	17	18	1	1	word	0	-	0	1
T	40	a	19	20	1	1	word	0	-	0	1
T	40	b	21	22	1	1	word	0	-	0	1
T	40	c	23	24	1	1	word	0	-	0	1
T	40	a	25	26	1	1	word	0	-	0	1
T	40	b	27	28	1	1	word	0	-	0	1
T	40	c	29	30	1	1	word	0	-	0	1
T	40	a	31	32	1	1	word	0	-	0	1
T	40	b	33	34	1	1	word	0	-	0	1
T	40	c	35	36	1	1	word	0	-	0	1
T	40	a	37	38	1	1	word	0	-	0	1
T	40	b	39	40	1	1	word	0	-	0	1
T	40	c	41	42	1	1	word	0	-	0	1
E	40	42	42	0
T	41	foo	0	3	1	1	word	0	-	0	1
T	41	bar	4	7	1	1	word	0	-	0	1
T	41	baz	8	11	1	1	word	0	-	0	1
T	41	oo	13	15	1	1	word	0	-	0	1
T	41	ar	16	18	1	1	word	0	-	0	1
T	41	az	19	21	1	1	word	0	-	0	1
T	41	bar	25	28	1	1	word	0	-	0	1
T	41	foo	29	32	1	1	word	0	-	0	1
T	41	foo	36	39	1	1	word	0	-	0	1
T	41	bar	40	43	1	1	word	0	-	0	1
T	41	foo	45	48	1	1	word	0	-	0	1
T	41	bar	49	52	1	1	word	0	-	0	1
T	41	ellipsis	57	65	1	1	word	0	-	0	1
T	41	dashes	71	77	1	1	word	0	-	0	1
E	41	79	79	0
T	42	he	1	3	1	1	word	0	-	0	1
T	42	s	8	9	1	1	word	0	-	0	1
T	42	s	14	15	1	1	word	0	-	0	1
T	42	era	16	19	1	1	word	0	-	0	1
T	42	compatible	24	34	1	1	word	0	-	0	1
T	42	s	37	38	1	1	word	0	-	0	1
T	42	ran	39	42	1	1	word	0	-	0	1
T	42	the	56	59	1	1	word	0	-	0	1
T	42	th	61	63	1	1	word	0	-	0	1
T	42	gen	64	67	1	1	word	0	-	0	1
T	42	ore	70	73	1	1	word	0	-	0	1
T	42	i	74	75	1	1	word	0	-	0	1
T	42	z	95	96	1	1	word	0	-	0	1
E	42	96	96	0
T	43	running	0	7	1	1	word	0	-	0	1
T	43	jumping	8	15	1	1	word	0	-	0	1
T	43	happily	16	23	1	1	word	0	-	0	1
T	43	happiness	24	33	1	1	word	0	-	0	1
T	43	conditional	34	45	1	1	word	0	-	0	1
T	43	relational	46	56	1	1	word	0	-	0	1
T	43	sensibility	57	68	1	1	word	0	-	0	1
T	43	agreed	69	75	1	1	word	0	-	0	1
T	43	feed	76	80	1	1	word	0	-	0	1
T	43	bled	81	85	1	1	word	0	-	0	1
T	43	sing	86	90	1	1	word	0	-	0	1
E	43	90	90	0
T	44	leading	2	9	1	1	word	0	-	0	1
T	44	and	10	13	1	1	word	0	-	0	1
T	44	trailing	14	22	1	1	word	0	-	0	1
T	44	spaces	23	29	1	1	word	0	-	0	1
E	44	32	32	0
E	45	0	0	0
E	46	86	86	0
T	47	mart	2	6	1	1	word	0	-	0	1
T	47	quotes	7	13	1	1	word	0	-	0	1
T	47	single	16	22	1	1	word	0	-	0	1
T	47	guillemets	25	35	1	1	word	0	-	0	1
T	47	single	38	44	1	1	word	0	-	0	1
T	47	low	47	50	1	1	word	0	-	0	1
E	47	84	84	0
T	48	abilities	0	9	1	1	word	0	-	0	1
T	48	agreed	10	16	1	1	word	0	-	0	1
T	48	activism	17	25	1	1	word	0	-	0	1
T	48	capable	26	33	1	1	word	0	-	0	1
T	48	cried	34	39	1	1	word	0	-	0	1
T	48	dependence	40	50	1	1	word	0	-	0	1
T	48	emergency	51	60	1	1	word	0	-	0	1
T	48	fabricate	61	70	1	1	word	0	-	0	1
T	48	frequency	71	80	1	1	word	0	-	0	1
T	48	generalization	81	95	1	1	word	0	-	0	1
T	48	government	96	106	1	1	word	0	-	0	1
T	48	happiness	107	116	1	1	word	0	-	0	1
T	48	hesitancy	117	126	1	1	word	0	-	0	1
T	48	hoped	127	132	1	1	word	0	-	0	1
T	48	hopping	133	140	1	1	word	0	-	0	1
T	48	horrible	141	149	1	1	word	0	-	0	1
T	48	ironic	150	156	1	1	word	0	-	0	1
T	48	jumped	157	163	1	1	word	0	-	0	1
T	48	nationalize	164	175	1	1	word	0	-	0	1
T	48	organization	176	188	1	1	word	0	-	0	1
T	48	ponies	189	195	1	1	word	0	-	0	1
T	48	rationality	196	207	1	1	word	0	-	0	1
T	48	realize	208	215	1	1	word	0	-	0	1
T	48	relational	216	226	1	1	word	0	-	0	1
T	48	sensitivity	227	238	1	1	word	0	-	0	1
T	48	stopped	239	246	1	1	word	0	-	0	1
T	48	traditionally	247	260	1	1	word	0	-	0	1
T	48	walking	261	268	1	1	word	0	-	0	1
T	48	dried	269	274	1	1	word	0	-	0	1
T	48	studies	275	282	1	1	word	0	-	0	1
T	48	classes	283	290	1	1	word	0	-	0	1
T	48	buses	291	296	1	1	word	0	-	0	1
T	48	heroes	297	303	1	1	word	0	-	0	1
T	48	axes	304	308	1	1	word	0	-	0	1
E	48	308	308	0
