T	0	The	0	3	1	1	<ALPHANUM>	0	-	0	1
T	0	quick	4	9	1	1	<ALPHANUM>	0	-	0	1
T	0	brown	10	15	1	1	<ALPHANUM>	0	-	0	1
T	0	fox	16	19	1	1	<ALPHANUM>	0	-	0	1
T	0	jumps	20	25	1	1	<ALPHANUM>	0	-	0	1
T	0	over	26	30	1	1	<ALPHANUM>	0	-	0	1
T	0	the	31	34	1	1	<ALPHANUM>	0	-	0	1
T	0	lazy	35	39	1	1	<ALPHANUM>	0	-	0	1
T	0	dog	40	43	1	1	<ALPHANUM>	0	-	0	1
E	0	44	44	0
T	1	the	0	3	1	1	<ALPHANUM>	0	-	0	1
T	1	the	4	7	1	1	<ALPHANUM>	0	-	0	1
T	1	The	8	11	1	1	<ALPHANUM>	0	-	0	1
T	1	quick	12	17	1	1	<ALPHANUM>	0	-	0	1
T	1	quick	18	23	1	1	<ALPHANUM>	0	-	0	1
T	1	brown	24	29	1	1	<ALPHANUM>	0	-	0	1
T	1	BROWN	30	35	1	1	<ALPHANUM>	0	-	0	1
T	1	fox	36	39	1	1	<ALPHANUM>	0	-	0	1
E	1	39	39	0
T	2	Running	0	7	1	1	<ALPHANUM>	0	-	0	1
T	2	runs	8	12	1	1	<ALPHANUM>	0	-	0	1
T	2	ran	13	16	1	1	<ALPHANUM>	0	-	0	1
T	2	easily	17	23	1	1	<ALPHANUM>	0	-	0	1
T	2	the	25	28	1	1	<ALPHANUM>	0	-	0	1
T	2	ponies	29	35	1	1	<ALPHANUM>	0	-	0	1
T	2	caresses	37	45	1	1	<ALPHANUM>	0	-	0	1
T	2	were	46	50	1	1	<ALPHANUM>	0	-	0	1
T	2	relational	51	61	1	1	<ALPHANUM>	0	-	0	1
T	2	conditional	63	74	1	1	<ALPHANUM>	0	-	0	1
T	2	and	75	78	1	1	<ALPHANUM>	0	-	0	1
T	2	generalizations	79	94	1	1	<ALPHANUM>	0	-	0	1
T	2	of	95	97	1	1	<ALPHANUM>	0	-	0	1
T	2	happiness	98	107	1	1	<ALPHANUM>	0	-	0	1
E	2	108	108	0
T	3	O'Neil's	0	8	1	1	<ALPHANUM>	0	-	0	1
T	3	friend's	9	17	1	1	<ALPHANUM>	0	-	0	1
T	3	dogs	18	22	1	1	<ALPHANUM>	0	-	0	1
T	3	toys	24	28	1	1	<ALPHANUM>	0	-	0	1
T	3	John's	32	38	1	1	<ALPHANUM>	0	-	0	1
T	3	and	39	42	1	1	<ALPHANUM>	0	-	0	1
T	3	JAMES'S	43	50	1	1	<ALPHANUM>	0	-	0	1
T	3	books	51	56	1	1	<ALPHANUM>	0	-	0	1
T	3	aren't	57	63	1	1	<ALPHANUM>	0	-	0	1
T	3	theirs	64	70	1	1	<ALPHANUM>	0	-	0	1
E	3	71	71	0
T	4	Wi	0	2	1	1	<ALPHANUM>	0	-	0	1
T	4	Fi	3	5	1	1	<ALPHANUM>	0	-	0	1
T	4	PowerShot500	6	18	1	1	<ALPHANUM>	0	-	0	1
T	4	SD	19	21	1	1	<ALPHANUM>	0	-	0	1
T	4	foo_bar	26	33	2	1	<ALPHANUM>	0	-	0	1
T	4	42nd	34	38	1	1	<ALPHANUM>	0	-	0	1
T	4	1st	39	42	1	1	<ALPHANUM>	0	-	0	1
T	4	place	43	48	1	1	<ALPHANUM>	0	-	0	1
T	4	AT	49	51	1	1	<ALPHANUM>	0	-	0	1
T	4	T	52	53	1	1	<ALPHANUM>	0	-	0	1
T	4	e	54	55	1	1	<ALPHANUM>	0	-	0	1
T	4	mail	56	60	1	1	<ALPHANUM>	0	-	0	1
T	4	j2se	61	65	1	1	<ALPHANUM>	0	-	0	1
T	4	iPhone	66	72	1	1	<ALPHANUM>	0	-	0	1
T	4	XMLHttpRequest	73	87	1	1	<ALPHANUM>	0	-	0	1
T	4	ABCdef	88	94	1	1	<ALPHANUM>	0	-	0	1
E	4	94	94	0
T	5	U.S.A	0	5	1	1	<ALPHANUM>	0	-	0	1
T	5	I.B.M	7	12	1	1	<ALPHANUM>	0	-	0	1
T	5	e.g	14	17	1	1	<ALPHANUM>	0	-	0	1
T	5	Dr	19	21	1	1	<ALPHANUM>	0	-	0	1
T	5	Smith's	23	30	1	1	<ALPHANUM>	0	-	0	1
T	5	0x1F	46	50	3	1	<ALPHANUM>	0	-	0	1
T	5	1.5e10	75	81	8	1	<ALPHANUM>	0	-	0	1
E	5	81	81	0
T	6	Crème	0	5	1	1	<ALPHANUM>	0	-	0	1
T	6	brûlée	6	12	1	1	<ALPHANUM>	0	-	0	1
T	6	à	13	14	1	1	<ALPHANUM>	0	-	0	1
T	6	la	15	17	1	1	<ALPHANUM>	0	-	0	1
T	6	café	18	22	1	1	<ALPHANUM>	0	-	0	1
T	6	naïve	25	30	1	1	<ALPHANUM>	0	-	0	1
T	6	façade	31	37	1	1	<ALPHANUM>	0	-	0	1
T	6	Ærøskøbing	39	49	1	1	<ALPHANUM>	0	-	0	1
T	6	Straße	51	57	1	1	<ALPHANUM>	0	-	0	1
T	6	Ĳsselmeer	59	68	1	1	<ALPHANUM>	0	-	0	1
T	6	ﬁnancial	70	78	1	1	<ALPHANUM>	0	-	0	1
T	6	ﬂow	79	82	1	1	<ALPHANUM>	0	-	0	1
T	6	Œuvre	84	89	1	1	<ALPHANUM>	0	-	0	1
T	6	Ångström	91	99	1	1	<ALPHANUM>	0	-	0	1
E	6	99	99	0
T	7	l'avion	0	7	1	1	<ALPHANUM>	0	-	0	1
T	7	d'Air	8	13	1	1	<ALPHANUM>	0	-	0	1
T	7	France	14	20	1	1	<ALPHANUM>	0	-	0	1
T	7	qu'il	21	26	1	1	<ALPHANUM>	0	-	0	1
T	7	a	27	28	1	1	<ALPHANUM>	0	-	0	1
T	7	pris	29	33	1	1	<ALPHANUM>	0	-	0	1
T	7	jusqu'à	34	41	1	1	<ALPHANUM>	0	-	0	1
T	7	l'aéroport	42	52	1	1	<ALPHANUM>	0	-	0	1
T	7	n'était	53	60	1	1	<ALPHANUM>	0	-	0	1
T	7	pas	61	64	1	1	<ALPHANUM>	0	-	0	1
T	7	L'Hôtel	65	72	1	1	<ALPHANUM>	0	-	0	1
E	7	72	72	0
T	8	Die	0	3	1	1	<ALPHANUM>	0	-	0	1
T	8	Bundesrepublik	4	18	1	1	<ALPHANUM>	0	-	0	1
T	8	Deutschland	19	30	1	1	<ALPHANUM>	0	-	0	1
T	8	ist	31	34	1	1	<ALPHANUM>	0	-	0	1
T	8	ein	35	38	1	1	<ALPHANUM>	0	-	0	1
T	8	Bundesstaat	39	50	1	1	<ALPHANUM>	0	-	0	1
T	8	in	51	53	1	1	<ALPHANUM>	0	-	0	1
T	8	Mitteleuropa	54	66	1	1	<ALPHANUM>	0	-	0	1
T	8	Fußgängerübergänge	68	86	1	1	<ALPHANUM>	0	-	0	1
T	8	sind	87	91	1	1	<ALPHANUM>	0	-	0	1
T	8	häufig	92	98	1	1	<ALPHANUM>	0	-	0	1
E	8	99	99	0
T	9	El	0	2	1	1	<ALPHANUM>	0	-	0	1
T	9	niño	3	7	1	1	<ALPHANUM>	0	-	0	1
T	9	comió	8	13	1	1	<ALPHANUM>	0	-	0	1
T	9	pequeñas	14	22	1	1	<ALPHANUM>	0	-	0	1
T	9	manzanas	23	31	1	1	<ALPHANUM>	0	-	0	1
T	9	Dónde	34	39	1	1	<ALPHANUM>	0	-	0	1
T	9	está	40	44	1	1	<ALPHANUM>	0	-	0	1
T	9	la	45	47	1	1	<ALPHANUM>	0	-	0	1
T	9	estación	48	56	1	1	<ALPHANUM>	0	-	0	1
T	9	Qué	59	62	1	1	<ALPHANUM>	0	-	0	1
T	9	día	63	66	1	1	<ALPHANUM>	0	-	0	1
E	9	67	67	0
T	10	Съешь	0	5	1	1	<ALPHANUM>	0	-	0	1
T	10	же	6	8	1	1	<ALPHANUM>	0	-	0	1
T	10	ещё	9	12	1	1	<ALPHANUM>	0	-	0	1
T	10	этих	13	17	1	1	<ALPHANUM>	0	-	0	1
T	10	мягких	18	24	1	1	<ALPHANUM>	0	-	0	1
T	10	французских	25	36	1	1	<ALPHANUM>	0	-	0	1
T	10	булок	37	42	1	1	<ALPHANUM>	0	-	0	1
T	10	да	44	46	1	1	<ALPHANUM>	0	-	0	1
T	10	выпей	47	52	1	1	<ALPHANUM>	0	-	0	1
T	10	чаю	53	56	1	1	<ALPHANUM>	0	-	0	1
T	10	ЁЛКА	58	62	1	1	<ALPHANUM>	0	-	0	1
T	10	ёлка	63	67	1	1	<ALPHANUM>	0	-	0	1
E	10	67	67	0
T	11	Η	0	1	1	1	<ALPHANUM>	0	-	0	1
T	11	γρήγορη	2	9	1	1	<ALPHANUM>	0	-	0	1
T	11	καφέ	10	14	1	1	<ALPHANUM>	0	-	0	1
T	11	αλεπού	15	21	1	1	<ALPHANUM>	0	-	0	1
T	11	πηδάει	22	28	1	1	<ALPHANUM>	0	-	0	1
T	11	πάνω	29	33	1	1	<ALPHANUM>	0	-	0	1
T	11	από	34	37	1	1	<ALPHANUM>	0	-	0	1
T	11	τον	38	41	1	1	<ALPHANUM>	0	-	0	1
T	11	τεμπέλη	42	49	1	1	<ALPHANUM>	0	-	0	1
T	11	σκύλο	50	55	1	1	<ALPHANUM>	0	-	0	1
T	11	ΟΔΟΣ	57	61	1	1	<ALPHANUM>	0	-	0	1
T	11	Σίσυφος	62	69	1	1	<ALPHANUM>	0	-	0	1
E	11	69	69	0
T	12	Türkçe	0	6	1	1	<ALPHANUM>	0	-	0	1
T	12	İstanbul	7	15	1	1	<ALPHANUM>	0	-	0	1
T	12	ılık	16	20	1	1	<ALPHANUM>	0	-	0	1
T	12	ISPARTA	21	28	1	1	<ALPHANUM>	0	-	0	1
T	12	Ünlü	30	34	1	1	<ALPHANUM>	0	-	0	1
T	12	şarkıcı	35	42	1	1	<ALPHANUM>	0	-	0	1
T	12	Çağrı	43	48	1	1	<ALPHANUM>	0	-	0	1
E	12	48	48	0
T	13	Svenska	0	7	1	1	<ALPHANUM>	0	-	0	1
T	13	åka	9	12	1	1	<ALPHANUM>	0	-	0	1
T	13	på	13	15	1	1	<ALPHANUM>	0	-	0	1
T	13	sjön	16	20	1	1	<ALPHANUM>	0	-	0	1
T	13	Norsk	22	27	1	1	<ALPHANUM>	0	-	0	1
T	13	blåbærsyltetøy	29	43	1	1	<ALPHANUM>	0	-	0	1
T	13	Dansk	45	50	1	1	<ALPHANUM>	0	-	0	1
T	13	rødgrød	52	59	1	1	<ALPHANUM>	0	-	0	1
T	13	med	60	63	1	1	<ALPHANUM>	0	-	0	1
T	13	fløde	64	69	1	1	<ALPHANUM>	0	-	0	1
T	13	Íslenska	71	79	1	1	<ALPHANUM>	0	-	0	1
T	13	þú	81	83	1	1	<ALPHANUM>	0	-	0	1
T	13	ðú	84	86	1	1	<ALPHANUM>	0	-	0	1
E	13	86	86	0
T	14	العربية	0	7	1	1	<ALPHANUM>	0	-	0	1
T	14	لغة	8	11	1	1	<ALPHANUM>	0	-	0	1
T	14	جميلة	12	17	1	1	<ALPHANUM>	0	-	0	1
T	14	والكتابُ	19	27	1	1	<ALPHANUM>	0	-	0	1
T	14	مفيدٌ	28	33	1	1	<ALPHANUM>	0	-	0	1
E	14	44	44	1
T	15	עברית	0	5	1	1	<ALPHANUM>	0	-	0	1
T	15	היא	6	9	1	1	<ALPHANUM>	0	-	0	1
T	15	שפה	10	13	1	1	<ALPHANUM>	0	-	0	1
T	15	שמית	14	18	1	1	<ALPHANUM>	0	-	0	1
T	15	ספר	20	23	1	1	<ALPHANUM>	0	-	0	1
T	15	תורה	25	29	1	1	<ALPHANUM>	0	-	0	1
E	15	30	30	0
T	16	فارسی	0	5	1	1	<ALPHANUM>	0	-	0	1
T	16	زبان	6	10	1	1	<ALPHANUM>	0	-	0	1
T	16	زیبایی	11	17	1	1	<ALPHANUM>	0	-	0	1
T	16	است	18	21	1	1	<ALPHANUM>	0	-	0	1
T	16	و	22	23	1	1	<ALPHANUM>	0	-	0	1
T	16	می‌خواهم	24	32	1	1	<ALPHANUM>	0	-	0	1
T	16	کتاب‌ها	33	40	1	1	<ALPHANUM>	0	-	0	1
T	16	را	41	43	1	1	<ALPHANUM>	0	-	0	1
T	16	بخوانم	44	50	1	1	<ALPHANUM>	0	-	0	1
E	16	54	54	1
T	17	हिन्दी	0	6	1	1	<ALPHANUM>	0	-	0	1
T	17	भाषा	7	11	1	1	<ALPHANUM>	0	-	0	1
T	17	बहुत	12	16	1	1	<ALPHANUM>	0	-	0	1
T	17	सुंदर	17	22	1	1	<ALPHANUM>	0	-	0	1
T	17	है	23	25	1	1	<ALPHANUM>	0	-	0	1
T	17	संख्या	27	33	1	1	<ALPHANUM>	0	-	0	1
E	17	37	37	1
T	18	বাংলা	0	5	1	1	<ALPHANUM>	0	-	0	1
T	18	ভাষা	6	10	1	1	<ALPHANUM>	0	-	0	1
T	18	সুন্দর	11	17	1	1	<ALPHANUM>	0	-	0	1
E	18	21	21	1
T	19	ภาษาไทยไม่มีช่องว่างระหว่างคำ	0	29	1	1	<SOUTHEAST_ASIAN>	0	-	0	1
T	19	แต่มีช่องว่างระหว่างประโยค	30	56	1	1	<SOUTHEAST_ASIAN>	0	-	0	1
E	19	60	60	1
T	20	中	0	1	1	1	<IDEOGRAPHIC>	0	-	0	1
T	20	华	1	2	1	1	<IDEOGRAPHIC>	0	-	0	1
T	20	人	2	3	1	1	<IDEOGRAPHIC>	0	-	0	1
T	20	民	3	4	1	1	<IDEOGRAPHIC>	0	-	0	1
T	20	共	4	5	1	1	<IDEOGRAPHIC>	0	-	0	1
T	20	和	5	6	1	1	<IDEOGRAPHIC>	0	-	0	1
T	20	国	6	7	1	1	<IDEOGRAPHIC>	0	-	0	1
T	20	成	7	8	1	1	<IDEOGRAPHIC>	0	-	0	1
T	20	立	8	9	1	1	<IDEOGRAPHIC>	0	-	0	1
T	20	于	9	10	1	1	<IDEOGRAPHIC>	0	-	0	1
T	20	年	14	15	2	1	<IDEOGRAPHIC>	0	-	0	1
T	20	我	16	17	1	1	<IDEOGRAPHIC>	0	-	0	1
T	20	爱	17	18	1	1	<IDEOGRAPHIC>	0	-	0	1
T	20	北	18	19	1	1	<IDEOGRAPHIC>	0	-	0	1
T	20	京	19	20	1	1	<IDEOGRAPHIC>	0	-	0	1
T	20	天	20	21	1	1	<IDEOGRAPHIC>	0	-	0	1
T	20	安	21	22	1	1	<IDEOGRAPHIC>	0	-	0	1
T	20	门	22	23	1	1	<IDEOGRAPHIC>	0	-	0	1
E	20	24	24	0
T	21	日	0	1	1	1	<IDEOGRAPHIC>	0	-	0	1
T	21	本	1	2	1	1	<IDEOGRAPHIC>	0	-	0	1
T	21	語	2	3	1	1	<IDEOGRAPHIC>	0	-	0	1
T	21	の	3	4	1	1	<HIRAGANA>	0	-	0	1
T	21	テキスト	4	8	1	1	<KATAKANA>	0	-	0	1
T	21	と	8	9	1	1	<HIRAGANA>	0	-	0	1
T	21	カタカナ	9	13	1	1	<KATAKANA>	0	-	0	1
T	21	と	13	14	1	1	<HIRAGANA>	0	-	0	1
T	21	ｶﾀｶﾅ	14	18	1	1	<KATAKANA>	0	-	0	1
T	21	と	18	19	1	1	<HIRAGANA>	0	-	0	1
T	21	ひ	19	20	1	1	<HIRAGANA>	0	-	0	1
T	21	ら	20	21	1	1	<HIRAGANA>	0	-	0	1
T	21	が	21	22	1	1	<HIRAGANA>	0	-	0	1
T	21	な	22	23	1	1	<HIRAGANA>	0	-	0	1
T	21	ＡＢＣ１２３	24	30	1	1	<ALPHANUM>	0	-	0	1
T	21	と	30	31	1	1	<HIRAGANA>	0	-	0	1
T	21	全	31	32	1	1	<IDEOGRAPHIC>	0	-	0	1
T	21	角	32	33	1	1	<IDEOGRAPHIC>	0	-	0	1
E	21	33	33	0
T	22	한국어	0	3	1	1	<HANGUL>	0	-	0	1
T	22	텍스트입니다	4	10	1	1	<HANGUL>	0	-	0	1
T	22	서울특별시	11	16	1	1	<HANGUL>	0	-	0	1
T	22	ＫＯＲＥＡ	17	22	1	1	<ALPHANUM>	0	-	0	1
E	22	22	22	0
T	23	Emoji	0	5	1	1	<ALPHANUM>	0	-	0	1
T	23	👍	7	9	1	1	<EMOJI>	0	-	0	1
T	23	🇺🇸	10	14	1	1	<EMOJI>	0	-	0	1
T	23	👨‍👩‍👧	15	23	1	1	<EMOJI>	0	-	0	1
T	23	✌🏽	24	27	1	1	<EMOJI>	0	-	0	1
T	23	😀	28	30	1	1	<EMOJI>	0	-	0	1
T	23	😀	30	32	1	1	<EMOJI>	0	-	0	1
T	23	❤️	33	35	1	1	<EMOJI>	0	-	0	1
T	23	1️⃣	36	39	1	1	<EMOJI>	0	-	0	1
T	23	and	40	43	1	1	<ALPHANUM>	0	-	0	1
T	23	𝐀𝐁𝐂	44	50	1	1	<ALPHANUM>	0	-	0	1
T	23	math	51	55	1	1	<ALPHANUM>	0	-	0	1
T	23	plus	56	60	1	1	<ALPHANUM>	0	-	0	1
T	23	𠀀	61	63	1	1	<IDEOGRAPHIC>	0	-	0	1
T	23	𠀁	63	65	1	1	<IDEOGRAPHIC>	0	-	0	1
T	23	rare	66	70	1	1	<ALPHANUM>	0	-	0	1
T	23	ideographs	71	81	1	1	<ALPHANUM>	0	-	0	1
E	23	81	81	0
T	24	Visit	0	5	1	1	<ALPHANUM>	0	-	0	1
T	24	https	6	11	1	1	<ALPHANUM>	0	-	0	1
T	24	lucene.apache.org	14	31	1	1	<ALPHANUM>	0	-	0	1
T	24	core	32	36	1	1	<ALPHANUM>	0	-	0	1
T	24	or	38	40	1	1	<ALPHANUM>	0	-	0	1
T	24	mail	41	45	1	1	<ALPHANUM>	0	-	0	1
T	24	dev	46	49	1	1	<ALPHANUM>	0	-	0	1
T	24	lucene.apache.org	50	67	1	1	<ALPHANUM>	0	-	0	1
T	24	today	68	73	1	1	<ALPHANUM>	0	-	0	1
E	24	74	74	0
T	25	See	0	3	1	1	<ALPHANUM>	0	-	0	1
T	25	www.example.com	4	19	1	1	<ALPHANUM>	0	-	0	1
T	25	path	20	24	1	1	<ALPHANUM>	0	-	0	1
T	25	q	25	26	1	1	<ALPHANUM>	0	-	0	1
T	25	x	29	30	2	1	<ALPHANUM>	0	-	0	1
T	25	y	31	32	1	1	<ALPHANUM>	0	-	0	1
T	25	frag	33	37	1	1	<ALPHANUM>	0	-	0	1
T	25	and	38	41	1	1	<ALPHANUM>	0	-	0	1
T	25	http	42	46	1	1	<ALPHANUM>	0	-	0	1
T	25	a	60	61	3	1	<ALPHANUM>	0	-	0	1
T	25	user.name	63	72	1	1	<ALPHANUM>	0	-	0	1
T	25	tag	73	76	1	1	<ALPHANUM>	0	-	0	1
T	25	sub.example.co.uk	77	94	1	1	<ALPHANUM>	0	-	0	1
E	25	107	107	1
T	26	mailto:someone	0	14	1	1	<ALPHANUM>	0	-	0	1
T	26	example.org	15	26	1	1	<ALPHANUM>	0	-	0	1
T	26	ftp	27	30	1	1	<ALPHANUM>	0	-	0	1
T	26	files.example.net	33	50	1	1	<ALPHANUM>	0	-	0	1
T	26	pub	51	54	1	1	<ALPHANUM>	0	-	0	1
T	26	file.tar.gz	55	66	1	1	<ALPHANUM>	0	-	0	1
T	26	example.com	67	78	1	1	<ALPHANUM>	0	-	0	1
E	26	79	79	0
T	27	p	1	2	1	1	<ALPHANUM>	0	-	0	1
T	27	Hello	3	8	1	1	<ALPHANUM>	0	-	0	1
T	27	b	10	11	1	1	<ALPHANUM>	0	-	0	1
T	27	world	12	17	1	1	<ALPHANUM>	0	-	0	1
T	27	b	19	20	1	1	<ALPHANUM>	0	-	0	1
T	27	amp	23	26	1	1	<ALPHANUM>	0	-	0	1
T	27	friends	28	35	1	1	<ALPHANUM>	0	-	0	1
T	27	lt	37	39	1	1	<ALPHANUM>	0	-	0	1
T	27	tag	40	43	1	1	<ALPHANUM>	0	-	0	1
T	27	gt	44	46	1	1	<ALPHANUM>	0	-	0	1
T	27	x263A	57	62	2	1	<ALPHANUM>	0	-	0	1
T	27	nbsp	65	69	1	1	<ALPHANUM>	0	-	0	1
T	27	x	70	71	1	1	<ALPHANUM>	0	-	0	1
T	27	eacute	72	78	1	1	<ALPHANUM>	0	-	0	1
T	27	p	81	82	1	1	<ALPHANUM>	0	-	0	1
T	27	a	88	89	1	1	<ALPHANUM>	0	-	0	1
T	27	comment	90	97	1	1	<ALPHANUM>	0	-	0	1
T	27	br	102	104	1	1	<ALPHANUM>	0	-	0	1
E	27	106	106	0
T	28	script	1	7	1	1	<ALPHANUM>	0	-	0	1
T	28	type	8	12	1	1	<ALPHANUM>	0	-	0	1
T	28	text	14	18	1	1	<ALPHANUM>	0	-	0	1
T	28	javascript	19	29	1	1	<ALPHANUM>	0	-	0	1
T	28	var	31	34	1	1	<ALPHANUM>	0	-	0	1
T	28	x	35	36	1	1	<ALPHANUM>	0	-	0	1
T	28	script	47	53	3	1	<ALPHANUM>	0	-	0	1
T	28	a	55	56	1	1	<ALPHANUM>	0	-	0	1
T	28	href	57	61	1	1	<ALPHANUM>	0	-	0	1
T	28	http	63	67	1	1	<ALPHANUM>	0	-	0	1
T	28	x.org	70	75	1	1	<ALPHANUM>	0	-	0	1
T	28	a	78	79	1	1	<ALPHANUM>	0	-	0	1
T	28	link	80	84	1	1	<ALPHANUM>	0	-	0	1
T	28	a	86	87	1	1	<ALPHANUM>	0	-	0	1
T	28	style	90	95	1	1	<ALPHANUM>	0	-	0	1
T	28	p	96	97	1	1	<ALPHANUM>	0	-	0	1
T	28	style	101	106	1	1	<ALPHANUM>	0	-	0	1
T	28	after	107	112	1	1	<ALPHANUM>	0	-	0	1
E	28	112	112	0
T	29	div	1	4	1	1	<ALPHANUM>	0	-	0	1
T	29	class	5	10	1	1	<ALPHANUM>	0	-	0	1
T	29	c	12	13	1	1	<ALPHANUM>	0	-	0	1
T	29	quot	16	20	1	1	<ALPHANUM>	0	-	0	1
T	29	quoted	21	27	1	1	<ALPHANUM>	0	-	0	1
T	29	quot	28	32	1	1	<ALPHANUM>	0	-	0	1
T	29	apos	35	39	1	1	<ALPHANUM>	0	-	0	1
T	29	single	40	46	1	1	<ALPHANUM>	0	-	0	1
T	29	apos	47	51	1	1	<ALPHANUM>	0	-	0	1
T	29	unknown	54	61	1	1	<ALPHANUM>	0	-	0	1
T	29	xZZ	65	68	1	1	<ALPHANUM>	0	-	0	1
T	29	CDATA	73	78	1	1	<ALPHANUM>	0	-	0	1
T	29	raw	80	83	1	1	<ALPHANUM>	0	-	0	1
T	29	data	85	89	1	1	<ALPHANUM>	0	-	0	1
T	29	tail	95	99	1	1	<ALPHANUM>	0	-	0	1
T	29	div	101	104	1	1	<ALPHANUM>	0	-	0	1
E	29	105	105	0
T	30	usr	1	4	1	1	<ALPHANUM>	0	-	0	1
T	30	local	5	10	1	1	<ALPHANUM>	0	-	0	1
T	30	bin	11	14	1	1	<ALPHANUM>	0	-	0	1
T	30	lucene	15	21	1	1	<ALPHANUM>	0	-	0	1
T	30	var	23	26	1	1	<ALPHANUM>	0	-	0	1
T	30	log	27	30	1	1	<ALPHANUM>	0	-	0	1
T	30	syslog	32	38	1	1	<ALPHANUM>	0	-	0	1
T	30	relative	41	49	2	1	<ALPHANUM>	0	-	0	1
T	30	path	50	54	1	1	<ALPHANUM>	0	-	0	1
T	30	to	55	57	1	1	<ALPHANUM>	0	-	0	1
T	30	file.txt	58	66	1	1	<ALPHANUM>	0	-	0	1
E	30	66	66	0
T	31	C	0	1	1	1	<ALPHANUM>	0	-	0	1
T	31	Program	3	10	1	1	<ALPHANUM>	0	-	0	1
T	31	Files	11	16	1	1	<ALPHANUM>	0	-	0	1
T	31	Lucene	17	23	1	1	<ALPHANUM>	0	-	0	1
T	31	index	24	29	1	1	<ALPHANUM>	0	-	0	1
T	31	a	30	31	1	1	<ALPHANUM>	0	-	0	1
T	31	b	32	33	1	1	<ALPHANUM>	0	-	0	1
T	31	c	34	35	1	1	<ALPHANUM>	0	-	0	1
E	31	35	35	0
T	32	the	0	3	1	1	<ALPHANUM>	0	-	0	1
T	32	quick	8	13	2	1	<ALPHANUM>	0	-	0	1
T	32	brown	16	21	2	1	<ALPHANUM>	0	-	0	1
T	32	fox	26	29	2	1	<ALPHANUM>	0	-	0	1
T	32	jumps	30	35	1	1	<ALPHANUM>	0	-	0	1
E	32	37	37	1
T	33	apple	0	5	1	1	<ALPHANUM>	0	-	0	1
T	33	banana	8	14	2	1	<ALPHANUM>	0	-	0	1
T	33	cherry	17	23	2	1	<ALPHANUM>	0	-	0	1
T	33	pear	24	28	1	1	<ALPHANUM>	0	-	0	1
E	33	31	31	1
T	34	quick	0	5	1	1	<ALPHANUM>	0	-	0	1
T	34	fox	10	13	2	1	<ALPHANUM>	0	-	0	1
T	34	dog	18	21	2	1	<ALPHANUM>	0	-	0	1
E	34	27	27	1
T	35	token1	0	6	1	1	<ALPHANUM>	0	-	0	1
T	35	payload	7	14	1	1	<ALPHANUM>	0	-	0	1
T	35	one	15	18	1	1	<ALPHANUM>	0	-	0	1
T	35	two	19	22	1	1	<ALPHANUM>	0	-	0	1
T	35	three	23	28	1	1	<ALPHANUM>	0	-	0	1
E	35	28	28	0
T	36	Tabs	1	5	1	1	<ALPHANUM>	0	-	0	1
T	36	and	6	9	1	1	<ALPHANUM>	0	-	0	1
T	36	multiple	12	20	1	1	<ALPHANUM>	0	-	0	1
T	36	spaces	23	29	1	1	<ALPHANUM>	0	-	0	1
T	36	and	30	33	1	1	<ALPHANUM>	0	-	0	1
T	36	NBSP	34	38	1	1	<ALPHANUM>	0	-	0	1
T	36	here	39	43	1	1	<ALPHANUM>	0	-	0	1
T	36	and	44	47	1	1	<ALPHANUM>	0	-	0	1
T	36	ideographic	48	59	1	1	<ALPHANUM>	0	-	0	1
T	36	space	60	65	1	1	<ALPHANUM>	0	-	0	1
T	36	and	66	69	1	1	<ALPHANUM>	0	-	0	1
T	36	line	70	74	1	1	<ALPHANUM>	0	-	0	1
T	36	sep	75	78	1	1	<ALPHANUM>	0	-	0	1
T	36	and	79	82	1	1	<ALPHANUM>	0	-	0	1
T	36	zero	83	87	1	1	<ALPHANUM>	0	-	0	1
T	36	width	88	93	1	1	<ALPHANUM>	0	-	0	1
T	36	soft­hyphen	94	105	1	1	<ALPHANUM>	0	-	0	1
E	36	105	105	0
T	37	ab	0	2	1	1	<ALPHANUM>	0	-	0	1
E	37	2	2	0
T	38	A	0	1	1	1	<ALPHANUM>	0	-	0	1
E	38	1	1	0
T	39	supercalifragilisticexpialidocioussupercalifragilisticexpialidocioussupercalifragilisticexpialidocioussupercalifragilisticexpialidocioussupercalifragilisticexpialidocioussupercalifragilisticexpialidocioussupercalifragilisticexpialidocioussupercalifragilis	0	255	1	1	<ALPHANUM>	0	-	0	1
T	39	ticexpialidocioussupercalifragilisticexpialidocious	255	306	1	1	<ALPHANUM>	0	-	0	1
T	39	end	307	310	1	1	<ALPHANUM>	0	-	0	1
E	39	310	310	0
T	40	x	0	1	1	1	<ALPHANUM>	0	-	0	1
T	40	y	2	3	1	1	<ALPHANUM>	0	-	0	1
T	40	z	4	5	1	1	<ALPHANUM>	0	-	0	1
T	40	xy	6	8	1	1	<ALPHANUM>	0	-	0	1
T	40	xyz	9	12	1	1	<ALPHANUM>	0	-	0	1
T	40	a	13	14	1	1	<ALPHANUM>	0	-	0	1
T	40	b	15	16	1	1	<ALPHANUM>	0	-	0	1
T	40	c	17	18	1	1	<ALPHANUM>	0	-	0	1
T	40	a.b.c	19	24	1	1	<ALPHANUM>	0	-	0	1
T	40	a_b_c	25	30	1	1	<ALPHANUM>	0	-	0	1
T	40	a	31	32	1	1	<ALPHANUM>	0	-	0	1
T	40	b	33	34	1	1	<ALPHANUM>	0	-	0	1
T	40	c	35	36	1	1	<ALPHANUM>	0	-	0	1
T	40	a:b:c	37	42	1	1	<ALPHANUM>	0	-	0	1
E	40	42	42	0
T	41	foo	0	3	1	1	<ALPHANUM>	0	-	0	1
T	41	bar	4	7	1	1	<ALPHANUM>	0	-	0	1
T	41	baz	8	11	1	1	<ALPHANUM>	0	-	0	1
T	41	FooBarBaz	12	21	1	1	<ALPHANUM>	0	-	0	1
T	41	FOObar	22	28	1	1	<ALPHANUM>	0	-	0	1
T	41	fooBAR	29	35	1	1	<ALPHANUM>	0	-	0	1
T	41	foo2bar	36	43	1	1	<ALPHANUM>	0	-	0	1
T	41	2foo	44	48	1	1	<ALPHANUM>	0	-	0	1
T	41	bar2	49	53	1	1	<ALPHANUM>	0	-	0	1
T	41	ellipsis	57	65	1	1	<ALPHANUM>	0	-	0	1
T	41	dashes	71	77	1	1	<ALPHANUM>	0	-	0	1
E	41	79	79	0
T	42	The	0	3	1	1	<ALPHANUM>	0	-	0	1
T	42	CEO's	4	9	1	1	<ALPHANUM>	0	-	0	1
T	42	1990s	10	15	1	1	<ALPHANUM>	0	-	0	1
T	42	era	16	19	1	1	<ALPHANUM>	0	-	0	1
T	42	IBM	20	23	1	1	<ALPHANUM>	0	-	0	1
T	42	compatible	24	34	1	1	<ALPHANUM>	0	-	0	1
T	42	PCs	35	38	1	1	<ALPHANUM>	0	-	0	1
T	42	ran	39	42	1	1	<ALPHANUM>	0	-	0	1
T	42	MS	43	45	1	1	<ALPHANUM>	0	-	0	1
T	42	DOS	46	49	1	1	<ALPHANUM>	0	-	0	1
T	42	the	56	59	2	1	<ALPHANUM>	0	-	0	1
T	42	5th	60	63	1	1	<ALPHANUM>	0	-	0	1
T	42	gen	64	67	1	1	<ALPHANUM>	0	-	0	1
T	42	Core	69	73	1	1	<ALPHANUM>	0	-	0	1
T	42	i7	74	76	1	1	<ALPHANUM>	0	-	0	1
T	42	4790K	77	82	1	1	<ALPHANUM>	0	-	0	1
T	42	CPU	83	86	1	1	<ALPHANUM>	0	-	0	1
T	42	4.00GHz	89	96	1	1	<ALPHANUM>	0	-	0	1
E	42	96	96	0
T	43	running	0	7	1	1	<ALPHANUM>	0	-	0	1
T	43	jumping	8	15	1	1	<ALPHANUM>	0	-	0	1
T	43	happily	16	23	1	1	<ALPHANUM>	0	-	0	1
T	43	happiness	24	33	1	1	<ALPHANUM>	0	-	0	1
T	43	conditional	34	45	1	1	<ALPHANUM>	0	-	0	1
T	43	relational	46	56	1	1	<ALPHANUM>	0	-	0	1
T	43	sensibility	57	68	1	1	<ALPHANUM>	0	-	0	1
T	43	agreed	69	75	1	1	<ALPHANUM>	0	-	0	1
T	43	feed	76	80	1	1	<ALPHANUM>	0	-	0	1
T	43	bled	81	85	1	1	<ALPHANUM>	0	-	0	1
T	43	sing	86	90	1	1	<ALPHANUM>	0	-	0	1
E	43	90	90	0
T	44	leading	2	9	1	1	<ALPHANUM>	0	-	0	1
T	44	and	10	13	1	1	<ALPHANUM>	0	-	0	1
T	44	trailing	14	22	1	1	<ALPHANUM>	0	-	0	1
T	44	spaces	23	29	1	1	<ALPHANUM>	0	-	0	1
E	44	32	32	0
E	45	0	0	0
T	46	ÀÁÂÃÄÅ	0	6	1	1	<ALPHANUM>	0	-	0	1
T	46	àáâãäå	7	13	1	1	<ALPHANUM>	0	-	0	1
T	46	ÇçÈÉÊË	14	20	1	1	<ALPHANUM>	0	-	0	1
T	46	èéêë	21	25	1	1	<ALPHANUM>	0	-	0	1
T	46	ÌÍÎÏ	26	30	1	1	<ALPHANUM>	0	-	0	1
T	46	ìíîï	31	35	1	1	<ALPHANUM>	0	-	0	1
T	46	ÑñÒÓÔÕÖ	36	43	1	1	<ALPHANUM>	0	-	0	1
T	46	òóôõö	44	49	1	1	<ALPHANUM>	0	-	0	1
T	46	ÙÚÛÜ	50	54	1	1	<ALPHANUM>	0	-	0	1
T	46	ùúûü	55	59	1	1	<ALPHANUM>	0	-	0	1
T	46	Ýýÿ	60	63	1	1	<ALPHANUM>	0	-	0	1
T	46	ŠšŽž	64	68	1	1	<ALPHANUM>	0	-	0	1
T	46	Łł	69	71	1	1	<ALPHANUM>	0	-	0	1
T	46	Ðð	72	74	1	1	<ALPHANUM>	0	-	0	1
T	46	Þþ	75	77	1	1	<ALPHANUM>	0	-	0	1
T	46	ß	78	79	1	1	<ALPHANUM>	0	-	0	1
T	46	ŒœÆæØø	80	86	1	1	<ALPHANUM>	0	-	0	1
E	46	86	86	0
T	47	Smart	1	6	1	1	<ALPHANUM>	0	-	0	1
T	47	quotes	7	13	1	1	<ALPHANUM>	0	-	0	1
T	47	single	16	22	1	1	<ALPHANUM>	0	-	0	1
T	47	guillemets	25	35	1	1	<ALPHANUM>	0	-	0	1
T	47	single	38	44	1	1	<ALPHANUM>	0	-	0	1
T	47	low	47	50	1	1	<ALPHANUM>	0	-	0	1
T	47	©	69	70	1	1	<EMOJI>	0	-	0	1
T	47	®	71	72	1	1	<EMOJI>	0	-	0	1
T	47	™	73	74	1	1	<EMOJI>	0	-	0	1
E	47	84	84	0
T	48	abilities	0	9	1	1	<ALPHANUM>	0	-	0	1
T	48	agreed	10	16	1	1	<ALPHANUM>	0	-	0	1
T	48	activism	17	25	1	1	<ALPHANUM>	0	-	0	1
T	48	capable	26	33	1	1	<ALPHANUM>	0	-	0	1
T	48	cried	34	39	1	1	<ALPHANUM>	0	-	0	1
T	48	dependence	40	50	1	1	<ALPHANUM>	0	-	0	1
T	48	emergency	51	60	1	1	<ALPHANUM>	0	-	0	1
T	48	fabricate	61	70	1	1	<ALPHANUM>	0	-	0	1
T	48	frequency	71	80	1	1	<ALPHANUM>	0	-	0	1
T	48	generalization	81	95	1	1	<ALPHANUM>	0	-	0	1
T	48	government	96	106	1	1	<ALPHANUM>	0	-	0	1
T	48	happiness	107	116	1	1	<ALPHANUM>	0	-	0	1
T	48	hesitancy	117	126	1	1	<ALPHANUM>	0	-	0	1
T	48	hoped	127	132	1	1	<ALPHANUM>	0	-	0	1
T	48	hopping	133	140	1	1	<ALPHANUM>	0	-	0	1
T	48	horrible	141	149	1	1	<ALPHANUM>	0	-	0	1
T	48	ironic	150	156	1	1	<ALPHANUM>	0	-	0	1
T	48	jumped	157	163	1	1	<ALPHANUM>	0	-	0	1
T	48	nationalize	164	175	1	1	<ALPHANUM>	0	-	0	1
T	48	organization	176	188	1	1	<ALPHANUM>	0	-	0	1
T	48	ponies	189	195	1	1	<ALPHANUM>	0	-	0	1
T	48	rationality	196	207	1	1	<ALPHANUM>	0	-	0	1
T	48	realize	208	215	1	1	<ALPHANUM>	0	-	0	1
T	48	relational	216	226	1	1	<ALPHANUM>	0	-	0	1
T	48	sensitivity	227	238	1	1	<ALPHANUM>	0	-	0	1
T	48	stopped	239	246	1	1	<ALPHANUM>	0	-	0	1
T	48	traditionally	247	260	1	1	<ALPHANUM>	0	-	0	1
T	48	walking	261	268	1	1	<ALPHANUM>	0	-	0	1
T	48	dried	269	274	1	1	<ALPHANUM>	0	-	0	1
T	48	studies	275	282	1	1	<ALPHANUM>	0	-	0	1
T	48	classes	283	290	1	1	<ALPHANUM>	0	-	0	1
T	48	buses	291	296	1	1	<ALPHANUM>	0	-	0	1
T	48	heroes	297	303	1	1	<ALPHANUM>	0	-	0	1
T	48	axes	304	308	1	1	<ALPHANUM>	0	-	0	1
E	48	308	308	0
