T	0	The	0	3	1	1	word	0	-	0	1
T	0	quick-witted	4	16	1	1	word	0	-	0	1
T	0	Résumé	17	23	1	1	word	0	-	0	1
T	0	of	24	26	1	1	word	0	-	0	1
T	0	Ångström's	27	37	1	1	word	0	-	0	1
T	0	café:	38	43	1	1	word	0	-	0	1
T	0	naïve	44	49	1	1	word	0	-	0	1
T	0	coöperation,	50	62	1	1	word	0	-	0	1
T	0	façade	63	69	1	1	word	0	-	0	1
T	0	&	70	71	1	1	word	0	-	0	1
T	0	piñata.	72	79	1	1	word	0	-	0	1
E	0	79	79	0
T	1	Straße,	0	7	1	1	word	0	-	0	1
T	1	STRASSE	8	15	1	1	word	0	-	0	1
T	1	und	16	19	1	1	word	0	-	0	1
T	1	Maßstab:	20	28	1	1	word	0	-	0	1
T	1	Größe	29	34	1	1	word	0	-	0	1
T	1	ändert	35	41	1	1	word	0	-	0	1
T	1	sich	42	46	1	1	word	0	-	0	1
T	1	nicht,	47	53	1	1	word	0	-	0	1
T	1	aber	54	58	1	1	word	0	-	0	1
T	1	ẞ	59	60	1	1	word	0	-	0	1
T	1	ist	61	64	1	1	word	0	-	0	1
T	1	groß.	65	70	1	1	word	0	-	0	1
E	1	70	70	0
T	2	İstanbul'da	0	11	1	1	word	0	-	0	1
T	2	ılık	12	16	1	1	word	0	-	0	1
T	2	bir	17	20	1	1	word	0	-	0	1
T	2	akşam;	21	27	1	1	word	0	-	0	1
T	2	IĞDIR	28	33	1	1	word	0	-	0	1
T	2	ve	34	36	1	1	word	0	-	0	1
T	2	ıspanak	37	44	1	1	word	0	-	0	1
T	2	İLE	45	48	1	1	word	0	-	0	1
T	2	ilgili	49	55	1	1	word	0	-	0	1
T	2	notlar.	56	63	1	1	word	0	-	0	1
E	2	63	63	0
T	3	οδυσσευσ	0	8	1	1	word	0	-	0	1
T	3	ταξιδεψε	9	17	1	1	word	0	-	0	1
T	3	στην	18	22	1	1	word	0	-	0	1
T	3	ιθακη·	23	29	1	1	word	0	-	0	1
T	3	ο	30	31	1	1	word	0	-	0	1
T	3	λογοσ	32	37	1	1	word	0	-	0	1
T	3	ηταν	38	42	1	1	word	0	-	0	1
T	3	απλοσ,	43	49	1	1	word	0	-	0	1
T	3	οπωσ	50	54	1	1	word	0	-	0	1
T	3	παντα.	55	61	1	1	word	0	-	0	1
E	3	61	61	0
T	4	москва́	0	7	1	1	word	0	-	0	1
T	4	и	8	9	1	1	word	0	-	0	1
T	4	санкт-петербург:	10	26	1	1	word	0	-	0	1
T	4	елка,	27	32	1	1	word	0	-	0	1
T	4	ежик,	33	38	1	1	word	0	-	0	1
T	4	щедрость	39	47	1	1	word	0	-	0	1
T	4	и	48	49	1	1	word	0	-	0	1
T	4	тишина.	50	57	1	1	word	0	-	0	1
E	4	57	57	0
T	5	украінська	0	10	1	1	word	0	-	0	1
T	5	мова	11	15	1	1	word	0	-	0	1
T	5	має	16	19	1	1	word	0	-	0	1
T	5	літери	20	26	1	1	word	0	-	0	1
T	5	і,	27	29	1	1	word	0	-	0	1
T	5	є,	30	32	1	1	word	0	-	0	1
T	5	г	33	34	1	1	word	0	-	0	1
T	5	і	35	36	1	1	word	0	-	0	1
T	5	апостроф:	37	46	1	1	word	0	-	0	1
T	5	м’ята,	47	53	1	1	word	0	-	0	1
T	5	п'ять.	54	60	1	1	word	0	-	0	1
E	5	60	60	0
T	6	اللُّغَةُ	0	9	1	1	word	0	-	0	1
T	6	العَرَبِيَّةُ	10	23	1	1	word	0	-	0	1
T	6	جَمِيلَةٌ،	24	34	1	1	word	0	-	0	1
T	6	وَالكِتَابُ	35	46	1	1	word	0	-	0	1
T	6	عَلَى	47	52	1	1	word	0	-	0	1
T	6	الطَّاوِلَةِ	53	65	1	1	word	0	-	0	1
T	6	١٢٣٤٥.	66	72	1	1	word	0	-	0	1
E	6	72	72	0
T	7	עִבְרִית:	0	9	1	1	word	0	-	0	1
T	7	שָׁלוֹם	10	17	1	1	word	0	-	0	1
T	7	לְכֻלָּם,	18	27	1	1	word	0	-	0	1
T	7	הַסֵּפֶר	28	36	1	1	word	0	-	0	1
T	7	עַל	37	40	1	1	word	0	-	0	1
T	7	הַשֻּׁלְחָן.	41	53	1	1	word	0	-	0	1
E	7	53	53	0
T	8	हिन्दी	0	6	1	1	word	0	-	0	1
T	8	में	7	10	1	1	word	0	-	0	1
T	8	क़लम	11	15	1	1	word	0	-	0	1
T	8	और	16	18	1	1	word	0	-	0	1
T	8	ज़मीन;	19	25	1	1	word	0	-	0	1
T	8	नमस्ते,	26	33	1	1	word	0	-	0	1
T	8	आप	34	36	1	1	word	0	-	0	1
T	8	कैसे	37	41	1	1	word	0	-	0	1
T	8	हैं?	42	46	1	1	word	0	-	0	1
T	8	२०२४	47	51	1	1	word	0	-	0	1
E	8	51	51	0
T	9	বাংলা	0	5	1	1	word	0	-	0	1
T	9	ভাষায়	6	12	1	1	word	0	-	0	1
T	9	লেখা	13	17	1	1	word	0	-	0	1
T	9	একটি	18	22	1	1	word	0	-	0	1
T	9	ছোট	23	26	1	1	word	0	-	0	1
T	9	বাক্য,	27	33	1	1	word	0	-	0	1
T	9	আর	34	36	1	1	word	0	-	0	1
T	9	সংখ্যা	37	43	1	1	word	0	-	0	1
T	9	১২৩।	44	48	1	1	word	0	-	0	1
E	9	48	48	0
T	10	தமிழ்	0	5	1	1	word	0	-	0	1
T	10	எழுத்துக்கள்:	6	19	1	1	word	0	-	0	1
T	10	கொ	20	22	1	1	word	0	-	0	1
T	10	கோ	23	25	1	1	word	0	-	0	1
T	10	கௌ,	26	29	1	1	word	0	-	0	1
T	10	மற்றும்	30	37	1	1	word	0	-	0	1
T	10	ஒரு	38	41	1	1	word	0	-	0	1
T	10	சிறிய	42	47	1	1	word	0	-	0	1
T	10	வாக்கியம்.	48	58	1	1	word	0	-	0	1
E	10	58	58	0
T	11	ภาษาไทยไม่มีการเว้นวรรคระหว่างคำ	0	32	1	1	word	0	-	0	1
T	11	เช่น	33	37	1	1	word	0	-	0	1
T	11	ฉันชอบกินข้าวผัดกับไข่ดาว	38	63	1	1	word	0	-	0	1
E	11	63	63	0
T	12	ພາສາລາວຂຽນຕໍ່ກັນໂດຍບໍ່ມີຍະຫວ່າງລະຫວ່າງຄໍາ	0	41	1	1	word	0	-	0	1
E	12	41	41	0
T	13	ភាសាខ្មែរសរសេរជាប់គ្នាដោយគ្មានដកឃ្លារវាងពាក្យ	0	45	1	1	word	0	-	0	1
E	13	45	45	0
T	14	မြန်မာဘာသာစကားကိုစကားလုံးများကြားတွင်နေရာလွတ်မပါဘဲရေးသည်	0	56	1	1	word	0	-	0	1
E	14	56	56	0
T	15	བོད་ཡིག་ནི་ཚེག་གིས་ཚིག་ཁ་གྱེས་ཡོད།	0	34	1	1	word	0	-	0	1
T	15	ཀྵ	35	37	1	1	word	0	-	0	1
T	15	ཱ	38	39	1	1	word	0	-	0	1
T	15	ཱི	40	42	1	1	word	0	-	0	1
E	15	42	42	0
T	16	ქართული	0	7	1	1	word	0	-	0	1
T	16	ანბანი	8	14	1	1	word	0	-	0	1
T	16	ლამაზია,	15	23	1	1	word	0	-	0	1
T	16	Აა	24	26	1	1	word	0	-	0	1
T	16	ასომთავრული.	27	39	1	1	word	0	-	0	1
E	16	39	39	0
T	17	Հայերեն	0	7	1	1	word	0	-	0	1
T	17	գրերը՝	8	14	1	1	word	0	-	0	1
T	17	և,	15	17	1	1	word	0	-	0	1
T	17	ﬓ,	18	20	1	1	word	0	-	0	1
T	17	և	21	22	1	1	word	0	-	0	1
T	17	Արարատ	23	29	1	1	word	0	-	0	1
T	17	լեռը։	30	35	1	1	word	0	-	0	1
E	17	35	35	0
T	18	ኢትዮጵያ	0	5	1	1	word	0	-	0	1
T	18	በአማርኛ	6	11	1	1	word	0	-	0	1
T	18	ቋንቋ	12	15	1	1	word	0	-	0	1
T	18	ይጻፋል፤	16	21	1	1	word	0	-	0	1
T	18	ሰላም	22	25	1	1	word	0	-	0	1
T	18	ለሁሉም።	26	31	1	1	word	0	-	0	1
E	18	31	31	0
T	19	中华人民共和国成立于一九四九年，北京是首都。	0	22	1	1	word	0	-	0	1
E	19	22	22	0
T	20	臺灣的繁體中文與簡體字不同，例如「國」與「国」。	0	24	1	1	word	0	-	0	1
E	20	24	24	0
T	21	私は東京の大学で日本語を勉強しています。ひらがなとカタカナ。	0	30	1	1	word	0	-	0	1
E	21	30	30	0
T	22	ﾊﾝｶｸｶﾀｶﾅとｶﾞｷﾞｸﾞ、そして全角ＡＢＣ１２３も混ざる。	0	32	1	1	word	0	-	0	1
E	22	32	32	0
T	23	한국어	0	3	1	1	word	0	-	0	1
T	23	문장입니다.	4	10	1	1	word	0	-	0	1
T	23	서울특별시에서	11	18	1	1	word	0	-	0	1
T	23	만나요!	19	23	1	1	word	0	-	0	1
T	23	ㄱㄴㄷ	24	27	1	1	word	0	-	0	1
T	23	한글	28	30	1	1	word	0	-	0	1
E	23	30	30	0
T	24	조합형	0	3	1	1	word	0	-	0	1
T	24	자모:	4	7	1	1	word	0	-	0	1
T	24	ᄒᆞᆫ글	8	12	1	1	word	0	-	0	1
T	24	그리고	13	16	1	1	word	0	-	0	1
T	24	ᄀᆞᄅᆞᆷ	17	22	1	1	word	0	-	0	1
T	24	옛한글.	23	27	1	1	word	0	-	0	1
E	24	27	27	0
T	25	Emoji:	0	6	1	1	word	0	-	0	1
T	25	😀	7	9	1	1	word	0	-	0	1
T	25	👍🏽	10	14	1	1	word	0	-	0	1
T	25	👨‍👩‍👧‍👦	15	26	1	1	word	0	-	0	1
T	25	🇯🇵	27	31	1	1	word	0	-	0	1
T	25	🏳️‍🌈	32	38	1	1	word	0	-	0	1
T	25	#️⃣	39	42	1	1	word	0	-	0	1
T	25	1️⃣	43	46	1	1	word	0	-	0	1
T	25	©️	47	49	1	1	word	0	-	0	1
T	25	®️	50	52	1	1	word	0	-	0	1
T	25	™	53	54	1	1	word	0	-	0	1
T	25	❤️	55	57	1	1	word	0	-	0	1
T	25	✈︎	58	60	1	1	word	0	-	0	1
E	25	60	60	0
T	26	Ligatures	0	9	1	1	word	0	-	0	1
T	26	ﬁ	10	11	1	1	word	0	-	0	1
T	26	ﬂ	12	13	1	1	word	0	-	0	1
T	26	ﬀ	14	15	1	1	word	0	-	0	1
T	26	ﬃ	16	17	1	1	word	0	-	0	1
T	26	and	18	21	1	1	word	0	-	0	1
T	26	ǅ	22	23	1	1	word	0	-	0	1
T	26	Ǆ	24	25	1	1	word	0	-	0	1
T	26	ǆ,	26	28	1	1	word	0	-	0	1
T	26	Roman	29	34	1	1	word	0	-	0	1
T	26	numerals	35	43	1	1	word	0	-	0	1
T	26	Ⅻ	44	45	1	1	word	0	-	0	1
T	26	ⅻ,	46	48	1	1	word	0	-	0	1
T	26	circled	49	56	1	1	word	0	-	0	1
T	26	①	57	58	1	1	word	0	-	0	1
T	26	⑳	59	60	1	1	word	0	-	0	1
T	26	㉑.	61	63	1	1	word	0	-	0	1
E	26	63	63	0
T	27	Superscripts	0	12	1	1	word	0	-	0	1
T	27	x²	13	15	1	1	word	0	-	0	1
T	27	y³	16	18	1	1	word	0	-	0	1
T	27	H₂O,	19	23	1	1	word	0	-	0	1
T	27	fractions	24	33	1	1	word	0	-	0	1
T	27	½	34	35	1	1	word	0	-	0	1
T	27	¾	36	37	1	1	word	0	-	0	1
T	27	⅞,	38	40	1	1	word	0	-	0	1
T	27	units	41	46	1	1	word	0	-	0	1
T	27	㎞	47	48	1	1	word	0	-	0	1
T	27	㎏	49	50	1	1	word	0	-	0	1
T	27	㏂	51	52	1	1	word	0	-	0	1
T	27	㍻	53	54	1	1	word	0	-	0	1
T	27	㍿.	55	57	1	1	word	0	-	0	1
E	27	57	57	0
T	28	Math	0	4	1	1	word	0	-	0	1
T	28	𝐀𝐁𝐂	5	11	1	1	word	0	-	0	1
T	28	𝒳𝒴𝒵	12	18	1	1	word	0	-	0	1
T	28	𝔄𝔅	19	23	1	1	word	0	-	0	1
T	28	𝟎𝟏𝟐	24	30	1	1	word	0	-	0	1
T	28	and	31	34	1	1	word	0	-	0	1
T	28	musical	35	42	1	1	word	0	-	0	1
T	28	𝅗𝅥	43	47	1	1	word	0	-	0	1
T	28	𝅘𝅥𝅮	48	54	1	1	word	0	-	0	1
T	28	symbols.	55	63	1	1	word	0	-	0	1
E	28	63	63	0
T	29	Soft­hyphen,	0	12	1	1	word	0	-	0	1
T	29	zero​width,	13	24	1	1	word	0	-	0	1
T	29	ZWNJ‌and	25	33	1	1	word	0	-	0	1
T	29	ZWJ‍marks,	34	44	1	1	word	0	-	0	1
T	29	variation︀selector.	45	64	1	1	word	0	-	0	1
E	29	64	64	0
T	30	Combining	0	9	1	1	word	0	-	0	1
T	30	stack:	10	16	1	1	word	0	-	0	1
T	30	a̐̓̔̕͘	17	23	1	1	word	0	-	0	1
T	30	e̖̗̘̙	24	29	1	1	word	0	-	0	1
T	30	o͜o	30	33	1	1	word	0	-	0	1
T	30	ö̀	34	36	1	1	word	0	-	0	1
T	30	ǘ	37	38	1	1	word	0	-	0	1
T	30	ḗ	39	40	1	1	word	0	-	0	1
T	30	ṩ	41	42	1	1	word	0	-	0	1
T	30	q̣̇	43	46	1	1	word	0	-	0	1
T	30	q̣̇.	47	51	1	1	word	0	-	0	1
E	30	51	51	0
T	31	Decomposed:	0	11	1	1	word	0	-	0	1
T	31	é	12	14	1	1	word	0	-	0	1
T	31	but	15	18	1	1	word	0	-	0	1
T	31	real	19	23	1	1	word	0	-	0	1
T	31	é,	24	26	1	1	word	0	-	0	1
T	31	Å	27	29	1	1	word	0	-	0	1
T	31	vs	30	32	1	1	word	0	-	0	1
T	31	Å	33	34	1	1	word	0	-	0	1
T	31	vs	35	37	1	1	word	0	-	0	1
T	31	Å,	38	40	1	1	word	0	-	0	1
T	31	ω	41	42	1	1	word	0	-	0	1
T	31	vs	43	45	1	1	word	0	-	0	1
T	31	ω.	46	48	1	1	word	0	-	0	1
E	31	48	48	0
T	32	Numbers	0	7	1	1	word	0	-	0	1
T	32	3.14159,	8	16	1	1	word	0	-	0	1
T	32	1,234,567.89,	17	30	1	1	word	0	-	0	1
T	32	−42,	31	35	1	1	word	0	-	0	1
T	32	2024-10-07,	36	47	1	1	word	0	-	0	1
T	32	10:30,	48	54	1	1	word	0	-	0	1
T	32	٣٫١٤	55	59	1	1	word	0	-	0	1
T	32	۱۲۳	60	63	1	1	word	0	-	0	1
T	32	๑๒๓	64	67	1	1	word	0	-	0	1
T	32	໑໒໓.	68	72	1	1	word	0	-	0	1
E	32	72	72	0
T	33	Mixed:	0	6	1	1	word	0	-	0	1
T	33	Lucene10.5	7	17	1	1	word	0	-	0	1
T	33	ICU77	18	23	1	1	word	0	-	0	1
T	33	UTF-16	24	30	1	1	word	0	-	0	1
T	33	x86_64	31	37	1	1	word	0	-	0	1
T	33	e-mail	38	44	1	1	word	0	-	0	1
T	33	user@example.com	45	61	1	1	word	0	-	0	1
T	33	http://example.com/path?q=1	62	89	1	1	word	0	-	0	1
E	33	89	89	0
T	34	Fullwidth	0	9	1	1	word	0	-	0	1
T	34	ＨＥＬＬＯ	10	15	1	1	word	0	-	0	1
T	34	ｗｏｒｌｄ！	16	22	1	1	word	0	-	0	1
T	34	and	23	26	1	1	word	0	-	0	1
T	34	halfwidth	27	36	1	1	word	0	-	0	1
T	34	ｱｲｳｴｵ	37	42	1	1	word	0	-	0	1
T	34	ﾞﾟ.	43	46	1	1	word	0	-	0	1
E	34	46	46	0
T	35	CJK	0	3	1	1	word	0	-	0	1
T	35	compatibility	4	17	1	1	word	0	-	0	1
T	35	豈	18	19	1	1	word	0	-	0	1
T	35	更	20	21	1	1	word	0	-	0	1
T	35	車	22	23	1	1	word	0	-	0	1
T	35	and	24	27	1	1	word	0	-	0	1
T	35	radicals	28	36	1	1	word	0	-	0	1
T	35	⺀	37	38	1	1	word	0	-	0	1
T	35	⼀	39	40	1	1	word	0	-	0	1
T	35	and	41	44	1	1	word	0	-	0	1
T	35	enclosed	45	53	1	1	word	0	-	0	1
T	35	㊀	54	55	1	1	word	0	-	0	1
T	35	㊎.	56	58	1	1	word	0	-	0	1
E	35	58	58	0
T	36	Cherokee	0	8	1	1	word	0	-	0	1
T	36	ᏣᎳᎩ	9	12	1	1	word	0	-	0	1
T	36	ꮳꮃꭹ,	13	17	1	1	word	0	-	0	1
T	36	Deseret	18	25	1	1	word	0	-	0	1
T	36	𐐷𐐸𐐹,	26	33	1	1	word	0	-	0	1
T	36	Osage	34	39	1	1	word	0	-	0	1
T	36	𐓏𐓘𐓻.	40	47	1	1	word	0	-	0	1
E	36	47	47	0
T	37	Hangul	0	6	1	1	word	0	-	0	1
T	37	syllable	7	15	1	1	word	0	-	0	1
T	37	composition	16	27	1	1	word	0	-	0	1
T	37	ᄀ	28	29	1	1	word	0	-	0	1
T	37	ᅡ	30	31	1	1	word	0	-	0	1
T	37	ᆨ	32	33	1	1	word	0	-	0	1
T	37	and	34	37	1	1	word	0	-	0	1
T	37	각	38	39	1	1	word	0	-	0	1
T	37	and	40	43	1	1	word	0	-	0	1
T	37	각.	44	47	1	1	word	0	-	0	1
E	37	47	47	0
T	38	Mongolian	0	9	1	1	word	0	-	0	1
T	38	ᠮᠣᠩᠭᠣᠯ	10	16	1	1	word	0	-	0	1
T	38	ᠪᠢᠴᠢᠭ᠌	17	23	1	1	word	0	-	0	1
T	38	and	24	27	1	1	word	0	-	0	1
T	38	Syriac	28	34	1	1	word	0	-	0	1
T	38	ܠܫܢܐ	35	39	1	1	word	0	-	0	1
T	38	ܣܘܪܝܝܐ.	40	47	1	1	word	0	-	0	1
E	38	47	47	0
T	39	Sinhala	0	7	1	1	word	0	-	0	1
T	39	සිංහල,	8	14	1	1	word	0	-	0	1
T	39	Malayalam	15	24	1	1	word	0	-	0	1
T	39	മലയാളം,	25	32	1	1	word	0	-	0	1
T	39	Telugu	33	39	1	1	word	0	-	0	1
T	39	తెలుగు,	40	47	1	1	word	0	-	0	1
T	39	Kannada	48	55	1	1	word	0	-	0	1
T	39	ಕನ್ನಡ,	56	62	1	1	word	0	-	0	1
T	39	Gujarati	63	71	1	1	word	0	-	0	1
T	39	ગુજરાતી.	72	80	1	1	word	0	-	0	1
E	39	80	80	0
T	40	Thai	0	4	1	1	word	0	-	0	1
T	40	digits	5	11	1	1	word	0	-	0	1
T	40	and	12	15	1	1	word	0	-	0	1
T	40	text:	16	21	1	1	word	0	-	0	1
T	40	ราคา	22	26	1	1	word	0	-	0	1
T	40	๑๒๐	27	30	1	1	word	0	-	0	1
T	40	บาท	31	34	1	1	word	0	-	0	1
T	40	และ	35	38	1	1	word	0	-	0	1
T	40	120	39	42	1	1	word	0	-	0	1
T	40	บาท	43	46	1	1	word	0	-	0	1
T	40	ครับ	47	51	1	1	word	0	-	0	1
E	40	51	51	0
T	41	Lao	0	3	1	1	word	0	-	0	1
T	41	mixed	4	9	1	1	word	0	-	0	1
T	41	ສະບາຍດີ	10	17	1	1	word	0	-	0	1
T	41	hello	18	23	1	1	word	0	-	0	1
T	41	ສະບາຍດີ	24	31	1	1	word	0	-	0	1
E	41	31	31	0
T	42	Khmer	0	5	1	1	word	0	-	0	1
T	42	with	6	10	1	1	word	0	-	0	1
T	42	Latin:	11	17	1	1	word	0	-	0	1
T	42	ព្រះរាជាណាចក្រកម្ពុជា	18	39	1	1	word	0	-	0	1
T	42	Cambodia	40	48	1	1	word	0	-	0	1
T	42	២០២៤	49	53	1	1	word	0	-	0	1
E	42	53	53	0
T	43	Myanmar	0	7	1	1	word	0	-	0	1
T	43	mixed:	8	14	1	1	word	0	-	0	1
T	43	ရန်ကုန်မြို့	15	27	1	1	word	0	-	0	1
T	43	Yangon	28	34	1	1	word	0	-	0	1
T	43	၁၂၃	35	38	1	1	word	0	-	0	1
E	43	38	38	0
T	44	日本語とEnglishとカタカナＭＩＸ、ひらがなまじり漢字。	0	30	1	1	word	0	-	0	1
E	44	30	30	0
T	45	中文English混合123測試，全角１２３和半角123。	0	29	1	1	word	0	-	0	1
E	45	29	29	0
T	46	Greek	0	5	1	1	word	0	-	0	1
T	46	final	6	11	1	1	word	0	-	0	1
T	46	sigma:	12	18	1	1	word	0	-	0	1
T	46	σοφοσ	19	24	1	1	word	0	-	0	1
T	46	και	25	28	1	1	word	0	-	0	1
T	46	οδοσ,	29	34	1	1	word	0	-	0	1
T	46	σοφοσ	35	40	1	1	word	0	-	0	1
T	46	και	41	44	1	1	word	0	-	0	1
T	46	οδοσ.	45	50	1	1	word	0	-	0	1
E	46	50	50	0
T	47	Dotless	0	7	1	1	word	0	-	0	1
T	47	and	8	11	1	1	word	0	-	0	1
T	47	dotted:	12	19	1	1	word	0	-	0	1
T	47	Iı	20	22	1	1	word	0	-	0	1
T	47	İi,	23	26	1	1	word	0	-	0	1
T	47	Turkish	27	34	1	1	word	0	-	0	1
T	47	casing	35	41	1	1	word	0	-	0	1
T	47	differs	42	49	1	1	word	0	-	0	1
T	47	from	50	54	1	1	word	0	-	0	1
T	47	Azeri	55	60	1	1	word	0	-	0	1
T	47	əƏ.	61	64	1	1	word	0	-	0	1
E	47	64	64	0
T	48	Special	0	7	1	1	word	0	-	0	1
T	48	casing:	8	15	1	1	word	0	-	0	1
T	48	ŉ	16	17	1	1	word	0	-	0	1
T	48	ǰ	18	19	1	1	word	0	-	0	1
T	48	ι	20	21	1	1	word	0	-	0	1
T	48	υ	22	23	1	1	word	0	-	0	1
T	48	և	24	25	1	1	word	0	-	0	1
T	48	ﬀ	26	27	1	1	word	0	-	0	1
T	48	ﬆ	28	29	1	1	word	0	-	0	1
T	48	ẞß	30	32	1	1	word	0	-	0	1
T	48	ﬅ.	33	35	1	1	word	0	-	0	1
E	48	35	35	0
T	49	Default	0	7	1	1	word	0	-	0	1
T	49	ignorables:	8	19	1	1	word	0	-	0	1
T	49	a͏b	20	23	1	1	word	0	-	0	1
T	49	ᅟc	24	26	1	1	word	0	-	0	1
T	49	ᅠd	27	29	1	1	word	0	-	0	1
T	49	ㅤe	30	32	1	1	word	0	-	0	1
T	49	ﾠf	33	35	1	1	word	0	-	0	1
T	49	᠋g.	36	39	1	1	word	0	-	0	1
E	49	39	39	0
T	50	Bidi	0	4	1	1	word	0	-	0	1
T	50	controls:	5	14	1	1	word	0	-	0	1
T	50	‪left‬	15	21	1	1	word	0	-	0	1
T	50	‫right‬	22	29	1	1	word	0	-	0	1
T	50	‎mark‏	30	36	1	1	word	0	-	0	1
T	50	⁦iso⁩.	37	43	1	1	word	0	-	0	1
E	50	43	43	0
T	51	Cyrillic	0	8	1	1	word	0	-	0	1
T	51	with	9	13	1	1	word	0	-	0	1
T	51	accents:	14	22	1	1	word	0	-	0	1
T	51	ви́дение,	23	32	1	1	word	0	-	0	1
T	51	ио́гурт,	33	41	1	1	word	0	-	0	1
T	51	а̀	42	44	1	1	word	0	-	0	1
T	51	е̂.	45	48	1	1	word	0	-	0	1
E	51	48	48	0
T	52	Vietnamese:	0	11	1	1	word	0	-	0	1
T	52	Tiếng	12	17	1	1	word	0	-	0	1
T	52	Việt	18	22	1	1	word	0	-	0	1
T	52	có	23	25	1	1	word	0	-	0	1
T	52	nhiều	26	31	1	1	word	0	-	0	1
T	52	dấu:	32	36	1	1	word	0	-	0	1
T	52	ằ	37	38	1	1	word	0	-	0	1
T	52	ẳ	39	40	1	1	word	0	-	0	1
T	52	ẵ	41	42	1	1	word	0	-	0	1
T	52	ặ	43	44	1	1	word	0	-	0	1
T	52	ề	45	46	1	1	word	0	-	0	1
T	52	ể	47	48	1	1	word	0	-	0	1
T	52	ễ	49	50	1	1	word	0	-	0	1
T	52	ệ	51	52	1	1	word	0	-	0	1
T	52	ố	53	54	1	1	word	0	-	0	1
T	52	ồ	55	56	1	1	word	0	-	0	1
T	52	ổ	57	58	1	1	word	0	-	0	1
T	52	ỗ	59	60	1	1	word	0	-	0	1
T	52	ộ.	61	63	1	1	word	0	-	0	1
E	52	63	63	0
T	53	Polish	0	6	1	1	word	0	-	0	1
T	53	and	7	10	1	1	word	0	-	0	1
T	53	Czech:	11	17	1	1	word	0	-	0	1
T	53	Zażółć	18	24	1	1	word	0	-	0	1
T	53	gęślą	25	30	1	1	word	0	-	0	1
T	53	jaźń;	31	36	1	1	word	0	-	0	1
T	53	Příliš	37	43	1	1	word	0	-	0	1
T	53	žluťoučký	44	53	1	1	word	0	-	0	1
T	53	kůň.	54	58	1	1	word	0	-	0	1
E	53	58	58	0
T	54	Icelandic	0	9	1	1	word	0	-	0	1
T	54	and	10	13	1	1	word	0	-	0	1
T	54	Nordic:	14	21	1	1	word	0	-	0	1
T	54	Þórður,	22	29	1	1	word	0	-	0	1
T	54	Æsir,	30	35	1	1	word	0	-	0	1
T	54	Øresund,	36	44	1	1	word	0	-	0	1
T	54	ÐÞ	45	47	1	1	word	0	-	0	1
T	54	ðþ.	48	51	1	1	word	0	-	0	1
E	54	51	51	0
T	55	Armenian	0	8	1	1	word	0	-	0	1
T	55	ligature	9	17	1	1	word	0	-	0	1
T	55	ﬔﬕﬖﬗ	18	22	1	1	word	0	-	0	1
T	55	and	23	26	1	1	word	0	-	0	1
T	55	Hebrew	27	33	1	1	word	0	-	0	1
T	55	presentation	34	46	1	1	word	0	-	0	1
T	55	ﬠﬡﬢ	47	50	1	1	word	0	-	0	1
T	55	ﭏ.	51	53	1	1	word	0	-	0	1
E	55	53	53	0
T	56	Arabic	0	6	1	1	word	0	-	0	1
T	56	presentation	7	19	1	1	word	0	-	0	1
T	56	forms	20	25	1	1	word	0	-	0	1
T	56	ﻻ	26	27	1	1	word	0	-	0	1
T	56	ﷲ	28	29	1	1	word	0	-	0	1
T	56	ﷺ	30	31	1	1	word	0	-	0	1
T	56	ﻼ	32	33	1	1	word	0	-	0	1
T	56	and	34	37	1	1	word	0	-	0	1
T	56	tatweel	38	45	1	1	word	0	-	0	1
T	56	ــ.	46	49	1	1	word	0	-	0	1
E	56	49	49	0
T	57	Hiragana	0	8	1	1	word	0	-	0	1
T	57	iteration	9	18	1	1	word	0	-	0	1
T	57	ゝゞ	19	21	1	1	word	0	-	0	1
T	57	and	22	25	1	1	word	0	-	0	1
T	57	katakana	26	34	1	1	word	0	-	0	1
T	57	ヽヾ,	35	38	1	1	word	0	-	0	1
T	57	small	39	44	1	1	word	0	-	0	1
T	57	ぁぃ	45	47	1	1	word	0	-	0	1
T	57	ァィ,	48	51	1	1	word	0	-	0	1
T	57	long	52	56	1	1	word	0	-	0	1
T	57	ー.	57	59	1	1	word	0	-	0	1
E	57	59	59	0
T	58	Hangul	0	6	1	1	word	0	-	0	1
T	58	compatibility	7	20	1	1	word	0	-	0	1
T	58	jamo	21	25	1	1	word	0	-	0	1
T	58	ㄱㅏㄴ	26	29	1	1	word	0	-	0	1
T	58	and	30	33	1	1	word	0	-	0	1
T	58	halfwidth	34	43	1	1	word	0	-	0	1
T	58	ﾡﾢ.	44	47	1	1	word	0	-	0	1
E	58	47	47	0
T	59	Brahmi	0	6	1	1	word	0	-	0	1
T	59	𑀩𑁆𑀭𑀸𑀳𑁆𑀫𑀻	7	23	1	1	word	0	-	0	1
T	59	and	24	27	1	1	word	0	-	0	1
T	59	Grantha	28	35	1	1	word	0	-	0	1
T	59	𑌗𑍍𑌰𑌨𑍍𑌥.	36	49	1	1	word	0	-	0	1
E	59	49	49	0
T	60	Tifinagh	0	8	1	1	word	0	-	0	1
T	60	ⵜⴰⵎⴰⵣⵉⵖⵜ	9	17	1	1	word	0	-	0	1
T	60	and	18	21	1	1	word	0	-	0	1
T	60	N'Ko	22	26	1	1	word	0	-	0	1
T	60	ߒߞߏ	27	30	1	1	word	0	-	0	1
T	60	and	31	34	1	1	word	0	-	0	1
T	60	Vai	35	38	1	1	word	0	-	0	1
T	60	ꕙꔤ.	39	42	1	1	word	0	-	0	1
E	60	42	42	0
T	61	Line	0	4	1	1	word	0	-	0	1
T	61	with	5	9	1	1	word	0	-	0	1
T	61	tabs	10	14	1	1	word	0	-	0	1
T	61	and	15	18	1	1	word	0	-	0	1
T	61	spaces	19	25	1	1	word	0	-	0	1
T	61	and	28	31	1	1	word	0	-	0	1
T	61	trailing	32	40	1	1	word	0	-	0	1
T	61	space	41	46	1	1	word	0	-	0	1
E	61	46	46	0
T	62	Apostrophes:	0	12	1	1	word	0	-	0	1
T	62	don't,	13	19	1	1	word	0	-	0	1
T	62	l'homme,	20	28	1	1	word	0	-	0	1
T	62	rock'n'roll,	29	41	1	1	word	0	-	0	1
T	62	’quoted’	42	50	1	1	word	0	-	0	1
T	62	and	51	54	1	1	word	0	-	0	1
T	62	‘single’.	55	64	1	1	word	0	-	0	1
E	62	64	64	0
T	63	Hyphens:	0	8	1	1	word	0	-	0	1
T	63	well-known,	9	20	1	1	word	0	-	0	1
T	63	co‑operate	21	31	1	1	word	0	-	0	1
T	63	(NB	32	35	1	1	word	0	-	0	1
T	63	hyphen),	36	44	1	1	word	0	-	0	1
T	63	e–mail	45	51	1	1	word	0	-	0	1
T	63	(en	52	55	1	1	word	0	-	0	1
T	63	dash),	56	62	1	1	word	0	-	0	1
T	63	A—B	63	66	1	1	word	0	-	0	1
T	63	(em	67	70	1	1	word	0	-	0	1
T	63	dash).	71	77	1	1	word	0	-	0	1
E	63	77	77	0
T	64	URLs:	0	5	1	1	word	0	-	0	1
T	64	https://lucene.apache.org/core/10_5_0/	6	44	1	1	word	0	-	0	1
T	64	and	45	48	1	1	word	0	-	0	1
T	64	ftp://ftp.example.org/x_y.	49	75	1	1	word	0	-	0	1
E	64	75	75	0
T	65	Phone	0	5	1	1	word	0	-	0	1
T	65	+1	6	8	1	1	word	0	-	0	1
T	65	(555)	9	14	1	1	word	0	-	0	1
T	65	012-3456	15	23	1	1	word	0	-	0	1
T	65	and	24	27	1	1	word	0	-	0	1
T	65	IPv4	28	32	1	1	word	0	-	0	1
T	65	192.168.0.1,	33	45	1	1	word	0	-	0	1
T	65	IPv6	46	50	1	1	word	0	-	0	1
T	65	fe80::1.	51	59	1	1	word	0	-	0	1
E	65	59	59	0
T	66	Currency	0	8	1	1	word	0	-	0	1
T	66	$5.00	9	14	1	1	word	0	-	0	1
T	66	€4,50	15	20	1	1	word	0	-	0	1
T	66	£3	21	23	1	1	word	0	-	0	1
T	66	¥200	24	28	1	1	word	0	-	0	1
T	66	₹100	29	33	1	1	word	0	-	0	1
T	66	₩1000	34	39	1	1	word	0	-	0	1
T	66	₿0.01.	40	46	1	1	word	0	-	0	1
E	66	46	46	0
T	67	Emoji	0	5	1	1	word	0	-	0	1
T	67	modifiers	6	15	1	1	word	0	-	0	1
T	67	👋🏻👋🏼👋🏽👋🏾👋🏿	16	36	1	1	word	0	-	0	1
T	67	and	37	40	1	1	word	0	-	0	1
T	67	tags	41	45	1	1	word	0	-	0	1
T	67	🏴󠁧󠁢󠁳󠁣󠁴󠁿.	46	61	1	1	word	0	-	0	1
E	67	61	61	0
T	68	Keycaps	0	7	1	1	word	0	-	0	1
T	68	0️⃣	8	11	1	1	word	0	-	0	1
T	68	*️⃣	12	15	1	1	word	0	-	0	1
T	68	#⃣	16	18	1	1	word	0	-	0	1
T	68	9⃣	19	21	1	1	word	0	-	0	1
T	68	and	22	25	1	1	word	0	-	0	1
T	68	plain	26	31	1	1	word	0	-	0	1
T	68	#	32	33	1	1	word	0	-	0	1
T	68	*	34	35	1	1	word	0	-	0	1
T	68	0.	36	38	1	1	word	0	-	0	1
E	68	38	38	0
T	69	Regional	0	8	1	1	word	0	-	0	1
T	69	indicators	9	19	1	1	word	0	-	0	1
T	69	🇺🇸🇬🇧🇫🇷	20	32	1	1	word	0	-	0	1
T	69	and	33	36	1	1	word	0	-	0	1
T	69	a	37	38	1	1	word	0	-	0	1
T	69	lone	39	43	1	1	word	0	-	0	1
T	69	🇦.	44	47	1	1	word	0	-	0	1
E	69	47	47	0
T	70	Mixed	0	5	1	1	word	0	-	0	1
T	70	scripts	6	13	1	1	word	0	-	0	1
T	70	in	14	16	1	1	word	0	-	0	1
T	70	a	17	18	1	1	word	0	-	0	1
T	70	word:	19	24	1	1	word	0	-	0	1
T	70	abcабвαβγ123אבג.	25	41	1	1	word	0	-	0	1
E	70	41	41	0
T	71	Japanese	0	8	1	1	word	0	-	0	1
T	71	long:	9	14	1	1	word	0	-	0	1
T	71	吾輩は猫である。名前はまだ無い。どこで生れたかとんと見当がつかぬ。	15	48	1	1	word	0	-	0	1
E	71	48	48	0
T	72	Chinese	0	7	1	1	word	0	-	0	1
T	72	long:	8	13	1	1	word	0	-	0	1
T	72	学而时习之，不亦说乎？有朋自远方来，不亦乐乎？	14	37	1	1	word	0	-	0	1
E	72	37	37	0
T	73	Korean	0	6	1	1	word	0	-	0	1
T	73	long:	7	12	1	1	word	0	-	0	1
T	73	동해	13	15	1	1	word	0	-	0	1
T	73	물과	16	18	1	1	word	0	-	0	1
T	73	백두산이	19	23	1	1	word	0	-	0	1
T	73	마르고	24	27	1	1	word	0	-	0	1
T	73	닳도록	28	31	1	1	word	0	-	0	1
T	73	하느님이	32	36	1	1	word	0	-	0	1
T	73	보우하사	37	41	1	1	word	0	-	0	1
T	73	우리나라	42	46	1	1	word	0	-	0	1
T	73	만세	47	49	1	1	word	0	-	0	1
E	73	49	49	0
T	74	Thai	0	4	1	1	word	0	-	0	1
T	74	long:	5	10	1	1	word	0	-	0	1
T	74	กรุงเทพมหานครเป็นเมืองหลวงของประเทศไทยและเป็นศูนย์กลางเศรษฐกิจ	11	73	1	1	word	0	-	0	1
E	74	73	73	0
T	75	Burmese	0	7	1	1	word	0	-	0	1
T	75	long:	8	13	1	1	word	0	-	0	1
T	75	မင်္ဂလာပါ။	14	24	1	1	word	0	-	0	1
T	75	ကျွန်တော်တို့သည်ရန်ကုန်မြို့တွင်နေထိုင်ကြသည်။	25	70	1	1	word	0	-	0	1
E	75	70	70	0
T	76	Khmer	0	5	1	1	word	0	-	0	1
T	76	long:	6	11	1	1	word	0	-	0	1
T	76	ខ្ញុំចូលចិត្តញ៉ាំបាយជាមួយត្រីអាំងនៅពេលល្ងាច	12	55	1	1	word	0	-	0	1
E	76	55	55	0
T	77	Lao	0	3	1	1	word	0	-	0	1
T	77	long:	4	9	1	1	word	0	-	0	1
T	77	ປະເທດລາວມີແມ່ນໍ້າຂອງໄຫຼຜ່ານຫຼາຍແຂວງ	10	45	1	1	word	0	-	0	1
E	77	45	45	0
T	78	Final	0	5	1	1	word	0	-	0	1
T	78	line	6	10	1	1	word	0	-	0	1
T	78	with	11	15	1	1	word	0	-	0	1
T	78	only	16	20	1	1	word	0	-	0	1
T	78	punctuation:	21	33	1	1	word	0	-	0	1
T	78	...	34	37	1	1	word	0	-	0	1
T	78	,,,	38	41	1	1	word	0	-	0	1
T	78	!!!	42	45	1	1	word	0	-	0	1
T	78	???	46	49	1	1	word	0	-	0	1
T	78	;;;	50	53	1	1	word	0	-	0	1
T	78	:::	54	57	1	1	word	0	-	0	1
T	78	---	58	61	1	1	word	0	-	0	1
T	78	___	62	65	1	1	word	0	-	0	1
T	78	***	66	69	1	1	word	0	-	0	1
E	78	69	69	0
