T	0	The quick-witted Résumé of Ångström's café: naïve coöperation, façade & piñata.	0	79	1	1	word	0	-	0	1
E	0	79	79	0
T	1	Straße, STRASSE und Maßstab: Größe ändert sich nicht, aber ẞ ist groß.	0	70	1	1	word	0	-	0	1
E	1	70	70	0
T	2	İstanbul'da ılık bir akşam; IĞDIR ve ıspanak İLE ilgili notlar.	0	63	1	1	word	0	-	0	1
E	2	63	63	0
T	3	ΟΔΥΣΣΕΥΣ ταξίδεψε στην Ιθάκη· ο λόγος ήταν απλός, όπως πάντα.	0	61	1	1	word	0	-	0	1
E	3	61	61	0
T	4	Москва́ и Санкт-Петербург: ёлка, Ёжик, ЩЕДРОСТЬ и тишина.	0	57	1	1	word	0	-	0	1
E	4	57	57	0
T	5	Українська мова має літери ї, є, ґ і апостроф: м’ята, п'ять.	0	60	1	1	word	0	-	0	1
E	5	60	60	0
T	6	اللُّغَةُ العَرَبِيَّةُ جَمِيلَةٌ، وَالكِتَابُ عَلَى الطَّاوِلَةِ ١٢٣٤٥.	0	72	1	1	word	0	-	0	1
E	6	72	72	0
T	7	עִבְרִית: שָׁלוֹם לְכֻלָּם, הַסֵּפֶר עַל הַשֻּׁלְחָן.	0	53	1	1	word	0	-	0	1
E	7	53	53	0
T	8	हिन्दी में क़लम और ज़मीन; नमस्ते, आप कैसे हैं? २०२४	0	51	1	1	word	0	-	0	1
E	8	51	51	0
T	9	বাংলা ভাষায় লেখা একটি ছোট বাক্য, আর সংখ্যা ১২৩।	0	48	1	1	word	0	-	0	1
E	9	48	48	0
T	10	தமிழ் எழுத்துக்கள்: கொ கோ கௌ, மற்றும் ஒரு சிறிய வாக்கியம்.	0	58	1	1	word	0	-	0	1
E	10	58	58	0
T	11	ภาษาไทยไม่มีการเว้นวรรคระหว่างคำ เช่น ฉันชอบกินข้าวผัดกับไข่ดาว	0	63	1	1	word	0	-	0	1
E	11	63	63	0
T	12	ພາສາລາວຂຽນຕໍ່ກັນໂດຍບໍ່ມີຍະຫວ່າງລະຫວ່າງຄໍາ	0	41	1	1	word	0	-	0	1
E	12	41	41	0
T	13	ភាសាខ្មែរសរសេរជាប់គ្នាដោយគ្មានដកឃ្លារវាងពាក្យ	0	45	1	1	word	0	-	0	1
E	13	45	45	0
T	14	မြန်မာဘာသာစကားကိုစကားလုံးများကြားတွင်နေရာလွတ်မပါဘဲရေးသည်	0	56	1	1	word	0	-	0	1
E	14	56	56	0
T	15	བོད་ཡིག་ནི་ཚེག་གིས་ཚིག་ཁ་གྱེས་ཡོད། ཀྵ ཱ ཱི	0	42	1	1	word	0	-	0	1
E	15	42	42	0
T	16	ქართული ანბანი ლამაზია, Აა ასომთავრული.	0	39	1	1	word	0	-	0	1
E	16	39	39	0
T	17	Հայերեն գրերը՝ և, ﬓ, և Արարատ լեռը։	0	35	1	1	word	0	-	0	1
E	17	35	35	0
T	18	ኢትዮጵያ በአማርኛ ቋንቋ ይጻፋል፤ ሰላም ለሁሉም።	0	31	1	1	word	0	-	0	1
E	18	31	31	0
T	19	中华人民共和国成立于一九四九年，北京是首都。	0	22	1	1	word	0	-	0	1
E	19	22	22	0
T	20	臺灣的繁體中文與簡體字不同，例如「國」與「国」。	0	24	1	1	word	0	-	0	1
E	20	24	24	0
T	21	私は東京の大学で日本語を勉強しています。ひらがなとカタカナ。	0	30	1	1	word	0	-	0	1
E	21	30	30	0
T	22	ﾊﾝｶｸｶﾀｶﾅとｶﾞｷﾞｸﾞ、そして全角ＡＢＣ１２３も混ざる。	0	32	1	1	word	0	-	0	1
E	22	32	32	0
T	23	한국어 문장입니다. 서울특별시에서 만나요! ㄱㄴㄷ 한글	0	30	1	1	word	0	-	0	1
E	23	30	30	0
T	24	조합형 자모: ᄒᆞᆫ글 그리고 ᄀᆞᄅᆞᆷ 옛한글.	0	27	1	1	word	0	-	0	1
E	24	27	27	0
T	25	Emoji: 😀 👍🏽 👨‍👩‍👧‍👦 🇯🇵 🏳️‍🌈 #️⃣ 1️⃣ ©️ ®️ ™ ❤️ ✈︎	0	60	1	1	word	0	-	0	1
E	25	60	60	0
T	26	Ligatures ﬁ ﬂ ﬀ ﬃ and ǅ Ǆ ǆ, Roman numerals Ⅻ ⅻ, circled ① ⑳ ㉑.	0	63	1	1	word	0	-	0	1
E	26	63	63	0
T	27	Superscripts x² y³ H₂O, fractions ½ ¾ ⅞, units ㎞ ㎏ ㏂ ㍻ ㍿.	0	57	1	1	word	0	-	0	1
E	27	57	57	0
T	28	Math 𝐀𝐁𝐂 𝒳𝒴𝒵 𝔄𝔅 𝟎𝟏𝟐 and musical 𝅗𝅥 𝅘𝅥𝅮 symbols.	0	63	1	1	word	0	-	0	1
E	28	63	63	0
T	29	Soft­hyphen, zero​width, ZWNJ‌and ZWJ‍marks, variation︀selector.	0	64	1	1	word	0	-	0	1
E	29	64	64	0
T	30	Combining stack: a̐̓̔̕͘ e̖̗̘̙ o͜o ö̀ ǘ ḗ ṩ q̣̇ q̣̇.	0	51	1	1	word	0	-	0	1
E	30	51	51	0
T	31	Decomposed: é but real é, Å vs Å vs Å, Ω vs Ω.	0	48	1	1	word	0	-	0	1
E	31	48	48	0
T	32	Numbers 3.14159, 1,234,567.89, −42, 2024-10-07, 10:30, ٣٫١٤ ۱۲۳ ๑๒๓ ໑໒໓.	0	72	1	1	word	0	-	0	1
E	32	72	72	0
T	33	Mixed: Lucene10.5 ICU77 UTF-16 x86_64 e-mail user@example.com http://example.com/path?q=1	0	89	1	1	word	0	-	0	1
E	33	89	89	0
T	34	Fullwidth ＨＥＬＬＯ　ｗｏｒｌｄ！ and halfwidth ｱｲｳｴｵ ﾞﾟ.	0	46	1	1	word	0	-	0	1
E	34	46	46	0
T	35	CJK compatibility 豈 更 車 and radicals ⺀ ⼀ and enclosed ㊀ ㊎.	0	58	1	1	word	0	-	0	1
E	35	58	58	0
T	36	Cherokee ᏣᎳᎩ ꮳꮃꭹ, Deseret 𐐷𐐸𐐹, Osage 𐓏𐓘𐓻.	0	47	1	1	word	0	-	0	1
E	36	47	47	0
T	37	Hangul syllable composition ᄀ ᅡ ᆨ and 각 and 각.	0	47	1	1	word	0	-	0	1
E	37	47	47	0
T	38	Mongolian ᠮᠣᠩᠭᠣᠯ ᠪᠢᠴᠢᠭ᠌ and Syriac ܠܫܢܐ ܣܘܪܝܝܐ.	0	47	1	1	word	0	-	0	1
E	38	47	47	0
T	39	Sinhala සිංහල, Malayalam മലയാളം, Telugu తెలుగు, Kannada ಕನ್ನಡ, Gujarati ગુજરાતી.	0	80	1	1	word	0	-	0	1
E	39	80	80	0
T	40	Thai digits and text: ราคา ๑๒๐ บาท และ 120 บาท ครับ	0	51	1	1	word	0	-	0	1
E	40	51	51	0
T	41	Lao mixed ສະບາຍດີ hello ສະບາຍດີ	0	31	1	1	word	0	-	0	1
E	41	31	31	0
T	42	Khmer with Latin: ព្រះរាជាណាចក្រកម្ពុជា Cambodia ២០២៤	0	53	1	1	word	0	-	0	1
E	42	53	53	0
T	43	Myanmar mixed: ရန်ကုန်မြို့ Yangon ၁၂၃	0	38	1	1	word	0	-	0	1
E	43	38	38	0
T	44	日本語とEnglishとカタカナＭＩＸ、ひらがなまじり漢字。	0	30	1	1	word	0	-	0	1
E	44	30	30	0
T	45	中文English混合123測試，全角１２３和半角123。	0	29	1	1	word	0	-	0	1
E	45	29	29	0
T	46	Greek final sigma: ΣΟΦΟΣ ΚΑΙ ΟΔΟΣ, σοφός και οδός.	0	50	1	1	word	0	-	0	1
E	46	50	50	0
T	47	Dotless and dotted: Iı İi, Turkish casing differs from Azeri əƏ.	0	64	1	1	word	0	-	0	1
E	47	64	64	0
T	48	Special casing: ŉ ǰ ΐ ΰ և ﬀ ﬆ ẞß ﬅ.	0	35	1	1	word	0	-	0	1
E	48	35	35	0
T	49	Default ignorables: a͏b ᅟc ᅠd ㅤe ﾠf ᠋g.	0	39	1	1	word	0	-	0	1
E	49	39	39	0
T	50	Bidi controls: ‪left‬ ‫right‬ ‎mark‏ ⁦iso⁩.	0	43	1	1	word	0	-	0	1
E	50	43	43	0
T	51	Cyrillic with accents: ви́дение, йо́гурт, а̀ е̂.	0	48	1	1	word	0	-	0	1
E	51	48	48	0
T	52	Vietnamese: Tiếng Việt có nhiều dấu: ằ ẳ ẵ ặ ề ể ễ ệ ố ồ ổ ỗ ộ.	0	63	1	1	word	0	-	0	1
E	52	63	63	0
T	53	Polish and Czech: Zażółć gęślą jaźń; Příliš žluťoučký kůň.	0	58	1	1	word	0	-	0	1
E	53	58	58	0
T	54	Icelandic and Nordic: Þórður, Æsir, Øresund, ÐÞ ðþ.	0	51	1	1	word	0	-	0	1
E	54	51	51	0
T	55	Armenian ligature ﬔﬕﬖﬗ and Hebrew presentation ﬠﬡﬢ ﭏ.	0	53	1	1	word	0	-	0	1
E	55	53	53	0
T	56	Arabic presentation forms ﻻ ﷲ ﷺ ﻼ and tatweel ــ.	0	49	1	1	word	0	-	0	1
E	56	49	49	0
T	57	Hiragana iteration ゝゞ and katakana ヽヾ, small ぁぃ ァィ, long ー.	0	59	1	1	word	0	-	0	1
E	57	59	59	0
T	58	Hangul compatibility jamo ㄱㅏㄴ and halfwidth ﾡﾢ.	0	47	1	1	word	0	-	0	1
E	58	47	47	0
T	59	Brahmi 𑀩𑁆𑀭𑀸𑀳𑁆𑀫𑀻 and Grantha 𑌗𑍍𑌰𑌨𑍍𑌥.	0	49	1	1	word	0	-	0	1
E	59	49	49	0
T	60	Tifinagh ⵜⴰⵎⴰⵣⵉⵖⵜ and N'Ko ߒߞߏ and Vai ꕙꔤ.	0	42	1	1	word	0	-	0	1
E	60	42	42	0
T	61	Line with tabs\tand\tspaces   and trailing space	0	46	1	1	word	0	-	0	1
E	61	46	46	0
T	62	Apostrophes: don't, l'homme, rock'n'roll, ’quoted’ and ‘single’.	0	64	1	1	word	0	-	0	1
E	62	64	64	0
T	63	Hyphens: well-known, co‑operate (NB hyphen), e–mail (en dash), A—B (em dash).	0	77	1	1	word	0	-	0	1
E	63	77	77	0
T	64	URLs: https://lucene.apache.org/core/10_5_0/ and ftp://ftp.example.org/x_y.	0	75	1	1	word	0	-	0	1
E	64	75	75	0
T	65	Phone +1 (555) 012-3456 and IPv4 192.168.0.1, IPv6 fe80::1.	0	59	1	1	word	0	-	0	1
E	65	59	59	0
T	66	Currency $5.00 €4,50 £3 ¥200 ₹100 ₩1000 ₿0.01.	0	46	1	1	word	0	-	0	1
E	66	46	46	0
T	67	Emoji modifiers 👋🏻👋🏼👋🏽👋🏾👋🏿 and tags 🏴󠁧󠁢󠁳󠁣󠁴󠁿.	0	61	1	1	word	0	-	0	1
E	67	61	61	0
T	68	Keycaps 0️⃣ *️⃣ #⃣ 9⃣ and plain # * 0.	0	38	1	1	word	0	-	0	1
E	68	38	38	0
T	69	Regional indicators 🇺🇸🇬🇧🇫🇷 and a lone 🇦.	0	47	1	1	word	0	-	0	1
E	69	47	47	0
T	70	Mixed scripts in a word: abcабвαβγ123אבג.	0	41	1	1	word	0	-	0	1
E	70	41	41	0
T	71	Japanese long: 吾輩は猫である。名前はまだ無い。どこで生れたかとんと見当がつかぬ。	0	48	1	1	word	0	-	0	1
E	71	48	48	0
T	72	Chinese long: 学而时习之，不亦说乎？有朋自远方来，不亦乐乎？	0	37	1	1	word	0	-	0	1
E	72	37	37	0
T	73	Korean long: 동해 물과 백두산이 마르고 닳도록 하느님이 보우하사 우리나라 만세	0	49	1	1	word	0	-	0	1
E	73	49	49	0
T	74	Thai long: กรุงเทพมหานครเป็นเมืองหลวงของประเทศไทยและเป็นศูนย์กลางเศรษฐกิจ	0	73	1	1	word	0	-	0	1
E	74	73	73	0
T	75	Burmese long: မင်္ဂလာပါ။ ကျွန်တော်တို့သည်ရန်ကုန်မြို့တွင်နေထိုင်ကြသည်။	0	70	1	1	word	0	-	0	1
E	75	70	70	0
T	76	Khmer long: ខ្ញុំចូលចិត្តញ៉ាំបាយជាមួយត្រីអាំងនៅពេលល្ងាច	0	55	1	1	word	0	-	0	1
E	76	55	55	0
T	77	Lao long: ປະເທດລາວມີແມ່ນໍ້າຂອງໄຫຼຜ່ານຫຼາຍແຂວງ	0	45	1	1	word	0	-	0	1
E	77	45	45	0
T	78	Final line with only punctuation: ... ,,, !!! ??? ;;; ::: --- ___ ***	0	69	1	1	word	0	-	0	1
E	78	69	69	0
T	79	ᅟ‍̈①İᅟ	0	6	1	1	word	0	-	0	1
E	79	6	6	0
T	80	ིུ𝅳ﷺŉ	0	6	1	1	word	0	-	0	1
E	80	6	6	0
T	81	𠀀￾k	0	4	1	1	word	0	-	0	1
E	81	4	4	0
T	82	ṩᄁַＡｶsı𐐀­	0	10	1	1	word	0	-	0	1
E	82	10	10	0
T	83	ᅟ﻿̧􏿿ᅡ𝐀￾􏿿􏿿	0	14	1	1	word	0	-	0	1
E	83	14	14	0
T	84	̨क	0	2	1	1	word	0	-	0	1
E	84	2	2	0
T	85	𝅥ௗ	0	3	1	1	word	0	-	0	1
E	85	3	3	0
T	86	̴‎àா़ᅠⅣ㍿ாཀ	0	11	1	1	word	0	-	0	1
E	86	11	11	0
T	87	ּ𝐀𐐀াㅏ‎ྀ𝅳่⼀oａ	0	15	1	1	word	0	-	0	1
E	87	15	15	0
T	88	①①a􏿿ᄒ𝐀​ৗᅟ\tͅ	0	13	1	1	word	0	-	0	1
E	88	13	13	0
T	89	ொٓ	0	2	1	1	word	0	-	0	1
E	89	2	2	0
T	90	⃒	0	1	1	1	word	0	-	0	1
E	90	1	1	0
T	91	oোཱﬃᬵ〪힣	0	7	1	1	word	0	-	0	1
E	91	7	7	0
T	92	ཀﾠ𝆹𝅥א	0	5	1	1	word	0	-	0	1
E	92	5	5	0
T	93	ொ	0	1	1	1	word	0	-	0	1
E	93	1	1	0
T	94	𝅧⅓㉑่ﷺΣ𝅥〪	0	10	1	1	word	0	-	0	1
E	94	10	10	0
T	95	⼀ṩıéｶ　ּ𝅗𝅥ﾠi𝐀‍	0	14	1	1	word	0	-	0	1
E	95	14	14	0
T	96	ཱİཀA゚ིoำ	0	8	1	1	word	0	-	0	1
E	96	8	8	0
T	97	㎢	0	2	1	1	word	0	-	0	1
E	97	2	2	0
T	98	󠄀ḍᆧ⃒㍿⁠⁠	0	8	1	1	word	0	-	0	1
E	98	8	8	0
T	99	ּกᅠ̈	0	4	1	1	word	0	-	0	1
E	99	4	4	0
T	100	u𝅘𝅥‑𑂺ﷺ각ᄒ𝅗𝅥ᆨ	0	12	1	1	word	0	-	0	1
E	100	12	12	0
T	101	ςÅ्ŉᄁ͝	0	6	1	1	word	0	-	0	1
E	101	6	6	0
T	102	‌	0	1	1	1	word	0	-	0	1
E	102	1	1	0
T	103	󠀁𝟎ﾠ⼀	0	6	1	1	word	0	-	0	1
E	103	6	6	0
T	104	﻿्𝅳⃒豈🏽̊ৗ︀ ़Ω	0	14	1	1	word	0	-	0	1
E	104	14	14	0
T	105	ÅiেཱིǄ̧𠀀ְ	0	9	1	1	word	0	-	0	1
E	105	9	9	0
T	106	🏽㎢ᄀṩ🏽̊􏿿ͅ	0	11	1	1	word	0	-	0	1
E	106	11	11	0
T	107	ெ 	0	2	1	1	word	0	-	0	1
E	107	2	2	0
T	108	㎢ᄀͅẞ󠄀ㅏㄱ゚ΐุ͝ͅ	0	13	1	1	word	0	-	0	1
E	108	13	13	0
T	109	̵ß󠄀ᇂ𝅥ᅡ⅓	0	9	1	1	word	0	-	0	1
E	109	9	9	0
T	110	̣𝅗𝅥ㅤ̵กO ּe	0	10	1	1	word	0	-	0	1
E	110	10	10	0
T	111	𝅳²ཱུ㍿क	0	6	1	1	word	0	-	0	1
E	111	6	6	0
T	112	⼀Σᅡ가่ᅠ	0	6	1	1	word	0	-	0	1
E	112	6	6	0
T	113	󠀁ᄁกཱ𝟎𝐀	0	9	1	1	word	0	-	0	1
E	113	9	9	0
T	114	 ‑₂􏿿ٓ힤ᇂİ½𐐀𠀀ํ	0	15	1	1	word	0	-	0	1
E	114	15	15	0
T	115	S𑂙ᇂཱི	0	5	1	1	word	0	-	0	1
E	115	5	5	0
T	116	E　ᅠ︀〪①￾ ᬅ	0	9	1	1	word	0	-	0	1
E	116	9	9	0
T	117	ﾡᇂ‎⃒ཀ	0	5	1	1	word	0	-	0	1
E	117	5	5	0
T	118	iᅡུᅟ	0	4	1	1	word	0	-	0	1
E	118	4	4	0
T	119	𑂚𝅧゙각𝅭﻿	0	9	1	1	word	0	-	0	1
E	119	9	9	0
T	120	￾	0	1	1	1	word	0	-	0	1
E	120	1	1	0
T	121	⁠‌🏽Oͅㅏΐ․𐐀ᇃi­	0	14	1	1	word	0	-	0	1
E	121	14	14	0
T	122	𝅧	0	2	1	1	word	0	-	0	1
E	122	2	2	0
T	123	𝟎⃒‎𝅘𝅥ᅟ𝆹𝅥ㅤ‎𠀀ᇂσﷺ	0	16	1	1	word	0	-	0	1
E	123	16	16	0
T	124	᷎힤ẛㅏཱﾡﾡ😀ṩ	0	10	1	1	word	0	-	0	1
E	124	10	10	0
T	125	𝐀𝅗𝅥ে	0	5	1	1	word	0	-	0	1
E	125	5	5	0
T	126	sㄱི𑂚𝅗̨𝅥﻿	0	9	1	1	word	0	-	0	1
E	126	9	9	0
T	127	ａㅏ𠀀𐐀🄰ְ̣﻿￿ﬃ	0	13	1	1	word	0	-	0	1
E	127	13	13	0
T	128	𝐀ํ½𠀀㎢ᇃ゙ᇃ	0	10	1	1	word	0	-	0	1
E	128	10	10	0
T	129	㉑Ωﾡ	0	3	1	1	word	0	-	0	1
E	129	3	3	0
T	130	ṩ󠀁ᇂ가𝆹𝅥ﾞ‎ﷺ­क़̂	0	13	1	1	word	0	-	0	1
E	130	13	13	0
T	131	ᆧི𠀀ཱི🄰ཱཱུ̨	0	10	1	1	word	0	-	0	1
E	131	10	10	0
T	132	𐐀𑂙	0	4	1	1	word	0	-	0	1
E	132	4	4	0
T	133	ᬆﭏ힣‌􏿿𝅧ํ	0	9	1	1	word	0	-	0	1
E	133	9	9	0
T	134	ாཱུ𝅗𝅥ཀᇃ‍²א	0	9	1	1	word	0	-	0	1
E	134	9	9	0
T	135	ַㄱ🏽᷎ͅǄs	0	8	1	1	word	0	-	0	1
E	135	8	8	0
T	136	ḍ𝅘𝅥ํ‎	0	5	1	1	word	0	-	0	1
E	136	5	5	0
T	137	ㄱ	0	1	1	1	word	0	-	0	1
E	137	1	1	0
T	138	͜᠋א̨₂İ	0	6	1	1	word	0	-	0	1
E	138	6	6	0
T	139	ּᅠ﻿ŉṩ𑂙𠀀	0	9	1	1	word	0	-	0	1
E	139	9	9	0
T	140	ᬵᄀ͏ᅵ🏽ௗ‍😀	0	10	1	1	word	0	-	0	1
E	140	10	10	0
T	141	︀	0	1	1	1	word	0	-	0	1
E	141	1	1	0
T	142	𝅘𝅥ٓ	0	3	1	1	word	0	-	0	1
E	142	3	3	0
T	143	़्	0	2	1	1	word	0	-	0	1
E	143	2	2	0
T	144	﹤ৗ𝆹𝅥𝅗𝅥	0	6	1	1	word	0	-	0	1
E	144	6	6	0
T	145	각゙ 	0	3	1	1	word	0	-	0	1
E	145	3	3	0
T	146	각Ⅳ̨𝅘𝅥ᄒᬵO²‍	0	10	1	1	word	0	-	0	1
E	146	10	10	0
T	147	ௗ⅓	0	2	1	1	word	0	-	0	1
E	147	2	2	0
T	148	ᅡٓE𝅗𝅥	0	5	1	1	word	0	-	0	1
E	148	5	5	0
T	149	🏽𝅳﻿াS	0	8	1	1	word	0	-	0	1
E	149	8	8	0
T	150	Ωก각😀͜͜ெﾡ゚゙	0	11	1	1	word	0	-	0	1
E	150	11	11	0
T	151	ᅟ﻿ᆧ￾ᄀ̣㉑\t़️	0	10	1	1	word	0	-	0	1
E	151	10	10	0
T	152	ำᆧ𑂺ṩ〪‌²	0	8	1	1	word	0	-	0	1
E	152	8	8	0
T	153	￿ﾡ	0	2	1	1	word	0	-	0	1
E	153	2	2	0
T	154	₂𑂙	0	5	1	1	word	0	-	0	1
E	154	5	5	0
T	155	ﾠ　ﬃㄱ￾ḋk‌	0	8	1	1	word	0	-	0	1
E	155	8	8	0
T	156	́ᄁı𝆹𝅥ᅠা􏿿🄰ཱུᅡᅵ	0	14	1	1	word	0	-	0	1
E	156	14	14	0
T	157	İ	0	1	1	1	word	0	-	0	1
E	157	1	1	0
T	158	ﾡ 𠀀	0	4	1	1	word	0	-	0	1
E	158	4	4	0
T	159	ཱུ𝆹𝅥ৗིཀ	0	6	1	1	word	0	-	0	1
E	159	6	6	0
T	160	ㅤᄀ①‍ำE㉑	0	7	1	1	word	0	-	0	1
E	160	7	7	0
T	161	‌ཱᅡe़‎豈￿	0	8	1	1	word	0	-	0	1
E	161	8	8	0
T	162	𑂚￿ḋㅏ	0	5	1	1	word	0	-	0	1
E	162	5	5	0
T	163	ͅا￿Σ힤ᅟ𝆹𝅥⁠ᬵḍᇂA	0	13	1	1	word	0	-	0	1
E	163	13	13	0
T	164	Σ̧Ⅳ󠀁‌ุุ	0	8	1	1	word	0	-	0	1
E	164	8	8	0
T	165	ḍ￿़k𝟎	0	6	1	1	word	0	-	0	1
E	165	6	6	0
T	166	ྀก́𑂚ṩ᷎	0	7	1	1	word	0	-	0	1
E	166	7	7	0
T	167	̨	0	1	1	1	word	0	-	0	1
E	167	1	1	0
T	168	𝅧	0	2	1	1	word	0	-	0	1
E	168	2	2	0
T	169	￿︀ིི‌	0	5	1	1	word	0	-	0	1
E	169	5	5	0
T	170	ı힣	0	2	1	1	word	0	-	0	1
E	170	2	2	0
T	171	ΐᆧ	0	2	1	1	word	0	-	0	1
E	171	2	2	0
T	172	ᇃ힤iı𝅳ᬅ	0	7	1	1	word	0	-	0	1
E	172	7	7	0
T	173	Ω​	0	2	1	1	word	0	-	0	1
E	173	2	2	0
T	174	￿\t‌ÅᅡাÅאַ	0	8	1	1	word	0	-	0	1
E	174	8	8	0
T	175	𝅳a	0	3	1	1	word	0	-	0	1
E	175	3	3	0
T	176	﹤𝅗𝅥ı\tᆨཀ़힣ྀ	0	10	1	1	word	0	-	0	1
E	176	10	10	0
T	177	̴ௗṩÅ􏿿آ︀ํ‌😀	0	12	1	1	word	0	-	0	1
E	177	12	12	0
T	178	⅓￿	0	2	1	1	word	0	-	0	1
E	178	2	2	0
T	179	ㅏÅַཱུ𝆹𝅥\tİǰุ힣𝅘𝅥u	0	14	1	1	word	0	-	0	1
E	179	14	14	0
T	180	ৗ︀ཱུ가ǰᅟo	0	7	1	1	word	0	-	0	1
E	180	7	7	0
T	181	각‍Å𝆹𝅥﹤اσᅵ	0	9	1	1	word	0	-	0	1
E	181	9	9	0
T	182	ᄁொ　ａ₂￿￾₂	0	8	1	1	word	0	-	0	1
E	182	8	8	0
T	183	͜ḋΐ	0	3	1	1	word	0	-	0	1
E	183	3	3	0
T	184	ｶσkآ🄰᷎ொᄁḋཱᅟ	0	12	1	1	word	0	-	0	1
E	184	12	12	0
T	185	̣￾𝐀͝가াŉা㉑힣	0	11	1	1	word	0	-	0	1
E	185	11	11	0
T	186	⅓ৗ􏿿̂İ힤	0	7	1	1	word	0	-	0	1
E	186	7	7	0
T	187	ི😀ạ﻿	0	6	1	1	word	0	-	0	1
E	187	6	6	0
T	188	ΐַ🄰²𝟎힤ᅠ🉀︀ẛ	0	13	1	1	word	0	-	0	1
E	188	13	13	0
T	189	̣ŉ힣़\t	0	5	1	1	word	0	-	0	1
E	189	5	5	0
T	190	ᬆ․ǰ͝	0	4	1	1	word	0	-	0	1
E	190	4	4	0
T	191	￾ᅠ􏿿￿ৗ	0	6	1	1	word	0	-	0	1
E	191	6	6	0
T	192	ᬅ豈ཱᆨ̣‍͝𐐀̴ẛ가	0	12	1	1	word	0	-	0	1
E	192	12	12	0
T	193	ᆨ️ᄁ᠋Eu𝅧゚ᅠﬃς 	0	13	1	1	word	0	-	0	1
E	193	13	13	0
T	194	آσཱི‑̨ᬵ	0	6	1	1	word	0	-	0	1
E	194	6	6	0
T	195	ᅡ	0	1	1	1	word	0	-	0	1
E	195	1	1	0
T	196	ǰᆧᅵᇂི\t̊	0	7	1	1	word	0	-	0	1
E	196	7	7	0
T	197	़sกোṩｶᅠÅ①𑂺	0	11	1	1	word	0	-	0	1
E	197	11	11	0
T	198	̴	0	1	1	1	word	0	-	0	1
E	198	1	1	0
T	199	🄰ุ︀𝆹𝅥σeཀaᅠㅏཱྀ	0	13	1	1	word	0	-	0	1
E	199	13	13	0
T	200	ᆧ्ཱ﹤🏽ொุآ	0	9	1	1	word	0	-	0	1
E	200	9	9	0
T	201	İ᠋	0	2	1	1	word	0	-	0	1
E	201	2	2	0
T	202	ٓํ᠋￿ﷺ‎⃒🏽ᄒ⼀	0	11	1	1	word	0	-	0	1
E	202	11	11	0
T	203	Ǆ각	0	2	1	1	word	0	-	0	1
E	203	2	2	0
T	204	豈ํ͏ σ	0	5	1	1	word	0	-	0	1
E	204	5	5	0
T	205	͏ٓ️𝅗𝅥𝆹𝅥²S	0	9	1	1	word	0	-	0	1
E	205	9	9	0
T	206	ᅟǄ𝆹᷎𝅥ς₂ﾡς㎢	0	10	1	1	word	0	-	0	1
E	206	10	10	0
T	207	₂￿𝆹𝅥ᆧﾡ᠋🉀ᬅᅟํᇂǅ	0	14	1	1	word	0	-	0	1
E	207	14	14	0
T	208	ௗ\t⁠aཀ	0	5	1	1	word	0	-	0	1
E	208	5	5	0
T	209	ﾠ󠀁­A़ẞ𝅘ּ𝅥ᅠ😀sᅟ	0	15	1	1	word	0	-	0	1
E	209	15	15	0
T	210	Eㄱ̈̈🏽ḍoּA	0	10	1	1	word	0	-	0	1
E	210	10	10	0
T	211	㍿😀ㅏ𠀀्̊﻿𝅧힤K㉑	0	14	1	1	word	0	-	0	1
E	211	14	14	0
T	212	ᅟ	0	1	1	1	word	0	-	0	1
E	212	1	1	0
T	213	ᇃ𝅗𝅥😀힣ǅ̛ｶS	0	10	1	1	word	0	-	0	1
E	213	10	10	0
T	214	S丽E︀ᇂো 	0	8	1	1	word	0	-	0	1
E	214	8	8	0
T	215	̀	0	1	1	1	word	0	-	0	1
E	215	1	1	0
T	216	ᆧﬃ￾	0	3	1	1	word	0	-	0	1
E	216	3	3	0
T	217	ı\tǰİΩᇃ­𠀀ǰৗ	0	11	1	1	word	0	-	0	1
E	217	11	11	0
T	218	⼀ﾡŉᄁḍ￿𝅭	0	8	1	1	word	0	-	0	1
E	218	8	8	0
T	219	Å힤￾Oᅡᅡᅠ͝ẞß	0	10	1	1	word	0	-	0	1
E	219	10	10	0
T	220	‍ᆨ­ொOﷺ	0	6	1	1	word	0	-	0	1
E	220	6	6	0
T	221	ᆨאַσ	0	3	1	1	word	0	-	0	1
E	221	3	3	0
T	222	ํ	0	1	1	1	word	0	-	0	1
E	222	1	1	0
T	223	İ️	0	2	1	1	word	0	-	0	1
E	223	2	2	0
T	224	​i 𝟎᠋ᬅEß्￿ּ	0	12	1	1	word	0	-	0	1
E	224	12	12	0
T	225	゚ᅠⅣ½ᇃ\t힣ᅡA⁠	0	10	1	1	word	0	-	0	1
E	225	10	10	0
T	226	︀ςᆨａ‌󠄀 ͏آ𝐀ํ	0	13	1	1	word	0	-	0	1
E	226	13	13	0
T	227	🄰𑂙ㄱㅏ　‎	0	8	1	1	word	0	-	0	1
E	227	8	8	0
T	228	﹤ǰS\tㅤ क𑂙	0	9	1	1	word	0	-	0	1
E	228	9	9	0
T	229	᷎ㅏᅟொآ힣ིǅ𝅘𝅥ẛ	0	11	1	1	word	0	-	0	1
E	229	11	11	0
T	230	ㄱ〪𐐀　o힤ำ	0	8	1	1	word	0	-	0	1
E	230	8	8	0
T	231	ཱᄁ͏ཱུ🏽	0	6	1	1	word	0	-	0	1
E	231	6	6	0
T	232	‍‍ٓÅᅟß	0	6	1	1	word	0	-	0	1
E	232	6	6	0
T	233	ཱུ	0	1	1	1	word	0	-	0	1
E	233	1	1	0
T	234	ΐⅣা	0	3	1	1	word	0	-	0	1
E	234	3	3	0
T	235	क़sक़ı	0	4	1	1	word	0	-	0	1
E	235	4	4	0
T	236	ﾡ︀آ゚ᆧ	0	5	1	1	word	0	-	0	1
E	236	5	5	0
T	237	 ㎢􏿿ςொ\t﹤\tㅏে	0	11	1	1	word	0	-	0	1
E	237	11	11	0
T	238	ا	0	1	1	1	word	0	-	0	1
E	238	1	1	0
T	239	𑂚ẞא​	0	5	1	1	word	0	-	0	1
E	239	5	5	0
T	240	ﾡུᬵकᄒ̴Aẞ𑂙	0	10	1	1	word	0	-	0	1
E	240	10	10	0
T	241	ﭏ㎢	0	2	1	1	word	0	-	0	1
E	241	2	2	0
T	242	ﬁ͏⅓é	0	5	1	1	word	0	-	0	1
E	242	5	5	0
T	243	᠋	0	1	1	1	word	0	-	0	1
E	243	1	1	0
T	244	่ᄁﾞᬵᅟEǄ	0	7	1	1	word	0	-	0	1
E	244	7	7	0
T	245	ㅤ½￾゙ẞ󠄀\t‍ㅤ	0	10	1	1	word	0	-	0	1
E	245	10	10	0
T	246	ㅏ️￾	0	3	1	1	word	0	-	0	1
E	246	3	3	0
T	247	̵़𑂺aḍiS	0	8	1	1	word	0	-	0	1
E	247	8	8	0
T	248	éﷺ אσ͝	0	6	1	1	word	0	-	0	1
E	248	6	6	0
T	249	Ṣ각ํোḍㄱ	0	8	1	1	word	0	-	0	1
E	249	8	8	0
T	250	ཱ͏	0	2	1	1	word	0	-	0	1
E	250	2	2	0
T	251	ᅠ̂𐐀	0	4	1	1	word	0	-	0	1
E	251	4	4	0
T	252	ẛ𑂚	0	3	1	1	word	0	-	0	1
E	252	3	3	0
T	253	Σཀéᅡ	0	4	1	1	word	0	-	0	1
E	253	4	4	0
T	254	𠀀𝅗𝅥𝅗𝅥	0	6	1	1	word	0	-	0	1
E	254	6	6	0
T	255	्𑂚𑂚ᅟEㄱ가ᅠ	0	10	1	1	word	0	-	0	1
E	255	10	10	0
T	256	각	0	1	1	1	word	0	-	0	1
E	256	1	1	0
T	257	🏽힣̧k󠄀ᅡ😀ก	0	11	1	1	word	0	-	0	1
E	257	11	11	0
T	258	𐐀ﾡ͏ᇂㅤ­	0	7	1	1	word	0	-	0	1
E	258	7	7	0
T	259	𠀀ᆨᇂ🄰𑂚㉑	0	9	1	1	word	0	-	0	1
E	259	9	9	0
T	260	․া︀각𝅗𝅥ŉ	0	7	1	1	word	0	-	0	1
E	260	7	7	0
T	261	￿ְ𝅳ᅟཱིᅡ̊ᆨㅤ😀․ 	0	14	1	1	word	0	-	0	1
E	261	14	14	0
T	262	ḍᄁ	0	2	1	1	word	0	-	0	1
E	262	2	2	0
T	263	𝅗𝅥ﾡ᠋ᅠ️ུ	0	7	1	1	word	0	-	0	1
E	263	7	7	0
T	264	︀ᅡ𝅧E𝅳㉑ְ𝅘𝅥	0	11	1	1	word	0	-	0	1
E	264	11	11	0
T	265	ḍㅏ͏ᄀㅏu²	0	7	1	1	word	0	-	0	1
E	265	7	7	0
T	266	가uk🉀eোｶཱ̨　가	0	12	1	1	word	0	-	0	1
E	266	12	12	0
T	267	ﾡo￾‍􏿿ﾞ⼀ḋㅤ	0	10	1	1	word	0	-	0	1
E	267	10	10	0
T	268	K	0	1	1	1	word	0	-	0	1
E	268	1	1	0
T	269	󠄀ᆨO² 	0	6	1	1	word	0	-	0	1
E	269	6	6	0
T	270	²²ŉ①󠄀़	0	7	1	1	word	0	-	0	1
E	270	7	7	0
T	271	σ	0	1	1	1	word	0	-	0	1
E	271	1	1	0
T	272	가゚힤E￿ا𠀀ᄁﾡ	0	11	1	1	word	0	-	0	1
E	272	11	11	0
T	273	가󠄀ா゙ᅟ️	0	7	1	1	word	0	-	0	1
E	273	7	7	0
T	274	ß‍	0	2	1	1	word	0	-	0	1
E	274	2	2	0
T	275	㎢	0	1	1	1	word	0	-	0	1
E	275	1	1	0
T	276	\t	0	1	1	1	word	0	-	0	1
E	276	1	1	0
T	277	K􏿿가ﭏσͅאַᄀu	0	10	1	1	word	0	-	0	1
E	277	10	10	0
T	278	ŉ😀़ཀཱི𐐀゚̧	0	10	1	1	word	0	-	0	1
E	278	10	10	0
T	279	ﾡུEּٓ𑂚𝅗𝅥Ａํ	0	11	1	1	word	0	-	0	1
E	279	11	11	0
T	280	ུ	0	1	1	1	word	0	-	0	1
E	280	1	1	0
T	281	ⅣΩཱ̨᷎	0	5	1	1	word	0	-	0	1
E	281	5	5	0
T	282	𝟎﻿̴ᅟ	0	5	1	1	word	0	-	0	1
E	282	5	5	0
T	283	SΩ￾︀㍿︀￿kا	0	9	1	1	word	0	-	0	1
E	283	9	9	0
T	284	͜ำ 	0	3	1	1	word	0	-	0	1
E	284	3	3	0
T	285	𝅘𝅥ᅠ	0	3	1	1	word	0	-	0	1
E	285	3	3	0
T	286	­ﭏς𠀀Ａﾞ̂ﾡᅟᄒ🏽𐐀	0	15	1	1	word	0	-	0	1
E	286	15	15	0
T	287	क़͏﹤ıᄒ゙ᅠŉı่	0	10	1	1	word	0	-	0	1
E	287	10	10	0
T	288	ﾠ𝅘𝅥ாσ①丽힤½	0	10	1	1	word	0	-	0	1
E	288	10	10	0
T	289	ㅤςΐỊ̇𠀀⅓	0	8	1	1	word	0	-	0	1
E	289	8	8	0
T	290	𝅘𝅥­̛𝟎োྀ𝅭	0	10	1	1	word	0	-	0	1
E	290	10	10	0
T	291	ཱḍ︀ாKৗ￾ﾠ﹤	0	9	1	1	word	0	-	0	1
E	291	9	9	0
T	292	﹤ㄱᆧ	0	4	1	1	word	0	-	0	1
E	292	4	4	0
T	293	‎	0	1	1	1	word	0	-	0	1
E	293	1	1	0
T	294	゚ㅏ힤ུ­ᄀḋㄱ😀ᆨְẛ	0	13	1	1	word	0	-	0	1
E	294	13	13	0
T	295	½️ᇂ㎢⁠𠀀ㅤ	0	8	1	1	word	0	-	0	1
E	295	8	8	0
T	296	͏̀	0	2	1	1	word	0	-	0	1
E	296	2	2	0
T	297	̀क😀🏽𝅭ᅵe〪ﾡǄs	0	15	1	1	word	0	-	0	1
E	297	15	15	0
T	298	אַ​	0	2	1	1	word	0	-	0	1
E	298	2	2	0
T	299	ᅠͅA	0	3	1	1	word	0	-	0	1
E	299	3	3	0
T	300	𠀀🏽	0	4	1	1	word	0	-	0	1
E	300	4	4	0
T	301	ְٓ	0	2	1	1	word	0	-	0	1
E	301	2	2	0
T	302	⅓	0	1	1	1	word	0	-	0	1
E	302	1	1	0
T	303	́آ	0	2	1	1	word	0	-	0	1
E	303	2	2	0
T	304	̛ͅ㎢ཱུ᠋	0	5	1	1	word	0	-	0	1
E	304	5	5	0
T	305	ְ․ᆨ각ְ	0	5	1	1	word	0	-	0	1
E	305	5	5	0
T	306	ㄱᄒ𝅧ํ	0	5	1	1	word	0	-	0	1
E	306	5	5	0
T	307	ẛA⃒	0	3	1	1	word	0	-	0	1
E	307	3	3	0
T	308	ᇃ丽ﾞÅாㅤ𠀀ְ͜ᇂ	0	12	1	1	word	0	-	0	1
E	308	12	12	0
T	309	ẛ𝆹𝅥​ᄁ\t︀Å͝uᇂ𠀀𠀀	0	15	1	1	word	0	-	0	1
E	309	15	15	0
T	310	ᬅ〪	0	2	1	1	word	0	-	0	1
E	310	2	2	0
T	311	ํاａ🉀ﬁ	0	6	1	1	word	0	-	0	1
E	311	6	6	0
T	312	ํ⁠ΐａ￾ı	0	6	1	1	word	0	-	0	1
E	312	6	6	0
T	313	éְ豈ıoﾞΐ󠄀𑂚	0	11	1	1	word	0	-	0	1
E	313	11	11	0
T	314	ে🏽א	0	4	1	1	word	0	-	0	1
E	314	4	4	0
T	315	ﷺᅟ각ַི￿゙𝟎	0	9	1	1	word	0	-	0	1
E	315	9	9	0
T	316	ᅵ󠀁ཱᅡ𑂙𐐀각ཀ	0	11	1	1	word	0	-	0	1
E	316	11	11	0
T	317	ཱུ️𑂙	0	4	1	1	word	0	-	0	1
E	317	4	4	0
T	318	ᇂǄো힣ͅ	0	5	1	1	word	0	-	0	1
E	318	5	5	0
T	319	ᄀ﻿k	0	3	1	1	word	0	-	0	1
E	319	3	3	0
T	320	ᆨ़	0	2	1	1	word	0	-	0	1
E	320	2	2	0
T	321	﹤ெＡ🄰🉀Ǆ	0	8	1	1	word	0	-	0	1
E	321	8	8	0
T	322	ᇂⅣOᆧּ	0	5	1	1	word	0	-	0	1
E	322	5	5	0
T	323	ᅟ­Σı½ａ	0	6	1	1	word	0	-	0	1
E	323	6	6	0
T	324	￾😀ẛᆨ̊𐐀	0	8	1	1	word	0	-	0	1
E	324	8	8	0
T	325	゙ 	0	2	1	1	word	0	-	0	1
E	325	2	2	0
T	326	½ุཀﾠᅡ⼀ﬁ豈ּǅ	0	10	1	1	word	0	-	0	1
E	326	10	10	0
T	327	ᅟ힣𝅘ּ𝅥ᅠﾡི⁠̴😀	0	12	1	1	word	0	-	0	1
E	327	12	12	0
T	328	ᅠ	0	1	1	1	word	0	-	0	1
E	328	1	1	0
T	329	ำṩΩ₂Å􏿿〪eোﷺ가o	0	13	1	1	word	0	-	0	1
E	329	13	13	0
T	330	ெא	0	2	1	1	word	0	-	0	1
E	330	2	2	0
T	331	̣ᄁÅᆨெেǰ̧	0	8	1	1	word	0	-	0	1
E	331	8	8	0
T	332	각	0	1	1	1	word	0	-	0	1
E	332	1	1	0
T	333	ก	0	1	1	1	word	0	-	0	1
E	333	1	1	0
T	334	אַΣ󠄀𝐀াּ가ཀ􏿿	0	12	1	1	word	0	-	0	1
E	334	12	12	0
T	335	ﾠ	0	1	1	1	word	0	-	0	1
E	335	1	1	0
T	336	Ａi̧ে	0	4	1	1	word	0	-	0	1
E	336	4	4	0
T	337	͝ᇂᅠ︀̂ḋ힤ཱּ̧ΐ	0	12	1	1	word	0	-	0	1
E	337	12	12	0
T	338	̊𝅗𝅥ᅵㅏᬆ🄰	0	8	1	1	word	0	-	0	1
E	338	8	8	0
T	339	σㅤ‍	0	3	1	1	word	0	-	0	1
E	339	3	3	0
T	340	k͏	0	2	1	1	word	0	-	0	1
E	340	2	2	0
T	341	ᄀ𝅘𝅥ŉཱུ․ﾠொཱ⼀	0	10	1	1	word	0	-	0	1
E	341	10	10	0
T	342	Ẹ􏿿ㅏᅟᇂ₂가‍	0	10	1	1	word	0	-	0	1
E	342	10	10	0
T	343	􏿿ᄒA	0	4	1	1	word	0	-	0	1
E	343	4	4	0
T	344	😀oุ􏿿ṩς	0	8	1	1	word	0	-	0	1
E	344	8	8	0
T	345	𐐀uṩㄱＡᄒ	0	7	1	1	word	0	-	0	1
E	345	7	7	0
T	346	̵़O🄰𠀀	0	7	1	1	word	0	-	0	1
E	346	7	7	0
T	347	𝅳󠄀　ᄒ̴ﭏ️ÅＡE	0	12	1	1	word	0	-	0	1
E	347	12	12	0
T	348	􏿿א𝅥⁠Ⅳ‌㉑	0	9	1	1	word	0	-	0	1
E	348	9	9	0
T	349	ᄒ각া	0	3	1	1	word	0	-	0	1
E	349	3	3	0
T	350	￾Ⅳ‍o 힤‌Åḋི￿𐐀	0	13	1	1	word	0	-	0	1
E	350	13	13	0
T	351	⃒ᅵＡ􏿿‍𝅗𝅥ᬵᇂ힣ְ	0	12	1	1	word	0	-	0	1
E	351	12	12	0
T	352	ུ􏿿〪𐐀aᇂ½	0	9	1	1	word	0	-	0	1
E	352	9	9	0
T	353	\t丽͏丽𝅧🉀²ெ゙א͜	0	16	1	1	word	0	-	0	1
E	353	16	16	0
T	354	ㅤᆨσ‌힤	0	5	1	1	word	0	-	0	1
E	354	5	5	0
T	355	­⁠	0	2	1	1	word	0	-	0	1
E	355	2	2	0
T	356	्ᇂ￿İ🏽	0	6	1	1	word	0	-	0	1
E	356	6	6	0
T	357	가𝅭𠀀𠀀क़ﷺཱﷺ‌s	0	13	1	1	word	0	-	0	1
E	357	13	13	0
T	358	E	0	1	1	1	word	0	-	0	1
E	358	1	1	0
T	359	𝅳․ַ	0	4	1	1	word	0	-	0	1
E	359	4	4	0
T	360	̂Σ각ᇃᅡ	0	5	1	1	word	0	-	0	1
E	360	5	5	0
T	361	𑂺􏿿힤ᆨﷺ豈ᅡᅠ․‌ﭏ₂	0	14	1	1	word	0	-	0	1
E	361	14	14	0
T	362	ᅠᄁ़゚ᄒı 	0	7	1	1	word	0	-	0	1
E	362	7	7	0
T	363	ᅠᅟ	0	2	1	1	word	0	-	0	1
E	363	2	2	0
T	364	̨	0	1	1	1	word	0	-	0	1
E	364	1	1	0
T	365	्ে	0	2	1	1	word	0	-	0	1
E	365	2	2	0
T	366	😀	0	2	1	1	word	0	-	0	1
E	366	2	2	0
T	367	ᅵsㅤक़ཀ⁠￿🏽ᄒK𝅘𝅥	0	13	1	1	word	0	-	0	1
E	367	13	13	0
T	368	︀ㅤ	0	2	1	1	word	0	-	0	1
E	368	2	2	0
T	369	𝆹𝅥क्	0	4	1	1	word	0	-	0	1
E	369	4	4	0
T	370	𝅗𝅥ﾠᄒᅟᅡᬵ𑂚ཱི	0	10	1	1	word	0	-	0	1
E	370	10	10	0
T	371	a𝅘⃒゙𝅥\t	0	6	1	1	word	0	-	0	1
E	371	6	6	0
T	372	ᄀΣ	0	2	1	1	word	0	-	0	1
E	372	2	2	0
T	373	k𝅳़ŉsא￿אㄱ	0	10	1	1	word	0	-	0	1
E	373	10	10	0
T	374	ᇂᆨ⼀ᅟᅠ󠀁𑂙각­	0	11	1	1	word	0	-	0	1
E	374	11	11	0
T	375	𑂚⃒𑂺􏿿𑂙	0	9	1	1	word	0	-	0	1
E	375	9	9	0
T	376	a₂〪󠄀🉀𝅘𝅥　㍿ｶσ	0	13	1	1	word	0	-	0	1
E	376	13	13	0
T	377	ᅠㅤ̣क़ི㍿丽̵𝅭ᇃཀ￾	0	14	1	1	word	0	-	0	1
E	377	14	14	0
T	378	K🉀אַ‎​ ְ́	0	9	1	1	word	0	-	0	1
E	378	9	9	0
T	379	𠀀㎢ᄁ․𝆹𝅥𑂚	0	9	1	1	word	0	-	0	1
E	379	9	9	0
T	380	ﾠᆨ𝅥	0	4	1	1	word	0	-	0	1
E	380	4	4	0
T	381	￿󠀁ᄁo゚ᄀ𠀀￾E󠀁	0	13	1	1	word	0	-	0	1
E	381	13	13	0
T	382	آெ़゚ﭏ	0	6	1	1	word	0	-	0	1
E	382	6	6	0
T	383	ﬃ\tOe‎⃒̛ı	0	8	1	1	word	0	-	0	1
E	383	8	8	0
T	384	︀ᅟ	0	2	1	1	word	0	-	0	1
E	384	2	2	0
T	385	㉑া까क़	0	6	1	1	word	0	-	0	1
E	385	6	6	0
T	386	Åཱི①σŉ	0	5	1	1	word	0	-	0	1
E	386	5	5	0
T	387	𝅗𝅥🏽𝅗𝅥	0	6	1	1	word	0	-	0	1
E	387	6	6	0
T	388	﻿𑂺ᅠ	0	4	1	1	word	0	-	0	1
E	388	4	4	0
T	389	힣Å𠀀	0	4	1	1	word	0	-	0	1
E	389	4	4	0
T	390	￾ཱུ̣𐐀⅓	0	6	1	1	word	0	-	0	1
E	390	6	6	0
T	391	ᅟǰ	0	2	1	1	word	0	-	0	1
E	391	2	2	0
T	392	آ⃒	0	2	1	1	word	0	-	0	1
E	392	2	2	0
T	393		0	1	1	1	word	0	-	0	1
E	393	1	1	0
T	394	‌힣𑂙ẞ	0	5	1	1	word	0	-	0	1
E	394	5	5	0
T	395	​ḋིᅟ̧ௗo𝅗𝅥	0	9	1	1	word	0	-	0	1
E	395	9	9	0
T	396	ẛａ	0	2	1	1	word	0	-	0	1
E	396	2	2	0
T	397	ﾞ़̨ㅏ͝k𑂺𝆹𝅥ᆧᅠ	0	12	1	1	word	0	-	0	1
E	397	12	12	0
T	398	ᆧ‎Σ․Eᅠ︀ﾠིͅ	0	10	1	1	word	0	-	0	1
E	398	10	10	0
T	399	͏𠀀ཀ𑂙ཱིo😀𝅧่	0	13	1	1	word	0	-	0	1
E	399	13	13	0
T	400	ᄁ e각￿	0	5	1	1	word	0	-	0	1
E	400	5	5	0
T	401	ΣΩ🏽	0	4	1	1	word	0	-	0	1
E	401	4	4	0
T	402	각힤	0	2	1	1	word	0	-	0	1
E	402	2	2	0
T	403	ௗ𝅗𝅥․Å	0	5	1	1	word	0	-	0	1
E	403	5	5	0
T	404	Ω︀᠋̵̈	0	5	1	1	word	0	-	0	1
E	404	5	5	0
T	405	İௗᅡ	0	3	1	1	word	0	-	0	1
E	405	3	3	0
T	406	 	0	1	1	1	word	0	-	0	1
E	406	1	1	0
T	407	ุ	0	1	1	1	word	0	-	0	1
E	407	1	1	0
T	408	￾ﾡ­ཱྀ𝅥ẛ⼀󠄀Ａ	0	12	1	1	word	0	-	0	1
E	408	12	12	0
T	409	𝅗𝅥⅓𝅗𝅥︀	0	6	1	1	word	0	-	0	1
E	409	6	6	0
T	410	𝐀	0	2	1	1	word	0	-	0	1
E	410	2	2	0
T	411	ﾠ	0	1	1	1	word	0	-	0	1
E	411	1	1	0
T	412	󠄀․̛𐐀E	0	7	1	1	word	0	-	0	1
E	412	7	7	0
T	413	क़가͏각ǰ्Ω￿ெǄ	0	10	1	1	word	0	-	0	1
E	413	10	10	0
T	414	ㄱְक゚ᄀı	0	6	1	1	word	0	-	0	1
E	414	6	6	0
T	415	İe가İ￿ٓa	0	7	1	1	word	0	-	0	1
E	415	7	7	0
T	416	Aᄒ𝅗𝅥	0	4	1	1	word	0	-	0	1
E	416	4	4	0
T	417	‎ᆧ̊힤가ςo़	0	8	1	1	word	0	-	0	1
E	417	8	8	0
T	418	ﬃeאํཱ	0	5	1	1	word	0	-	0	1
E	418	5	5	0
T	419	￿ẛ𝅗𝅥ํ각𑂺่ཱྀO‎	0	12	1	1	word	0	-	0	1
E	419	12	12	0
T	420	􏿿ᆧᄁ𠀀ᬅᇂḋ각𠀀͜🉀‑	0	16	1	1	word	0	-	0	1
E	420	16	16	0
T	421	️ḍ	0	2	1	1	word	0	-	0	1
E	421	2	2	0
T	422	𝆹𝅥ㅏOﾠßུᅟ𝅳𐐀ে	0	13	1	1	word	0	-	0	1
E	422	13	13	0
T	423	Oำ͜ก𝐀ᅟ	0	7	1	1	word	0	-	0	1
E	423	7	7	0
T	424	𝅘𝅥①́	0	5	1	1	word	0	-	0	1
E	424	5	5	0
T	425	ㅤ힤	0	2	1	1	word	0	-	0	1
E	425	2	2	0
T	426	ํᅡAַุ	0	5	1	1	word	0	-	0	1
E	426	5	5	0
T	427	ßְﾡ	0	3	1	1	word	0	-	0	1
E	427	3	3	0
T	428	‑éྀ︀🏽ẞ￿	0	8	1	1	word	0	-	0	1
E	428	8	8	0
T	429	𝅘𝅥	0	2	1	1	word	0	-	0	1
E	429	2	2	0
T	430	é𝅘𝅥	0	3	1	1	word	0	-	0	1
E	430	3	3	0
T	431	𝅘𝅥	0	2	1	1	word	0	-	0	1
E	431	2	2	0
T	432	ொ￾ﬃ	0	3	1	1	word	0	-	0	1
E	432	3	3	0
T	433	゙ཱྀ᠋कŉａַཱ	0	8	1	1	word	0	-	0	1
E	433	8	8	0
T	434	𝅭ᬅ	0	3	1	1	word	0	-	0	1
E	434	3	3	0
T	435	ﾠㄱ․्ཱྀﬃ	0	6	1	1	word	0	-	0	1
E	435	6	6	0
T	436	가	0	2	1	1	word	0	-	0	1
E	436	2	2	0
T	437	ּ​𠀀ொ𑂺̈	0	9	1	1	word	0	-	0	1
E	437	9	9	0
T	438	𝆹ַ̧𝅥̂	0	5	1	1	word	0	-	0	1
E	438	5	5	0
T	439	ḍΩ	0	2	1	1	word	0	-	0	1
E	439	2	2	0
T	440	̀ａẛﬃ􏿿🄰ৗḋ	0	10	1	1	word	0	-	0	1
E	440	10	10	0
T	441	‍ᅟุ­	0	4	1	1	word	0	-	0	1
E	441	4	4	0
T	442	ᇃ​	0	2	1	1	word	0	-	0	1
E	442	2	2	0
T	443	ﭏ🉀ㅏǄᅟ	0	6	1	1	word	0	-	0	1
E	443	6	6	0
T	444	𝟎ᅠǅuٓ	0	6	1	1	word	0	-	0	1
E	444	6	6	0
T	445	𑂺①ּ​⼀￾אַ🄰‌	0	11	1	1	word	0	-	0	1
E	445	11	11	0
T	446	̛㉑ᇃ𝅗𝅥ς	0	6	1	1	word	0	-	0	1
E	446	6	6	0
T	447	ᅟᬵุ𝅥ẞᆨ	0	7	1	1	word	0	-	0	1
E	447	7	7	0
T	448	ৗٓ²ো̂ςאַ𝆹𝅥𝆹𝅥क़￾	0	13	1	1	word	0	-	0	1
E	448	13	13	0
T	449	ﬁ̴ｶ゙ 丽א﹤	0	9	1	1	word	0	-	0	1
E	449	9	9	0
T	450	ᄒำEᄁσ․ᄒᆨ	0	8	1	1	word	0	-	0	1
E	450	8	8	0
T	451	󠀁￿E𝆹𝅥〪ṩ𠀀A각😀	0	14	1	1	word	0	-	0	1
E	451	14	14	0
T	452	ཱᬅ́️ᄀᅟ️	0	7	1	1	word	0	-	0	1
E	452	7	7	0
T	453	㍿	0	1	1	1	word	0	-	0	1
E	453	1	1	0
T	454	ௗ𐐀̀𐐀ㄱﭏํ	0	9	1	1	word	0	-	0	1
E	454	9	9	0
T	455	ḍאุ𝅥ᇃẞΐǅ	0	9	1	1	word	0	-	0	1
E	455	9	9	0
T	456	힣İ󠀁𝅳	0	6	1	1	word	0	-	0	1
E	456	6	6	0
T	457	ெ	0	1	1	1	word	0	-	0	1
E	457	1	1	0
T	458	ςİ	0	2	1	1	word	0	-	0	1
E	458	2	2	0
T	459	𐐀️	0	3	1	1	word	0	-	0	1
E	459	3	3	0
T	460	ﾠ⅓̛	0	3	1	1	word	0	-	0	1
E	460	3	3	0
T	461	ͅ𐐀㉑	0	4	1	1	word	0	-	0	1
E	461	4	4	0
T	462	゙ᅠٓEσ	0	5	1	1	word	0	-	0	1
E	462	5	5	0
T	463	￾	0	1	1	1	word	0	-	0	1
E	463	1	1	0
T	464	ﭏ􏿿	0	3	1	1	word	0	-	0	1
E	464	3	3	0
T	465	o゙	0	2	1	1	word	0	-	0	1
E	465	2	2	0
T	466	Å	0	1	1	1	word	0	-	0	1
E	466	1	1	0
T	467	ে𑂚éאo	0	6	1	1	word	0	-	0	1
E	467	6	6	0
T	468	ᇂ𝟎	0	3	1	1	word	0	-	0	1
E	468	3	3	0
T	469	ㅤＡํ𠀀ǅெ	0	7	1	1	word	0	-	0	1
E	469	7	7	0
T	470	ﾡﾠ𑂚⁠ำ힤ᅟ​ㄱ𑂺	0	12	1	1	word	0	-	0	1
E	470	12	12	0
T	471	א﹤	0	2	1	1	word	0	-	0	1
E	471	2	2	0
T	472	ุᅠ𝆹𝅥াa゚丽𝅗𝅥 	0	12	1	1	word	0	-	0	1
E	472	12	12	0
T	473	丽‍丽אொ	0	7	1	1	word	0	-	0	1
E	473	7	7	0
T	474	‍אַǄּ̊ٓ	0	6	1	1	word	0	-	0	1
E	474	6	6	0
T	475	़ㄱا😀􏿿‍゙	0	9	1	1	word	0	-	0	1
E	475	9	9	0
T	476	़가oאַ￾A	0	7	1	1	word	0	-	0	1
E	476	7	7	0
T	477	豈Kᅠ̣․ᬅ㉑éᬵﾡ￾́	0	12	1	1	word	0	-	0	1
E	477	12	12	0
T	478	̴ᄁ􏿿𝅳	0	6	1	1	word	0	-	0	1
E	478	6	6	0
T	479	̣ก😀ㄱ🄰﻿각	0	9	1	1	word	0	-	0	1
E	479	9	9	0
T	480	ᅟ	0	1	1	1	word	0	-	0	1
E	480	1	1	0
T	481	󠄀़ßᆨ가ํ	0	7	1	1	word	0	-	0	1
E	481	7	7	0
T	482	ḍﭏﾠ￿ḍאַ𑂙i﻿	0	10	1	1	word	0	-	0	1
E	482	10	10	0
T	483	Åé🉀𝅧￿丽𝅗𝅥ٓ\tᬅᆨ⅓	0	16	1	1	word	0	-	0	1
E	483	16	16	0
T	484	ΐ	0	1	1	1	word	0	-	0	1
E	484	1	1	0
T	485	ཱི𝅘𝅥￾𝅳ΣΩᅟᅟŉ	0	11	1	1	word	0	-	0	1
E	485	11	11	0
T	486	̧ﾠொ͏ᅟ­ᬅᄒ	0	8	1	1	word	0	-	0	1
E	486	8	8	0
T	487	𑂺ß̈𝆹𝅥̣	0	7	1	1	word	0	-	0	1
E	487	7	7	0
T	488	ŉᆧ	0	2	1	1	word	0	-	0	1
E	488	2	2	0
T	489	̛ṩ⼀𑂙͏Aᄒ	0	8	1	1	word	0	-	0	1
E	489	8	8	0
T	490	⅓	0	1	1	1	word	0	-	0	1
E	490	1	1	0
T	491	İ\teַﬁ😀ḍ	0	8	1	1	word	0	-	0	1
E	491	8	8	0
T	492	sַ̊	0	3	1	1	word	0	-	0	1
E	492	3	3	0
T	493	ß	0	1	1	1	word	0	-	0	1
E	493	1	1	0
T	494	ּ ᅟ\tΩᅠ𐐀ḋொ½	0	11	1	1	word	0	-	0	1
E	494	11	11	0
T	495	ﾡ	0	1	1	1	word	0	-	0	1
E	495	1	1	0
T	496	゙ǅu	0	3	1	1	word	0	-	0	1
E	496	3	3	0
T	497	ﾞ각􏿿🏽ᇃs￿ΐ़ᄀ𑂚ᇂ	0	15	1	1	word	0	-	0	1
E	497	15	15	0
T	498	𝅘𝅥𝅭ﾞཱெᅠᇂאַก	0	11	1	1	word	0	-	0	1
E	498	11	11	0
T	499	․	0	1	1	1	word	0	-	0	1
E	499	1	1	0
T	500	ུक‍ᅟ𝟎̨K￾󠀁𝅘𝅥	0	13	1	1	word	0	-	0	1
E	500	13	13	0
T	501	̵ßௗ	0	3	1	1	word	0	-	0	1
E	501	3	3	0
T	502	iǄ	0	2	1	1	word	0	-	0	1
E	502	2	2	0
T	503	‌ᬵᄁ𝅧𝅘𝅥ᅠᅟּ́\tௗ각	0	14	1	1	word	0	-	0	1
E	503	14	14	0
T	504	‑̣ͅொ𠀀ொÅ🄰􏿿̂Eḍ	0	15	1	1	word	0	-	0	1
E	504	15	15	0
T	505	ａı․	0	3	1	1	word	0	-	0	1
E	505	3	3	0
T	506	‑ொᆨㄱ	0	4	1	1	word	0	-	0	1
E	506	4	4	0
T	507	͝ßａ	0	3	1	1	word	0	-	0	1
E	507	3	3	0
T	508	Ŝ㉑𐐀ﭏ㍿ཱ̣ǅ	0	10	1	1	word	0	-	0	1
E	508	10	10	0
T	509	E豈กㄱཱİ	0	6	1	1	word	0	-	0	1
E	509	6	6	0
T	510	া𑂺ǅ​	0	5	1	1	word	0	-	0	1
E	510	5	5	0
T	511	ཱྀ豈︀𝟎­ᅟㅤͅ﻿	0	10	1	1	word	0	-	0	1
E	511	10	10	0
T	512	ŉ㉑ཀ	0	3	1	1	word	0	-	0	1
E	512	3	3	0
T	513	ﭏ힣․İௗ￾กํ￿	0	9	1	1	word	0	-	0	1
E	513	9	9	0
T	514	𝅘्ཱ𝅥	0	4	1	1	word	0	-	0	1
E	514	4	4	0
T	515	ᇂ्Ωᅠﷺᇂ	0	6	1	1	word	0	-	0	1
E	515	6	6	0
T	516	￾	0	1	1	1	word	0	-	0	1
E	516	1	1	0
T	517	ﬃ	0	1	1	1	word	0	-	0	1
E	517	1	1	0
T	518	ཱྀ󠀁􏿿‍丽가א😀́𝆹𝅥ǰ	0	16	1	1	word	0	-	0	1
E	518	16	16	0
T	519	⃒Ａㅤａ	0	4	1	1	word	0	-	0	1
E	519	4	4	0
T	520	ᇃᇂཱྀᄀཱིA️	0	7	1	1	word	0	-	0	1
E	520	7	7	0
T	521	힣︀Aᅠ𝅥𑂙ß	0	9	1	1	word	0	-	0	1
E	521	9	9	0
T	522	ａ가₂̂ا᷎ᄀো	0	8	1	1	word	0	-	0	1
E	522	8	8	0
T	523	﹤Aㄱ𝅳ｶ丽	0	8	1	1	word	0	-	0	1
E	523	8	8	0
T	524	̴ᅟொᄁ̈ก	0	6	1	1	word	0	-	0	1
E	524	6	6	0
T	525	￿्︀⼀𝆹𝅥aǄㅏA	0	10	1	1	word	0	-	0	1
E	525	10	10	0
T	526	ḍ𝅳ཀᅟé₂⃒𐐀ᄁ힣︀	0	13	1	1	word	0	-	0	1
E	526	13	13	0
T	527	u़ᅟ𠀀ᆧᬅＡᇂ‎😀	0	12	1	1	word	0	-	0	1
E	527	12	12	0
T	528	̴ﾞᄀ̊ς᠋ㅤ़ﾡ	0	9	1	1	word	0	-	0	1
E	528	9	9	0
T	529	㍿ŉẞᄒ각゙اE₂	0	9	1	1	word	0	-	0	1
E	529	9	9	0
T	530	􏿿̨	0	3	1	1	word	0	-	0	1
E	530	3	3	0
T	531	̨ḍ᠋aﾠⅣ‎󠀁	0	10	1	1	word	0	-	0	1
E	531	10	10	0
T	532	ß􏿿אַᅟ゙ᄒe𠀀🉀Å	0	13	1	1	word	0	-	0	1
E	532	13	13	0
T	533	̵ﾡ‍ᅟḍﾞ	0	6	1	1	word	0	-	0	1
E	533	6	6	0
T	534	ﭏاé㉑̈	0	5	1	1	word	0	-	0	1
E	534	5	5	0
T	535	oᆨ﻿ΐ𝅳²􏿿̀	0	10	1	1	word	0	-	0	1
E	535	10	10	0
T	536	ａᄁᬆཱ🉀	0	6	1	1	word	0	-	0	1
E	536	6	6	0
T	537	ᆧ⁠ٓ ㉑Ǆ̧é	0	8	1	1	word	0	-	0	1
E	537	8	8	0
T	538	🄰⁠	0	3	1	1	word	0	-	0	1
E	538	3	3	0
