T	0	the	0	3	1	1	word	0	-	0	1
T	0	quick-witted	4	16	1	1	word	0	-	0	1
T	0	resume	17	23	1	1	word	0	-	0	1
T	0	of	24	26	1	1	word	0	-	0	1
T	0	angstrom's	27	37	1	1	word	0	-	0	1
T	0	cafe:	38	43	1	1	word	0	-	0	1
T	0	naive	44	49	1	1	word	0	-	0	1
T	0	cooperation,	50	62	1	1	word	0	-	0	1
T	0	facade	63	69	1	1	word	0	-	0	1
T	0	&	70	71	1	1	word	0	-	0	1
T	0	pinata.	72	79	1	1	word	0	-	0	1
E	0	79	79	0
T	1	strasse,	0	7	1	1	word	0	-	0	1
T	1	strasse	8	15	1	1	word	0	-	0	1
T	1	und	16	19	1	1	word	0	-	0	1
T	1	massstab:	20	28	1	1	word	0	-	0	1
T	1	grosse	29	34	1	1	word	0	-	0	1
T	1	andert	35	41	1	1	word	0	-	0	1
T	1	sich	42	46	1	1	word	0	-	0	1
T	1	nicht,	47	53	1	1	word	0	-	0	1
T	1	aber	54	58	1	1	word	0	-	0	1
T	1	ss	59	60	1	1	word	0	-	0	1
T	1	ist	61	64	1	1	word	0	-	0	1
T	1	gross.	65	70	1	1	word	0	-	0	1
E	1	70	70	0
T	2	istanbul'da	0	11	1	1	word	0	-	0	1
T	2	ilik	12	16	1	1	word	0	-	0	1
T	2	bir	17	20	1	1	word	0	-	0	1
T	2	aksam;	21	27	1	1	word	0	-	0	1
T	2	igdir	28	33	1	1	word	0	-	0	1
T	2	ve	34	36	1	1	word	0	-	0	1
T	2	ispanak	37	44	1	1	word	0	-	0	1
T	2	ile	45	48	1	1	word	0	-	0	1
T	2	ilgili	49	55	1	1	word	0	-	0	1
T	2	notlar.	56	63	1	1	word	0	-	0	1
E	2	63	63	0
T	3	οδυσσευσ	0	8	1	1	word	0	-	0	1
T	3	ταξιδεψε	9	17	1	1	word	0	-	0	1
T	3	στην	18	22	1	1	word	0	-	0	1
T	3	ιθακη	23	29	1	1	word	0	-	0	1
T	3	ο	30	31	1	1	word	0	-	0	1
T	3	λογοσ	32	37	1	1	word	0	-	0	1
T	3	ηταν	38	42	1	1	word	0	-	0	1
T	3	απλοσ,	43	49	1	1	word	0	-	0	1
T	3	οπωσ	50	54	1	1	word	0	-	0	1
T	3	παντα.	55	61	1	1	word	0	-	0	1
E	3	61	61	0
T	4	москва	0	7	1	1	word	0	-	0	1
T	4	и	8	9	1	1	word	0	-	0	1
T	4	санкт-петербург:	10	26	1	1	word	0	-	0	1
T	4	елка,	27	32	1	1	word	0	-	0	1
T	4	ежик,	33	38	1	1	word	0	-	0	1
T	4	щедрость	39	47	1	1	word	0	-	0	1
T	4	и	48	49	1	1	word	0	-	0	1
T	4	тишина.	50	57	1	1	word	0	-	0	1
E	4	57	57	0
T	5	украінська	0	10	1	1	word	0	-	0	1
T	5	мова	11	15	1	1	word	0	-	0	1
T	5	має	16	19	1	1	word	0	-	0	1
T	5	літери	20	26	1	1	word	0	-	0	1
T	5	і,	27	29	1	1	word	0	-	0	1
T	5	є,	30	32	1	1	word	0	-	0	1
T	5	г	33	34	1	1	word	0	-	0	1
T	5	і	35	36	1	1	word	0	-	0	1
T	5	апостроф:	37	46	1	1	word	0	-	0	1
T	5	м'ята,	47	53	1	1	word	0	-	0	1
T	5	п'ять.	54	60	1	1	word	0	-	0	1
E	5	60	60	0
T	6	اللغه	0	9	1	1	word	0	-	0	1
T	6	العربيه	10	23	1	1	word	0	-	0	1
T	6	جميله،	24	34	1	1	word	0	-	0	1
T	6	والكتاب	35	46	1	1	word	0	-	0	1
T	6	علي	47	52	1	1	word	0	-	0	1
T	6	الطاوله	53	65	1	1	word	0	-	0	1
T	6	12345.	66	72	1	1	word	0	-	0	1
E	6	72	72	0
T	7	עברית:	0	9	1	1	word	0	-	0	1
T	7	שלום	10	17	1	1	word	0	-	0	1
T	7	לכלם,	18	27	1	1	word	0	-	0	1
T	7	הספר	28	36	1	1	word	0	-	0	1
T	7	על	37	40	1	1	word	0	-	0	1
T	7	השלחן.	41	53	1	1	word	0	-	0	1
E	7	53	53	0
T	8	हिनदी	0	6	1	1	word	0	-	0	1
T	8	में	7	10	1	1	word	0	-	0	1
T	8	कलम	11	15	1	1	word	0	-	0	1
T	8	और	16	18	1	1	word	0	-	0	1
T	8	जमीन;	19	25	1	1	word	0	-	0	1
T	8	नमसते,	26	33	1	1	word	0	-	0	1
T	8	आप	34	36	1	1	word	0	-	0	1
T	8	कैसे	37	41	1	1	word	0	-	0	1
T	8	हैं?	42	46	1	1	word	0	-	0	1
T	8	2024	47	51	1	1	word	0	-	0	1
E	8	51	51	0
T	9	বাংলা	0	5	1	1	word	0	-	0	1
T	9	ভাষায	6	12	1	1	word	0	-	0	1
T	9	লেখা	13	17	1	1	word	0	-	0	1
T	9	একটি	18	22	1	1	word	0	-	0	1
T	9	ছোট	23	26	1	1	word	0	-	0	1
T	9	বাকয,	27	33	1	1	word	0	-	0	1
T	9	আর	34	36	1	1	word	0	-	0	1
T	9	সংখযা	37	43	1	1	word	0	-	0	1
T	9	123।	44	48	1	1	word	0	-	0	1
E	9	48	48	0
T	10	தமிழ	0	5	1	1	word	0	-	0	1
T	10	எழுததுககள:	6	19	1	1	word	0	-	0	1
T	10	கொ	20	22	1	1	word	0	-	0	1
T	10	கோ	23	25	1	1	word	0	-	0	1
T	10	கௌ,	26	29	1	1	word	0	-	0	1
T	10	மறறும	30	37	1	1	word	0	-	0	1
T	10	ஒரு	38	41	1	1	word	0	-	0	1
T	10	சிறிய	42	47	1	1	word	0	-	0	1
T	10	வாககியம.	48	58	1	1	word	0	-	0	1
E	10	58	58	0
T	11	ภาษาไทยไมมีการเวนวรรคระหวางคํา	0	32	1	1	word	0	-	0	1
T	11	เชน	33	37	1	1	word	0	-	0	1
T	11	ฉันชอบกินขาวผัดกับไขดาว	38	63	1	1	word	0	-	0	1
E	11	63	63	0
T	12	ພາສາລາວຂຽນຕໍກັນໂດຍບໍມີຍະຫວາງລະຫວາງຄໍາ	0	41	1	1	word	0	-	0	1
E	12	41	41	0
T	13	ភាសាខមែរសរសេរជាបគនាដោយគមានដកឃលារវាងពាកយ	0	45	1	1	word	0	-	0	1
E	13	45	45	0
T	14	မြနမာဘာသာစကားကိုစကားလုံးများကြားတွငနေရာလွတမပါဘဲရေးသည	0	56	1	1	word	0	-	0	1
E	14	56	56	0
T	15	བོད་ཡིག་ནི་ཚེག་གིས་ཚིག་ཁ་གྱེས་ཡོད།	0	34	1	1	word	0	-	0	1
T	15	ཀྵ	35	37	1	1	word	0	-	0	1
T	15	ཱ	38	39	1	1	word	0	-	0	1
T	15	ཱི	40	42	1	1	word	0	-	0	1
E	15	42	42	0
T	16	ქართული	0	7	1	1	word	0	-	0	1
T	16	ანბანი	8	14	1	1	word	0	-	0	1
T	16	ლამაზია,	15	23	1	1	word	0	-	0	1
T	16	აა	24	26	1	1	word	0	-	0	1
T	16	ასომთავრული.	27	39	1	1	word	0	-	0	1
E	16	39	39	0
T	17	հայերեն	0	7	1	1	word	0	-	0	1
T	17	գրերը՝	8	14	1	1	word	0	-	0	1
T	17	եւ,	15	17	1	1	word	0	-	0	1
T	17	մն,	18	20	1	1	word	0	-	0	1
T	17	եւ	21	22	1	1	word	0	-	0	1
T	17	արարատ	23	29	1	1	word	0	-	0	1
T	17	լեռը։	30	35	1	1	word	0	-	0	1
E	17	35	35	0
T	18	ኢትዮጵያ	0	5	1	1	word	0	-	0	1
T	18	በአማርኛ	6	11	1	1	word	0	-	0	1
T	18	ቋንቋ	12	15	1	1	word	0	-	0	1
T	18	ይጻፋል፤	16	21	1	1	word	0	-	0	1
T	18	ሰላም	22	25	1	1	word	0	-	0	1
T	18	ለሁሉም።	26	31	1	1	word	0	-	0	1
E	18	31	31	0
T	19	中华人民共和国成立于一九四九年,北京是首都。	0	22	1	1	word	0	-	0	1
E	19	22	22	0
T	20	臺灣的繁體中文與簡體字不同,例如「國」與「国」。	0	24	1	1	word	0	-	0	1
E	20	24	24	0
T	21	私は東京の大学て日本語を勉強しています。ひらかなとカタカナ。	0	30	1	1	word	0	-	0	1
E	21	30	30	0
T	22	ハンカクカタカナとカキク、そして全角abc123も混さる。	0	32	1	1	word	0	-	0	1
E	22	32	32	0
T	23	한국어	0	3	1	1	word	0	-	0	1
T	23	문장입니다.	4	10	1	1	word	0	-	0	1
T	23	서울특별시에서	11	18	1	1	word	0	-	0	1
T	23	만나요!	19	23	1	1	word	0	-	0	1
T	23	ᄀᄂᄃ	24	27	1	1	word	0	-	0	1
T	23	한글	28	30	1	1	word	0	-	0	1
E	23	30	30	0
T	24	조합형	0	3	1	1	word	0	-	0	1
T	24	자모:	4	7	1	1	word	0	-	0	1
T	24	ᄒᆞᆫ글	8	12	1	1	word	0	-	0	1
T	24	그리고	13	16	1	1	word	0	-	0	1
T	24	ᄀᆞᄅᆞᆷ	17	22	1	1	word	0	-	0	1
T	24	옛한글.	23	27	1	1	word	0	-	0	1
E	24	27	27	0
T	25	emoji:	0	6	1	1	word	0	-	0	1
T	25	😀	7	9	1	1	word	0	-	0	1
T	25	👍🏽	10	14	1	1	word	0	-	0	1
T	25	👨👩👧👦	15	26	1	1	word	0	-	0	1
T	25	🇯🇵	27	31	1	1	word	0	-	0	1
T	25	🏳🌈	32	38	1	1	word	0	-	0	1
T	25	#	39	42	1	1	word	0	-	0	1
T	25	1	43	46	1	1	word	0	-	0	1
T	25	©	47	49	1	1	word	0	-	0	1
T	25	®	50	52	1	1	word	0	-	0	1
T	25	tm	53	54	1	1	word	0	-	0	1
T	25	❤	55	57	1	1	word	0	-	0	1
T	25	✈	58	60	1	1	word	0	-	0	1
E	25	60	60	0
T	26	ligatures	0	9	1	1	word	0	-	0	1
T	26	fi	10	11	1	1	word	0	-	0	1
T	26	fl	12	13	1	1	word	0	-	0	1
T	26	ff	14	15	1	1	word	0	-	0	1
T	26	ffi	16	17	1	1	word	0	-	0	1
T	26	and	18	21	1	1	word	0	-	0	1
T	26	dz	22	23	1	1	word	0	-	0	1
T	26	dz	24	25	1	1	word	0	-	0	1
T	26	dz,	26	28	1	1	word	0	-	0	1
T	26	roman	29	34	1	1	word	0	-	0	1
T	26	numerals	35	43	1	1	word	0	-	0	1
T	26	xii	44	45	1	1	word	0	-	0	1
T	26	xii,	46	48	1	1	word	0	-	0	1
T	26	circled	49	56	1	1	word	0	-	0	1
T	26	1	57	58	1	1	word	0	-	0	1
T	26	20	59	60	1	1	word	0	-	0	1
T	26	21.	61	63	1	1	word	0	-	0	1
E	26	63	63	0
T	27	superscripts	0	12	1	1	word	0	-	0	1
T	27	x2	13	15	1	1	word	0	-	0	1
T	27	y3	16	18	1	1	word	0	-	0	1
T	27	h2o,	19	23	1	1	word	0	-	0	1
T	27	fractions	24	33	1	1	word	0	-	0	1
T	27	1/2	34	35	1	1	word	0	-	0	1
T	27	3/4	36	37	1	1	word	0	-	0	1
T	27	7/8,	38	40	1	1	word	0	-	0	1
T	27	units	41	46	1	1	word	0	-	0	1
T	27	km	47	48	1	1	word	0	-	0	1
T	27	kg	49	50	1	1	word	0	-	0	1
T	27	a.m.	51	52	1	1	word	0	-	0	1
T	27	平成	53	54	1	1	word	0	-	0	1
T	27	株式会社.	55	57	1	1	word	0	-	0	1
E	27	57	57	0
T	28	math	0	4	1	1	word	0	-	0	1
T	28	abc	5	11	1	1	word	0	-	0	1
T	28	xyz	12	18	1	1	word	0	-	0	1
T	28	ab	19	23	1	1	word	0	-	0	1
T	28	012	24	30	1	1	word	0	-	0	1
T	28	and	31	34	1	1	word	0	-	0	1
T	28	musical	35	42	1	1	word	0	-	0	1
T	28	𝅗	43	47	1	1	word	0	-	0	1
T	28	𝅘	48	54	1	1	word	0	-	0	1
T	28	symbols.	55	63	1	1	word	0	-	0	1
E	28	63	63	0
T	29	softhyphen,	0	12	1	1	word	0	-	0	1
T	29	zerowidth,	13	24	1	1	word	0	-	0	1
T	29	zwnjand	25	33	1	1	word	0	-	0	1
T	29	zwjmarks,	34	44	1	1	word	0	-	0	1
T	29	variationselector.	45	64	1	1	word	0	-	0	1
E	29	64	64	0
T	30	combining	0	9	1	1	word	0	-	0	1
T	30	stack:	10	16	1	1	word	0	-	0	1
T	30	a	17	23	1	1	word	0	-	0	1
T	30	e	24	29	1	1	word	0	-	0	1
T	30	oo	30	33	1	1	word	0	-	0	1
T	30	o	34	36	1	1	word	0	-	0	1
T	30	u	37	38	1	1	word	0	-	0	1
T	30	e	39	40	1	1	word	0	-	0	1
T	30	s	41	42	1	1	word	0	-	0	1
T	30	q	43	46	1	1	word	0	-	0	1
T	30	q.	47	51	1	1	word	0	-	0	1
E	30	51	51	0
T	31	decomposed:	0	11	1	1	word	0	-	0	1
T	31	e	12	14	1	1	word	0	-	0	1
T	31	but	15	18	1	1	word	0	-	0	1
T	31	real	19	23	1	1	word	0	-	0	1
T	31	e,	24	26	1	1	word	0	-	0	1
T	31	a	27	29	1	1	word	0	-	0	1
T	31	vs	30	32	1	1	word	0	-	0	1
T	31	a	33	34	1	1	word	0	-	0	1
T	31	vs	35	37	1	1	word	0	-	0	1
T	31	a,	38	40	1	1	word	0	-	0	1
T	31	ω	41	42	1	1	word	0	-	0	1
T	31	vs	43	45	1	1	word	0	-	0	1
T	31	ω.	46	48	1	1	word	0	-	0	1
E	31	48	48	0
T	32	numbers	0	7	1	1	word	0	-	0	1
T	32	3.14159,	8	16	1	1	word	0	-	0	1
T	32	1,234,567.89,	17	30	1	1	word	0	-	0	1
T	32	-42,	31	35	1	1	word	0	-	0	1
T	32	2024-10-07,	36	47	1	1	word	0	-	0	1
T	32	10:30,	48	54	1	1	word	0	-	0	1
T	32	3٫14	55	59	1	1	word	0	-	0	1
T	32	123	60	63	1	1	word	0	-	0	1
T	32	123	64	67	1	1	word	0	-	0	1
T	32	123.	68	72	1	1	word	0	-	0	1
E	32	72	72	0
T	33	mixed:	0	6	1	1	word	0	-	0	1
T	33	lucene10.5	7	17	1	1	word	0	-	0	1
T	33	icu77	18	23	1	1	word	0	-	0	1
T	33	utf-16	24	30	1	1	word	0	-	0	1
T	33	x86_64	31	37	1	1	word	0	-	0	1
T	33	e-mail	38	44	1	1	word	0	-	0	1
T	33	user@example.com	45	61	1	1	word	0	-	0	1
T	33	http://example.com/path?q=1	62	89	1	1	word	0	-	0	1
E	33	89	89	0
T	34	fullwidth	0	9	1	1	word	0	-	0	1
T	34	hello	10	15	1	1	word	0	-	0	1
T	34	world!	16	22	1	1	word	0	-	0	1
T	34	and	23	26	1	1	word	0	-	0	1
T	34	halfwidth	27	36	1	1	word	0	-	0	1
T	34	アイウエオ	37	42	1	1	word	0	-	0	1
T	34	.	43	46	1	1	word	0	-	0	1
E	34	46	46	0
T	35	cjk	0	3	1	1	word	0	-	0	1
T	35	compatibility	4	17	1	1	word	0	-	0	1
T	35	豈	18	19	1	1	word	0	-	0	1
T	35	更	20	21	1	1	word	0	-	0	1
T	35	車	22	23	1	1	word	0	-	0	1
T	35	and	24	27	1	1	word	0	-	0	1
T	35	radicals	28	36	1	1	word	0	-	0	1
T	35	⺀	37	38	1	1	word	0	-	0	1
T	35	一	39	40	1	1	word	0	-	0	1
T	35	and	41	44	1	1	word	0	-	0	1
T	35	enclosed	45	53	1	1	word	0	-	0	1
T	35	一	54	55	1	1	word	0	-	0	1
T	35	金.	56	58	1	1	word	0	-	0	1
E	35	58	58	0
T	36	cherokee	0	8	1	1	word	0	-	0	1
T	36	ᏣᎳᎩ	9	12	1	1	word	0	-	0	1
T	36	ᏣᎳᎩ,	13	17	1	1	word	0	-	0	1
T	36	deseret	18	25	1	1	word	0	-	0	1
T	36	𐐷𐐸𐐹,	26	33	1	1	word	0	-	0	1
T	36	osage	34	39	1	1	word	0	-	0	1
T	36	𐓷𐓘𐓻.	40	47	1	1	word	0	-	0	1
E	36	47	47	0
T	37	hangul	0	6	1	1	word	0	-	0	1
T	37	syllable	7	15	1	1	word	0	-	0	1
T	37	composition	16	27	1	1	word	0	-	0	1
T	37	ᄀ	28	29	1	1	word	0	-	0	1
T	37	ᅡ	30	31	1	1	word	0	-	0	1
T	37	ᆨ	32	33	1	1	word	0	-	0	1
T	37	and	34	37	1	1	word	0	-	0	1
T	37	각	38	39	1	1	word	0	-	0	1
T	37	and	40	43	1	1	word	0	-	0	1
T	37	각.	44	47	1	1	word	0	-	0	1
E	37	47	47	0
T	38	mongolian	0	9	1	1	word	0	-	0	1
T	38	ᠮᠣᠩᠭᠣᠯ	10	16	1	1	word	0	-	0	1
T	38	ᠪᠢᠴᠢᠭ	17	23	1	1	word	0	-	0	1
T	38	and	24	27	1	1	word	0	-	0	1
T	38	syriac	28	34	1	1	word	0	-	0	1
T	38	ܠܫܢܐ	35	39	1	1	word	0	-	0	1
T	38	ܣܘܪܝܝܐ.	40	47	1	1	word	0	-	0	1
E	38	47	47	0
T	39	sinhala	0	7	1	1	word	0	-	0	1
T	39	සිංහල,	8	14	1	1	word	0	-	0	1
T	39	malayalam	15	24	1	1	word	0	-	0	1
T	39	മലയാളം,	25	32	1	1	word	0	-	0	1
T	39	telugu	33	39	1	1	word	0	-	0	1
T	39	తెలుగు,	40	47	1	1	word	0	-	0	1
T	39	kannada	48	55	1	1	word	0	-	0	1
T	39	ಕನನಡ,	56	62	1	1	word	0	-	0	1
T	39	gujarati	63	71	1	1	word	0	-	0	1
T	39	ગુજરાતી.	72	80	1	1	word	0	-	0	1
E	39	80	80	0
T	40	thai	0	4	1	1	word	0	-	0	1
T	40	digits	5	11	1	1	word	0	-	0	1
T	40	and	12	15	1	1	word	0	-	0	1
T	40	text:	16	21	1	1	word	0	-	0	1
T	40	ราคา	22	26	1	1	word	0	-	0	1
T	40	120	27	30	1	1	word	0	-	0	1
T	40	บาท	31	34	1	1	word	0	-	0	1
T	40	และ	35	38	1	1	word	0	-	0	1
T	40	120	39	42	1	1	word	0	-	0	1
T	40	บาท	43	46	1	1	word	0	-	0	1
T	40	ครับ	47	51	1	1	word	0	-	0	1
E	40	51	51	0
T	41	lao	0	3	1	1	word	0	-	0	1
T	41	mixed	4	9	1	1	word	0	-	0	1
T	41	ສະບາຍດີ	10	17	1	1	word	0	-	0	1
T	41	hello	18	23	1	1	word	0	-	0	1
T	41	ສະບາຍດີ	24	31	1	1	word	0	-	0	1
E	41	31	31	0
T	42	khmer	0	5	1	1	word	0	-	0	1
T	42	with	6	10	1	1	word	0	-	0	1
T	42	latin:	11	17	1	1	word	0	-	0	1
T	42	ពរះរាជាណាចករកមពុជា	18	39	1	1	word	0	-	0	1
T	42	cambodia	40	48	1	1	word	0	-	0	1
T	42	2024	49	53	1	1	word	0	-	0	1
E	42	53	53	0
T	43	myanmar	0	7	1	1	word	0	-	0	1
T	43	mixed:	8	14	1	1	word	0	-	0	1
T	43	ရနကုနမြို	15	27	1	1	word	0	-	0	1
T	43	yangon	28	34	1	1	word	0	-	0	1
T	43	123	35	38	1	1	word	0	-	0	1
E	43	38	38	0
T	44	日本語とenglishとカタカナmix、ひらかなましり漢字。	0	30	1	1	word	0	-	0	1
E	44	30	30	0
T	45	中文english混合123測試,全角123和半角123。	0	29	1	1	word	0	-	0	1
E	45	29	29	0
T	46	greek	0	5	1	1	word	0	-	0	1
T	46	final	6	11	1	1	word	0	-	0	1
T	46	sigma:	12	18	1	1	word	0	-	0	1
T	46	σοφοσ	19	24	1	1	word	0	-	0	1
T	46	και	25	28	1	1	word	0	-	0	1
T	46	οδοσ,	29	34	1	1	word	0	-	0	1
T	46	σοφοσ	35	40	1	1	word	0	-	0	1
T	46	και	41	44	1	1	word	0	-	0	1
T	46	οδοσ.	45	50	1	1	word	0	-	0	1
E	46	50	50	0
T	47	dotless	0	7	1	1	word	0	-	0	1
T	47	and	8	11	1	1	word	0	-	0	1
T	47	dotted:	12	19	1	1	word	0	-	0	1
T	47	ii	20	22	1	1	word	0	-	0	1
T	47	ii,	23	26	1	1	word	0	-	0	1
T	47	turkish	27	34	1	1	word	0	-	0	1
T	47	casing	35	41	1	1	word	0	-	0	1
T	47	differs	42	49	1	1	word	0	-	0	1
T	47	from	50	54	1	1	word	0	-	0	1
T	47	azeri	55	60	1	1	word	0	-	0	1
T	47	aa.	61	64	1	1	word	0	-	0	1
E	47	64	64	0
T	48	special	0	7	1	1	word	0	-	0	1
T	48	casing:	8	15	1	1	word	0	-	0	1
T	48	n	16	17	1	1	word	0	-	0	1
T	48	j	18	19	1	1	word	0	-	0	1
T	48	ι	20	21	1	1	word	0	-	0	1
T	48	υ	22	23	1	1	word	0	-	0	1
T	48	եւ	24	25	1	1	word	0	-	0	1
T	48	ff	26	27	1	1	word	0	-	0	1
T	48	st	28	29	1	1	word	0	-	0	1
T	48	ssss	30	32	1	1	word	0	-	0	1
T	48	st.	33	35	1	1	word	0	-	0	1
E	48	35	35	0
T	49	default	0	7	1	1	word	0	-	0	1
T	49	ignorables:	8	19	1	1	word	0	-	0	1
T	49	ab	20	23	1	1	word	0	-	0	1
T	49	c	24	26	1	1	word	0	-	0	1
T	49	d	27	29	1	1	word	0	-	0	1
T	49	e	30	32	1	1	word	0	-	0	1
T	49	f	33	35	1	1	word	0	-	0	1
T	49	g.	36	39	1	1	word	0	-	0	1
E	49	39	39	0
T	50	bidi	0	4	1	1	word	0	-	0	1
T	50	controls:	5	14	1	1	word	0	-	0	1
T	50	left	15	21	1	1	word	0	-	0	1
T	50	right	22	29	1	1	word	0	-	0	1
T	50	mark	30	36	1	1	word	0	-	0	1
T	50	iso.	37	43	1	1	word	0	-	0	1
E	50	43	43	0
T	51	cyrillic	0	8	1	1	word	0	-	0	1
T	51	with	9	13	1	1	word	0	-	0	1
T	51	accents:	14	22	1	1	word	0	-	0	1
T	51	видение,	23	32	1	1	word	0	-	0	1
T	51	иогурт,	33	41	1	1	word	0	-	0	1
T	51	а	42	44	1	1	word	0	-	0	1
T	51	е.	45	48	1	1	word	0	-	0	1
E	51	48	48	0
T	52	vietnamese:	0	11	1	1	word	0	-	0	1
T	52	tieng	12	17	1	1	word	0	-	0	1
T	52	viet	18	22	1	1	word	0	-	0	1
T	52	co	23	25	1	1	word	0	-	0	1
T	52	nhieu	26	31	1	1	word	0	-	0	1
T	52	dau:	32	36	1	1	word	0	-	0	1
T	52	a	37	38	1	1	word	0	-	0	1
T	52	a	39	40	1	1	word	0	-	0	1
T	52	a	41	42	1	1	word	0	-	0	1
T	52	a	43	44	1	1	word	0	-	0	1
T	52	e	45	46	1	1	word	0	-	0	1
T	52	e	47	48	1	1	word	0	-	0	1
T	52	e	49	50	1	1	word	0	-	0	1
T	52	e	51	52	1	1	word	0	-	0	1
T	52	o	53	54	1	1	word	0	-	0	1
T	52	o	55	56	1	1	word	0	-	0	1
T	52	o	57	58	1	1	word	0	-	0	1
T	52	o	59	60	1	1	word	0	-	0	1
T	52	o.	61	63	1	1	word	0	-	0	1
E	52	63	63	0
T	53	polish	0	6	1	1	word	0	-	0	1
T	53	and	7	10	1	1	word	0	-	0	1
T	53	czech:	11	17	1	1	word	0	-	0	1
T	53	zazolc	18	24	1	1	word	0	-	0	1
T	53	gesla	25	30	1	1	word	0	-	0	1
T	53	jazn;	31	36	1	1	word	0	-	0	1
T	53	prilis	37	43	1	1	word	0	-	0	1
T	53	zlutoucky	44	53	1	1	word	0	-	0	1
T	53	kun.	54	58	1	1	word	0	-	0	1
E	53	58	58	0
T	54	icelandic	0	9	1	1	word	0	-	0	1
T	54	and	10	13	1	1	word	0	-	0	1
T	54	nordic:	14	21	1	1	word	0	-	0	1
T	54	thordur,	22	29	1	1	word	0	-	0	1
T	54	aesir,	30	35	1	1	word	0	-	0	1
T	54	oresund,	36	44	1	1	word	0	-	0	1
T	54	dth	45	47	1	1	word	0	-	0	1
T	54	dth.	48	51	1	1	word	0	-	0	1
E	54	51	51	0
T	55	armenian	0	8	1	1	word	0	-	0	1
T	55	ligature	9	17	1	1	word	0	-	0	1
T	55	մեմիվնմխ	18	22	1	1	word	0	-	0	1
T	55	and	23	26	1	1	word	0	-	0	1
T	55	hebrew	27	33	1	1	word	0	-	0	1
T	55	presentation	34	46	1	1	word	0	-	0	1
T	55	עאד	47	50	1	1	word	0	-	0	1
T	55	אל.	51	53	1	1	word	0	-	0	1
E	55	53	53	0
T	56	arabic	0	6	1	1	word	0	-	0	1
T	56	presentation	7	19	1	1	word	0	-	0	1
T	56	forms	20	25	1	1	word	0	-	0	1
T	56	لا	26	27	1	1	word	0	-	0	1
T	56	الله	28	29	1	1	word	0	-	0	1
T	56	صلي الله عليه وسلم	30	31	1	1	word	0	-	0	1
T	56	لا	32	33	1	1	word	0	-	0	1
T	56	and	34	37	1	1	word	0	-	0	1
T	56	tatweel	38	45	1	1	word	0	-	0	1
T	56	.	46	49	1	1	word	0	-	0	1
E	56	49	49	0
T	57	hiragana	0	8	1	1	word	0	-	0	1
T	57	iteration	9	18	1	1	word	0	-	0	1
T	57	ゝゝ	19	21	1	1	word	0	-	0	1
T	57	and	22	25	1	1	word	0	-	0	1
T	57	katakana	26	34	1	1	word	0	-	0	1
T	57	ヽヽ,	35	38	1	1	word	0	-	0	1
T	57	small	39	44	1	1	word	0	-	0	1
T	57	ぁぃ	45	47	1	1	word	0	-	0	1
T	57	ァィ,	48	51	1	1	word	0	-	0	1
T	57	long	52	56	1	1	word	0	-	0	1
T	57	.	57	59	1	1	word	0	-	0	1
E	57	59	59	0
T	58	hangul	0	6	1	1	word	0	-	0	1
T	58	compatibility	7	20	1	1	word	0	-	0	1
T	58	jamo	21	25	1	1	word	0	-	0	1
T	58	가ᄂ	26	29	1	1	word	0	-	0	1
T	58	and	30	33	1	1	word	0	-	0	1
T	58	halfwidth	34	43	1	1	word	0	-	0	1
T	58	ᄀᄁ.	44	47	1	1	word	0	-	0	1
E	58	47	47	0
T	59	brahmi	0	6	1	1	word	0	-	0	1
T	59	𑀩𑀭𑀸𑀳𑀫𑀻	7	23	1	1	word	0	-	0	1
T	59	and	24	27	1	1	word	0	-	0	1
T	59	grantha	28	35	1	1	word	0	-	0	1
T	59	𑌗𑌰𑌨𑌥.	36	49	1	1	word	0	-	0	1
E	59	49	49	0
T	60	tifinagh	0	8	1	1	word	0	-	0	1
T	60	ⵜⴰⵎⴰⵣⵉⵖⵜ	9	17	1	1	word	0	-	0	1
T	60	and	18	21	1	1	word	0	-	0	1
T	60	n'ko	22	26	1	1	word	0	-	0	1
T	60	ߒߞߏ	27	30	1	1	word	0	-	0	1
T	60	and	31	34	1	1	word	0	-	0	1
T	60	vai	35	38	1	1	word	0	-	0	1
T	60	ꕙꔤ.	39	42	1	1	word	0	-	0	1
E	60	42	42	0
T	61	line	0	4	1	1	word	0	-	0	1
T	61	with	5	9	1	1	word	0	-	0	1
T	61	tabs	10	14	1	1	word	0	-	0	1
T	61	and	15	18	1	1	word	0	-	0	1
T	61	spaces	19	25	1	1	word	0	-	0	1
T	61	and	28	31	1	1	word	0	-	0	1
T	61	trailing	32	40	1	1	word	0	-	0	1
T	61	space	41	46	1	1	word	0	-	0	1
E	61	46	46	0
T	62	apostrophes:	0	12	1	1	word	0	-	0	1
T	62	don't,	13	19	1	1	word	0	-	0	1
T	62	l'homme,	20	28	1	1	word	0	-	0	1
T	62	rock'n'roll,	29	41	1	1	word	0	-	0	1
T	62	'quoted'	42	50	1	1	word	0	-	0	1
T	62	and	51	54	1	1	word	0	-	0	1
T	62	'single'.	55	64	1	1	word	0	-	0	1
E	62	64	64	0
T	63	hyphens:	0	8	1	1	word	0	-	0	1
T	63	well-known,	9	20	1	1	word	0	-	0	1
T	63	co-operate	21	31	1	1	word	0	-	0	1
T	63	(nb	32	35	1	1	word	0	-	0	1
T	63	hyphen),	36	44	1	1	word	0	-	0	1
T	63	e-mail	45	51	1	1	word	0	-	0	1
T	63	(en	52	55	1	1	word	0	-	0	1
T	63	dash),	56	62	1	1	word	0	-	0	1
T	63	a-b	63	66	1	1	word	0	-	0	1
T	63	(em	67	70	1	1	word	0	-	0	1
T	63	dash).	71	77	1	1	word	0	-	0	1
E	63	77	77	0
T	64	urls:	0	5	1	1	word	0	-	0	1
T	64	https://lucene.apache.org/core/10_5_0/	6	44	1	1	word	0	-	0	1
T	64	and	45	48	1	1	word	0	-	0	1
T	64	ftp://ftp.example.org/x_y.	49	75	1	1	word	0	-	0	1
E	64	75	75	0
T	65	phone	0	5	1	1	word	0	-	0	1
T	65	+1	6	8	1	1	word	0	-	0	1
T	65	(555)	9	14	1	1	word	0	-	0	1
T	65	012-3456	15	23	1	1	word	0	-	0	1
T	65	and	24	27	1	1	word	0	-	0	1
T	65	ipv4	28	32	1	1	word	0	-	0	1
T	65	192.168.0.1,	33	45	1	1	word	0	-	0	1
T	65	ipv6	46	50	1	1	word	0	-	0	1
T	65	fe80::1.	51	59	1	1	word	0	-	0	1
E	65	59	59	0
T	66	currency	0	8	1	1	word	0	-	0	1
T	66	$5.00	9	14	1	1	word	0	-	0	1
T	66	€4,50	15	20	1	1	word	0	-	0	1
T	66	£3	21	23	1	1	word	0	-	0	1
T	66	¥200	24	28	1	1	word	0	-	0	1
T	66	₹100	29	33	1	1	word	0	-	0	1
T	66	₩1000	34	39	1	1	word	0	-	0	1
T	66	₿0.01.	40	46	1	1	word	0	-	0	1
E	66	46	46	0
T	67	emoji	0	5	1	1	word	0	-	0	1
T	67	modifiers	6	15	1	1	word	0	-	0	1
T	67	👋🏻👋🏼👋🏽👋🏾👋🏿	16	36	1	1	word	0	-	0	1
T	67	and	37	40	1	1	word	0	-	0	1
T	67	tags	41	45	1	1	word	0	-	0	1
T	67	🏴.	46	61	1	1	word	0	-	0	1
E	67	61	61	0
T	68	keycaps	0	7	1	1	word	0	-	0	1
T	68	0	8	11	1	1	word	0	-	0	1
T	68	*	12	15	1	1	word	0	-	0	1
T	68	#	16	18	1	1	word	0	-	0	1
T	68	9	19	21	1	1	word	0	-	0	1
T	68	and	22	25	1	1	word	0	-	0	1
T	68	plain	26	31	1	1	word	0	-	0	1
T	68	#	32	33	1	1	word	0	-	0	1
T	68	*	34	35	1	1	word	0	-	0	1
T	68	0.	36	38	1	1	word	0	-	0	1
E	68	38	38	0
T	69	regional	0	8	1	1	word	0	-	0	1
T	69	indicators	9	19	1	1	word	0	-	0	1
T	69	🇺🇸🇬🇧🇫🇷	20	32	1	1	word	0	-	0	1
T	69	and	33	36	1	1	word	0	-	0	1
T	69	a	37	38	1	1	word	0	-	0	1
T	69	lone	39	43	1	1	word	0	-	0	1
T	69	🇦.	44	47	1	1	word	0	-	0	1
E	69	47	47	0
T	70	mixed	0	5	1	1	word	0	-	0	1
T	70	scripts	6	13	1	1	word	0	-	0	1
T	70	in	14	16	1	1	word	0	-	0	1
T	70	a	17	18	1	1	word	0	-	0	1
T	70	word:	19	24	1	1	word	0	-	0	1
T	70	abcабвαβγ123אבג.	25	41	1	1	word	0	-	0	1
E	70	41	41	0
T	71	japanese	0	8	1	1	word	0	-	0	1
T	71	long:	9	14	1	1	word	0	-	0	1
T	71	吾輩は猫てある。名前はまた無い。とこて生れたかとんと見当かつかぬ。	15	48	1	1	word	0	-	0	1
E	71	48	48	0
T	72	chinese	0	7	1	1	word	0	-	0	1
T	72	long:	8	13	1	1	word	0	-	0	1
T	72	学而时习之,不亦说乎?有朋自远方来,不亦乐乎?	14	37	1	1	word	0	-	0	1
E	72	37	37	0
T	73	korean	0	6	1	1	word	0	-	0	1
T	73	long:	7	12	1	1	word	0	-	0	1
T	73	동해	13	15	1	1	word	0	-	0	1
T	73	물과	16	18	1	1	word	0	-	0	1
T	73	백두산이	19	23	1	1	word	0	-	0	1
T	73	마르고	24	27	1	1	word	0	-	0	1
T	73	닳도록	28	31	1	1	word	0	-	0	1
T	73	하느님이	32	36	1	1	word	0	-	0	1
T	73	보우하사	37	41	1	1	word	0	-	0	1
T	73	우리나라	42	46	1	1	word	0	-	0	1
T	73	만세	47	49	1	1	word	0	-	0	1
E	73	49	49	0
T	74	thai	0	4	1	1	word	0	-	0	1
T	74	long:	5	10	1	1	word	0	-	0	1
T	74	กรุงเทพมหานครเปนเมืองหลวงของประเทศไทยและเปนศูนยกลางเศรษฐกิจ	11	73	1	1	word	0	-	0	1
E	74	73	73	0
T	75	burmese	0	7	1	1	word	0	-	0	1
T	75	long:	8	13	1	1	word	0	-	0	1
T	75	မငဂလာပါ။	14	24	1	1	word	0	-	0	1
T	75	ကျွနတောတိုသညရနကုနမြိုတွငနေထိုငကြသည။	25	70	1	1	word	0	-	0	1
E	75	70	70	0
T	76	khmer	0	5	1	1	word	0	-	0	1
T	76	long:	6	11	1	1	word	0	-	0	1
T	76	ខញុំចូលចិតតញាំបាយជាមួយតរីអាំងនៅពេលលងាច	12	55	1	1	word	0	-	0	1
E	76	55	55	0
T	77	lao	0	3	1	1	word	0	-	0	1
T	77	long:	4	9	1	1	word	0	-	0	1
T	77	ປະເທດລາວມີແມນໍາຂອງໄຫຼຜານຫຼາຍແຂວງ	10	45	1	1	word	0	-	0	1
E	77	45	45	0
T	78	final	0	5	1	1	word	0	-	0	1
T	78	line	6	10	1	1	word	0	-	0	1
T	78	with	11	15	1	1	word	0	-	0	1
T	78	only	16	20	1	1	word	0	-	0	1
T	78	punctuation:	21	33	1	1	word	0	-	0	1
T	78	...	34	37	1	1	word	0	-	0	1
T	78	,,,	38	41	1	1	word	0	-	0	1
T	78	!!!	42	45	1	1	word	0	-	0	1
T	78	???	46	49	1	1	word	0	-	0	1
T	78	;;;	50	53	1	1	word	0	-	0	1
T	78	:::	54	57	1	1	word	0	-	0	1
T	78	---	58	61	1	1	word	0	-	0	1
T	78	___	62	65	1	1	word	0	-	0	1
T	78	***	66	69	1	1	word	0	-	0	1
E	78	69	69	0
T	79	1i	0	6	1	1	word	0	-	0	1
E	79	6	6	0
T	80	ིུصلي الله عليه وسلمn	0	6	1	1	word	0	-	0	1
E	80	6	6	0
T	81	𠀀￾k	0	4	1	1	word	0	-	0	1
E	81	4	4	0
T	82	sᄁaカsi𐐨	0	10	1	1	word	0	-	0	1
E	82	10	10	0
T	83	􏿿ᅡa￾􏿿􏿿	0	14	1	1	word	0	-	0	1
E	83	14	14	0
T	84	क	0	2	1	1	word	0	-	0	1
E	84	2	2	0
T	85	ௗ	0	3	1	1	word	0	-	0	1
E	85	3	3	0
T	86	aாiv株式会社ாཀ	0	11	1	1	word	0	-	0	1
E	86	11	11	0
T	87	a𐐨াᅡྀ一oa	0	15	1	1	word	0	-	0	1
E	87	15	15	0
T	88	11a􏿿ᄒaৗ	0	11	1	1	word	0	-	0	1
T	88	ι	12	13	1	1	word	0	-	0	1
E	88	13	13	0
T	89	ொ	0	2	1	1	word	0	-	0	1
E	89	2	2	0
T	90		0	1	1	1	word	0	-	0	1
E	90	1	1	0
T	91	oোཱffiᬵ힣	0	7	1	1	word	0	-	0	1
E	91	7	7	0
T	92	ཀ𝆹א	0	5	1	1	word	0	-	0	1
E	92	5	5	0
T	93	ொ	0	1	1	1	word	0	-	0	1
E	93	1	1	0
T	94	1/321صلي الله عليه وسلمσ	0	10	1	1	word	0	-	0	1
E	94	10	10	0
T	95	一sieカ	0	5	1	1	word	0	-	0	1
T	95	𝅗ia	6	14	1	1	word	0	-	0	1
E	95	14	14	0
T	96	ཱiཀaིoํา	0	8	1	1	word	0	-	0	1
E	96	8	8	0
T	97	km2	0	2	1	1	word	0	-	0	1
E	97	2	2	0
T	98	dᆧ株式会社	0	8	1	1	word	0	-	0	1
E	98	8	8	0
T	99	ก	0	4	1	1	word	0	-	0	1
E	99	4	4	0
T	100	u𝅘-صلي الله عليه وسلم각ᄒ𝅗ᆨ	0	12	1	1	word	0	-	0	1
E	100	12	12	0
T	101	σanᄁ	0	6	1	1	word	0	-	0	1
E	101	6	6	0
T	102		0	1	1	1	word	0	-	0	1
E	102	1	1	0
T	103	0一	0	6	1	1	word	0	-	0	1
E	103	6	6	0
T	104	豈🏽ৗ ω	0	14	1	1	word	0	-	0	1
E	104	14	14	0
T	105	aiেཱིdz𠀀	0	9	1	1	word	0	-	0	1
E	105	9	9	0
T	106	🏽km2ᄀs🏽􏿿ι	0	11	1	1	word	0	-	0	1
E	106	11	11	0
T	107	ெ 	0	2	1	1	word	0	-	0	1
E	107	2	2	0
T	108	km2ᄀιssᅡᄀιιุ	0	13	1	1	word	0	-	0	1
E	108	13	13	0
T	109	ssᇂᅡ1/3	0	9	1	1	word	0	-	0	1
E	109	9	9	0
T	110	𝅗กo	0	7	1	1	word	0	-	0	1
T	110	e	8	10	1	1	word	0	-	0	1
E	110	10	10	0
T	111	2ཱུ株式会社क	0	6	1	1	word	0	-	0	1
E	111	6	6	0
T	112	一σᅡ가	0	6	1	1	word	0	-	0	1
E	112	6	6	0
T	113	ᄁกཱ0a	0	9	1	1	word	0	-	0	1
E	113	9	9	0
T	114	-2􏿿힤ᇂi1/2𐐨𠀀ํ	1	15	1	1	word	0	-	0	1
E	114	15	15	0
T	115	s𑂙ᇂཱི	0	5	1	1	word	0	-	0	1
E	115	5	5	0
T	116	e	0	1	1	1	word	0	-	0	1
T	116	1￾	2	7	1	1	word	0	-	0	1
T	116	ᬅ	8	9	1	1	word	0	-	0	1
E	116	9	9	0
T	117	ᄀᇂཀ	0	5	1	1	word	0	-	0	1
E	117	5	5	0
T	118	iᅡུ	0	4	1	1	word	0	-	0	1
E	118	4	4	0
T	119	𑂙각	0	9	1	1	word	0	-	0	1
E	119	9	9	0
T	120	￾	0	1	1	1	word	0	-	0	1
E	120	1	1	0
T	121	🏽oιᅡι.𐐨ᇃi	0	14	1	1	word	0	-	0	1
E	121	14	14	0
T	122		0	2	1	1	word	0	-	0	1
E	122	2	2	0
T	123	0𝅘𝆹𠀀ᇂσصلي الله عليه وسلم	0	16	1	1	word	0	-	0	1
E	123	16	16	0
T	124	힤sᅡཱᄀᄀ😀s	0	10	1	1	word	0	-	0	1
E	124	10	10	0
T	125	a𝅗ে	0	5	1	1	word	0	-	0	1
E	125	5	5	0
T	126	sᄀི𑂙𝅗	0	9	1	1	word	0	-	0	1
E	126	9	9	0
T	127	aᅡ𠀀𐐨a￿ffi	0	13	1	1	word	0	-	0	1
E	127	13	13	0
T	128	aํ1/2𠀀km2ᇃᇃ	0	10	1	1	word	0	-	0	1
E	128	10	10	0
T	129	21ωᄀ	0	3	1	1	word	0	-	0	1
E	129	3	3	0
T	130	sᇂ가𝆹صلي الله عليه وسلمक	0	13	1	1	word	0	-	0	1
E	130	13	13	0
T	131	ᆧི𠀀ཱིaཱཱུ	0	10	1	1	word	0	-	0	1
E	131	10	10	0
T	132	𐐨𑂙	0	4	1	1	word	0	-	0	1
E	132	4	4	0
T	133	ᬆאל힣􏿿ํ	0	9	1	1	word	0	-	0	1
E	133	9	9	0
T	134	ாཱུ𝅗ཀᇃ2א	0	9	1	1	word	0	-	0	1
E	134	9	9	0
T	135	ᄀ🏽ιdzs	0	8	1	1	word	0	-	0	1
E	135	8	8	0
T	136	d𝅘ํ	0	5	1	1	word	0	-	0	1
E	136	5	5	0
T	137	ᄀ	0	1	1	1	word	0	-	0	1
E	137	1	1	0
T	138	א2i	0	6	1	1	word	0	-	0	1
E	138	6	6	0
T	139	ns𑂙𠀀	0	9	1	1	word	0	-	0	1
E	139	9	9	0
T	140	ᬵ기🏽ௗ😀	0	10	1	1	word	0	-	0	1
E	140	10	10	0
T	141		0	1	1	1	word	0	-	0	1
E	141	1	1	0
T	142	𝅘	0	3	1	1	word	0	-	0	1
E	142	3	3	0
T	143		0	2	1	1	word	0	-	0	1
E	143	2	2	0
T	144	<ৗ𝆹𝅗	0	6	1	1	word	0	-	0	1
E	144	6	6	0
T	145	각 	0	3	1	1	word	0	-	0	1
E	145	3	3	0
T	146	각iv𝅘ᄒᬵo2	0	10	1	1	word	0	-	0	1
E	146	10	10	0
T	147	ௗ1/3	0	2	1	1	word	0	-	0	1
E	147	2	2	0
T	148	ᅡe𝅗	0	5	1	1	word	0	-	0	1
E	148	5	5	0
T	149	🏽াs	0	8	1	1	word	0	-	0	1
E	149	8	8	0
T	150	ωก각😀ெᄀ	0	11	1	1	word	0	-	0	1
E	150	11	11	0
T	151	ᆧ￾ᄀ21	0	7	1	1	word	0	-	0	1
T	151		8	10	1	1	word	0	-	0	1
E	151	10	10	0
T	152	ําᆧs2	0	8	1	1	word	0	-	0	1
E	152	8	8	0
T	153	￿ᄀ	0	2	1	1	word	0	-	0	1
E	153	2	2	0
T	154	2𑂙	0	5	1	1	word	0	-	0	1
E	154	5	5	0
T	155		0	1	1	1	word	0	-	0	1
T	155	ffiᄀ￾dk	2	8	1	1	word	0	-	0	1
E	155	8	8	0
T	156	ᄁi𝆹া􏿿aཱུᅡᅵ	0	14	1	1	word	0	-	0	1
E	156	14	14	0
T	157	i	0	1	1	1	word	0	-	0	1
E	157	1	1	0
T	158	ᄀ	0	1	1	1	word	0	-	0	1
T	158	𠀀	2	4	1	1	word	0	-	0	1
E	158	4	4	0
T	159	ཱུ𝆹ৗིཀ	0	6	1	1	word	0	-	0	1
E	159	6	6	0
T	160	ᄀ1ําe21	0	7	1	1	word	0	-	0	1
E	160	7	7	0
T	161	ཱᅡe豈￿	0	8	1	1	word	0	-	0	1
E	161	8	8	0
T	162	𑂙￿dᅡ	0	5	1	1	word	0	-	0	1
E	162	5	5	0
T	163	ιا￿σ힤𝆹ᬵdᇂa	0	13	1	1	word	0	-	0	1
E	163	13	13	0
T	164	σivุุ	0	8	1	1	word	0	-	0	1
E	164	8	8	0
T	165	d￿k0	0	6	1	1	word	0	-	0	1
E	165	6	6	0
T	166	ྀก𑂙s	0	7	1	1	word	0	-	0	1
E	166	7	7	0
T	167		0	1	1	1	word	0	-	0	1
E	167	1	1	0
T	168		0	2	1	1	word	0	-	0	1
E	168	2	2	0
T	169	￿ིི	0	5	1	1	word	0	-	0	1
E	169	5	5	0
T	170	i힣	0	2	1	1	word	0	-	0	1
E	170	2	2	0
T	171	ιᆧ	0	2	1	1	word	0	-	0	1
E	171	2	2	0
T	172	ᇃ힤iiᬅ	0	7	1	1	word	0	-	0	1
E	172	7	7	0
T	173	ω	0	2	1	1	word	0	-	0	1
E	173	2	2	0
T	174	￿	0	1	1	1	word	0	-	0	1
T	174	aᅡাaא	2	8	1	1	word	0	-	0	1
E	174	8	8	0
T	175	a	0	3	1	1	word	0	-	0	1
E	175	3	3	0
T	176	<𝅗i	0	4	1	1	word	0	-	0	1
T	176	ᆨཀ힣ྀ	5	10	1	1	word	0	-	0	1
E	176	10	10	0
T	177	ௗsa􏿿اํ😀	0	12	1	1	word	0	-	0	1
E	177	12	12	0
T	178	1/3￿	0	2	1	1	word	0	-	0	1
E	178	2	2	0
T	179	ᅡaཱུ𝆹	0	6	1	1	word	0	-	0	1
T	179	ijุ힣𝅘u	7	14	1	1	word	0	-	0	1
E	179	14	14	0
T	180	ৗཱུ가jo	0	7	1	1	word	0	-	0	1
E	180	7	7	0
T	181	각a𝆹<اσᅵ	0	9	1	1	word	0	-	0	1
E	181	9	9	0
T	182	ᄁொ	0	2	1	1	word	0	-	0	1
T	182	a2￿￾2	3	8	1	1	word	0	-	0	1
E	182	8	8	0
T	183	dι	0	3	1	1	word	0	-	0	1
E	183	3	3	0
T	184	カσkاaொᄁdཱ	0	12	1	1	word	0	-	0	1
E	184	12	12	0
T	185	￾a가াnা21힣	0	11	1	1	word	0	-	0	1
E	185	11	11	0
T	186	1/3ৗ􏿿i힤	0	7	1	1	word	0	-	0	1
E	186	7	7	0
T	187	ི😀a	0	6	1	1	word	0	-	0	1
E	187	6	6	0
T	188	ιa20힤〔本〕s	0	13	1	1	word	0	-	0	1
E	188	13	13	0
T	189	n힣	0	4	1	1	word	0	-	0	1
E	189	5	5	0
T	190	ᬆ.j	0	4	1	1	word	0	-	0	1
E	190	4	4	0
T	191	￾􏿿￿ৗ	0	6	1	1	word	0	-	0	1
E	191	6	6	0
T	192	ᬅ豈ཱᆨ𐐨s가	0	12	1	1	word	0	-	0	1
E	192	12	12	0
T	193	ᆨᄁeuffiσ 	0	13	1	1	word	0	-	0	1
E	193	13	13	0
T	194	اσཱི-ᬵ	0	6	1	1	word	0	-	0	1
E	194	6	6	0
T	195	ᅡ	0	1	1	1	word	0	-	0	1
E	195	1	1	0
T	196	jᆧᅵᇂི	0	5	1	1	word	0	-	0	1
T	196		6	7	1	1	word	0	-	0	1
E	196	7	7	0
T	197	sกোsカa1	0	11	1	1	word	0	-	0	1
E	197	11	11	0
T	198		0	1	1	1	word	0	-	0	1
E	198	1	1	0
T	199	aุ𝆹σeཀaᅡཱྀ	0	13	1	1	word	0	-	0	1
E	199	13	13	0
T	200	ᆧཱ<🏽ொุا	0	9	1	1	word	0	-	0	1
E	200	9	9	0
T	201	i	0	2	1	1	word	0	-	0	1
E	201	2	2	0
T	202	ํ￿صلي الله عليه وسلم🏽ᄒ一	0	11	1	1	word	0	-	0	1
E	202	11	11	0
T	203	dz각	0	2	1	1	word	0	-	0	1
E	203	2	2	0
T	204	豈ํ σ	0	5	1	1	word	0	-	0	1
E	204	5	5	0
T	205	𝅗𝆹2s	0	9	1	1	word	0	-	0	1
E	205	9	9	0
T	206	dz𝆹σ2ᄀσkm2	0	10	1	1	word	0	-	0	1
E	206	10	10	0
T	207	2￿𝆹ᆧᄀ〔本〕ᬅํᇂdz	0	14	1	1	word	0	-	0	1
E	207	14	14	0
T	208	ௗ	0	1	1	1	word	0	-	0	1
T	208	aཀ	2	5	1	1	word	0	-	0	1
E	208	5	5	0
T	209	ass𝅘😀s	0	15	1	1	word	0	-	0	1
E	209	15	15	0
T	210	eᄀ🏽doa	0	10	1	1	word	0	-	0	1
E	210	10	10	0
T	211	株式会社😀ᅡ𠀀힤k21	0	14	1	1	word	0	-	0	1
E	211	14	14	0
T	212		0	1	1	1	word	0	-	0	1
E	212	1	1	0
T	213	ᇃ𝅗😀힣dzカs	0	10	1	1	word	0	-	0	1
E	213	10	10	0
T	214	s丽eᇂো	0	7	1	1	word	0	-	0	1
E	214	8	8	0
T	215		0	1	1	1	word	0	-	0	1
E	215	1	1	0
T	216	ᆧffi￾	0	3	1	1	word	0	-	0	1
E	216	3	3	0
T	217	i	0	1	1	1	word	0	-	0	1
T	217	jiωᇃ𠀀jৗ	2	11	1	1	word	0	-	0	1
E	217	11	11	0
T	218	一ᄀnᄁd￿	0	8	1	1	word	0	-	0	1
E	218	8	8	0
T	219	a힤￾oᅡᅡssss	0	10	1	1	word	0	-	0	1
E	219	10	10	0
T	220	ᆨொoصلي الله عليه وسلم	0	6	1	1	word	0	-	0	1
E	220	6	6	0
T	221	ᆨאσ	0	3	1	1	word	0	-	0	1
E	221	3	3	0
T	222	ํ	0	1	1	1	word	0	-	0	1
E	222	1	1	0
T	223	i	0	2	1	1	word	0	-	0	1
E	223	2	2	0
T	224	i 0ᬅess￿	0	12	1	1	word	0	-	0	1
E	224	12	12	0
T	225	iv1/2ᇃ	0	5	1	1	word	0	-	0	1
T	225	힣ᅡa	6	10	1	1	word	0	-	0	1
E	225	10	10	0
T	226	σᆨa	0	7	1	1	word	0	-	0	1
T	226	اaํ	8	13	1	1	word	0	-	0	1
E	226	13	13	0
T	227	a𑂙가	0	6	1	1	word	0	-	0	1
T	227		7	8	1	1	word	0	-	0	1
E	227	8	8	0
T	228	<js	0	3	1	1	word	0	-	0	1
T	228	 क𑂙	4	9	1	1	word	0	-	0	1
E	228	9	9	0
T	229	ᅡொا힣ིdz𝅘s	0	11	1	1	word	0	-	0	1
E	229	11	11	0
T	230	ᄀ𐐨	0	4	1	1	word	0	-	0	1
T	230	o힤ํา	5	8	1	1	word	0	-	0	1
E	230	8	8	0
T	231	ཱᄁཱུ🏽	0	6	1	1	word	0	-	0	1
E	231	6	6	0
T	232	ass	0	6	1	1	word	0	-	0	1
E	232	6	6	0
T	233	ཱུ	0	1	1	1	word	0	-	0	1
E	233	1	1	0
T	234	ιivা	0	3	1	1	word	0	-	0	1
E	234	3	3	0
T	235	कsकi	0	4	1	1	word	0	-	0	1
E	235	4	4	0
T	236	ᄀاᆧ	0	5	1	1	word	0	-	0	1
E	236	5	5	0
T	237	km2􏿿σொ	1	6	1	1	word	0	-	0	1
T	237	<	7	8	1	1	word	0	-	0	1
T	237	ᅡে	9	11	1	1	word	0	-	0	1
E	237	11	11	0
T	238	ا	0	1	1	1	word	0	-	0	1
E	238	1	1	0
T	239	𑂙ssא	0	5	1	1	word	0	-	0	1
E	239	5	5	0
T	240	ᄀུᬵकᄒass𑂙	0	10	1	1	word	0	-	0	1
E	240	10	10	0
T	241	אלkm2	0	2	1	1	word	0	-	0	1
E	241	2	2	0
T	242	fi1/3e	0	5	1	1	word	0	-	0	1
E	242	5	5	0
T	243		0	1	1	1	word	0	-	0	1
E	243	1	1	0
T	244	ᄁᬵedz	0	7	1	1	word	0	-	0	1
E	244	7	7	0
T	245	1/2￾ss	0	7	1	1	word	0	-	0	1
T	245		8	10	1	1	word	0	-	0	1
E	245	10	10	0
T	246	ᅡ￾	0	3	1	1	word	0	-	0	1
E	246	3	3	0
T	247	adis	0	8	1	1	word	0	-	0	1
E	247	8	8	0
T	248	eصلي الله عليه وسلم אσ	0	6	1	1	word	0	-	0	1
E	248	6	6	0
T	249	s각ํোdᄀ	0	8	1	1	word	0	-	0	1
E	249	8	8	0
T	250	ཱ	0	2	1	1	word	0	-	0	1
E	250	2	2	0
T	251	𐐨	0	4	1	1	word	0	-	0	1
E	251	4	4	0
T	252	s𑂙	0	3	1	1	word	0	-	0	1
E	252	3	3	0
T	253	σཀeᅡ	0	4	1	1	word	0	-	0	1
E	253	4	4	0
T	254	𠀀𝅗𝅗	0	6	1	1	word	0	-	0	1
E	254	6	6	0
T	255	𑂙𑂙eᄀ가	0	10	1	1	word	0	-	0	1
E	255	10	10	0
T	256	각	0	1	1	1	word	0	-	0	1
E	256	1	1	0
T	257	🏽힣kᅡ😀ก	0	11	1	1	word	0	-	0	1
E	257	11	11	0
T	258	𐐨ᄀᇂ	0	7	1	1	word	0	-	0	1
E	258	7	7	0
T	259	𠀀ᆨᇂa𑂙21	0	9	1	1	word	0	-	0	1
E	259	9	9	0
T	260	.া각𝅗n	0	7	1	1	word	0	-	0	1
E	260	7	7	0
T	261	￿ཱིᅡᆨ😀.	0	13	1	1	word	0	-	0	1
E	261	14	14	0
T	262	dᄁ	0	2	1	1	word	0	-	0	1
E	262	2	2	0
T	263	𝅗ᄀུ	0	7	1	1	word	0	-	0	1
E	263	7	7	0
T	264	ᅡe21𝅘	0	11	1	1	word	0	-	0	1
E	264	11	11	0
T	265	dᅡ가u2	0	7	1	1	word	0	-	0	1
E	265	7	7	0
T	266	가uk〔本〕eোカཱ	0	10	1	1	word	0	-	0	1
T	266	가	11	12	1	1	word	0	-	0	1
E	266	12	12	0
T	267	ᄀo￾􏿿一d	0	10	1	1	word	0	-	0	1
E	267	10	10	0
T	268	k	0	1	1	1	word	0	-	0	1
E	268	1	1	0
T	269	ᆨo2 	0	6	1	1	word	0	-	0	1
E	269	6	6	0
T	270	22n1	0	7	1	1	word	0	-	0	1
E	270	7	7	0
T	271	σ	0	1	1	1	word	0	-	0	1
E	271	1	1	0
T	272	가힤e￿ا𠀀ᄁᄀ	0	11	1	1	word	0	-	0	1
E	272	11	11	0
T	273	가ா	0	7	1	1	word	0	-	0	1
E	273	7	7	0
T	274	ss	0	2	1	1	word	0	-	0	1
E	274	2	2	0
T	275	km2	0	1	1	1	word	0	-	0	1
E	275	1	1	0
E	276	1	1	0
T	277	k􏿿가אלσιאᄀu	0	10	1	1	word	0	-	0	1
E	277	10	10	0
T	278	n😀ཀཱི𐐨	0	10	1	1	word	0	-	0	1
E	278	10	10	0
T	279	ᄀུe𑂙𝅗aํ	0	11	1	1	word	0	-	0	1
E	279	11	11	0
T	280	ུ	0	1	1	1	word	0	-	0	1
E	280	1	1	0
T	281	ivωཱ	0	5	1	1	word	0	-	0	1
E	281	5	5	0
T	282	0	0	5	1	1	word	0	-	0	1
E	282	5	5	0
T	283	sω￾株式会社￿kا	0	9	1	1	word	0	-	0	1
E	283	9	9	0
T	284	ํา	0	2	1	1	word	0	-	0	1
E	284	3	3	0
T	285	𝅘	0	3	1	1	word	0	-	0	1
E	285	3	3	0
T	286	אלσ𠀀aᄀᄒ🏽𐐨	0	15	1	1	word	0	-	0	1
E	286	15	15	0
T	287	क<iᄒni	0	10	1	1	word	0	-	0	1
E	287	10	10	0
T	288	𝅘ாσ1丽힤1/2	0	10	1	1	word	0	-	0	1
E	288	10	10	0
T	289	σιi𠀀1/3	0	8	1	1	word	0	-	0	1
E	289	8	8	0
T	290	𝅘0োྀ	0	10	1	1	word	0	-	0	1
E	290	10	10	0
T	291	ཱdாkৗ￾<	0	9	1	1	word	0	-	0	1
E	291	9	9	0
T	292	<ᄀᆧ	0	4	1	1	word	0	-	0	1
E	292	4	4	0
T	293		0	1	1	1	word	0	-	0	1
E	293	1	1	0
T	294	ᅡ힤ུᄀdᄀ😀ᆨs	0	13	1	1	word	0	-	0	1
E	294	13	13	0
T	295	1/2ᇂkm2𠀀	0	8	1	1	word	0	-	0	1
E	295	8	8	0
T	296		0	2	1	1	word	0	-	0	1
E	296	2	2	0
T	297	क😀🏽ᅵeᄀdzs	0	15	1	1	word	0	-	0	1
E	297	15	15	0
T	298	א	0	2	1	1	word	0	-	0	1
E	298	2	2	0
T	299	ιa	0	3	1	1	word	0	-	0	1
E	299	3	3	0
T	300	𠀀🏽	0	4	1	1	word	0	-	0	1
E	300	4	4	0
T	301		0	2	1	1	word	0	-	0	1
E	301	2	2	0
T	302	1/3	0	1	1	1	word	0	-	0	1
E	302	1	1	0
T	303	ا	0	2	1	1	word	0	-	0	1
E	303	2	2	0
T	304	ιkm2ཱུ	0	5	1	1	word	0	-	0	1
E	304	5	5	0
T	305	.ᆨ각	0	5	1	1	word	0	-	0	1
E	305	5	5	0
T	306	ᄀᄒํ	0	5	1	1	word	0	-	0	1
E	306	5	5	0
T	307	sa	0	3	1	1	word	0	-	0	1
E	307	3	3	0
T	308	ᇃ丽aா𠀀ᇂ	0	12	1	1	word	0	-	0	1
E	308	12	12	0
T	309	s𝆹ᄁ	0	5	1	1	word	0	-	0	1
T	309	auᇂ𠀀𠀀	6	15	1	1	word	0	-	0	1
E	309	15	15	0
T	310	ᬅ	0	2	1	1	word	0	-	0	1
E	310	2	2	0
T	311	ํاa〔本〕fi	0	6	1	1	word	0	-	0	1
E	311	6	6	0
T	312	ํιa￾i	0	6	1	1	word	0	-	0	1
E	312	6	6	0
T	313	e豈ioι𑂙	0	11	1	1	word	0	-	0	1
E	313	11	11	0
T	314	ে🏽א	0	4	1	1	word	0	-	0	1
E	314	4	4	0
T	315	صلي الله عليه وسلم각ི￿0	0	9	1	1	word	0	-	0	1
E	315	9	9	0
T	316	ᅵཱᅡ𑂙𐐨각ཀ	0	11	1	1	word	0	-	0	1
E	316	11	11	0
T	317	ཱུ𑂙	0	4	1	1	word	0	-	0	1
E	317	4	4	0
T	318	ᇂdzো힣ι	0	5	1	1	word	0	-	0	1
E	318	5	5	0
T	319	ᄀk	0	3	1	1	word	0	-	0	1
E	319	3	3	0
T	320	ᆨ	0	2	1	1	word	0	-	0	1
E	320	2	2	0
T	321	<ெaa〔本〕dz	0	8	1	1	word	0	-	0	1
E	321	8	8	0
T	322	ᇂivoᆧ	0	5	1	1	word	0	-	0	1
E	322	5	5	0
T	323	σi1/2a	0	6	1	1	word	0	-	0	1
E	323	6	6	0
T	324	￾😀sᆨ𐐨	0	8	1	1	word	0	-	0	1
E	324	8	8	0
T	325	 	0	2	1	1	word	0	-	0	1
E	325	2	2	0
T	326	1/2ุཀᅡ一fi豈dz	0	10	1	1	word	0	-	0	1
E	326	10	10	0
T	327	힣𝅘ᄀི😀	0	12	1	1	word	0	-	0	1
E	327	12	12	0
T	328		0	1	1	1	word	0	-	0	1
E	328	1	1	0
T	329	ําsω2a􏿿eোصلي الله عليه وسلم가o	0	13	1	1	word	0	-	0	1
E	329	13	13	0
T	330	ெא	0	2	1	1	word	0	-	0	1
E	330	2	2	0
T	331	ᄁaᆨெেj	0	8	1	1	word	0	-	0	1
E	331	8	8	0
T	332	각	0	1	1	1	word	0	-	0	1
E	332	1	1	0
T	333	ก	0	1	1	1	word	0	-	0	1
E	333	1	1	0
T	334	אσaা가ཀ􏿿	0	12	1	1	word	0	-	0	1
E	334	12	12	0
T	335		0	1	1	1	word	0	-	0	1
E	335	1	1	0
T	336	aiে	0	4	1	1	word	0	-	0	1
E	336	4	4	0
T	337	ᇂd힤ཱι	0	12	1	1	word	0	-	0	1
E	337	12	12	0
T	338	𝅗ᅵᅡᬆa	0	8	1	1	word	0	-	0	1
E	338	8	8	0
T	339	σ	0	3	1	1	word	0	-	0	1
E	339	3	3	0
T	340	k	0	2	1	1	word	0	-	0	1
E	340	2	2	0
T	341	ᄀ𝅘nཱུ.ொཱ一	0	10	1	1	word	0	-	0	1
E	341	10	10	0
T	342	e􏿿ᅡᇂ2가	0	10	1	1	word	0	-	0	1
E	342	10	10	0
T	343	􏿿ᄒa	0	4	1	1	word	0	-	0	1
E	343	4	4	0
T	344	😀oุ􏿿sσ	0	8	1	1	word	0	-	0	1
E	344	8	8	0
T	345	𐐨usᄀaᄒ	0	7	1	1	word	0	-	0	1
E	345	7	7	0
T	346	oa𠀀	0	7	1	1	word	0	-	0	1
E	346	7	7	0
T	347		0	4	1	1	word	0	-	0	1
T	347	ᄒאלaae	5	12	1	1	word	0	-	0	1
E	347	12	12	0
T	348	􏿿אiv21	0	9	1	1	word	0	-	0	1
E	348	9	9	0
T	349	ᄒ각া	0	3	1	1	word	0	-	0	1
E	349	3	3	0
T	350	￾ivo 힤adི￿𐐨	0	13	1	1	word	0	-	0	1
E	350	13	13	0
T	351	ᅵa􏿿𝅗ᬵᇂ힣	0	12	1	1	word	0	-	0	1
E	351	12	12	0
T	352	ུ􏿿𐐨aᇂ1/2	0	9	1	1	word	0	-	0	1
E	352	9	9	0
T	353	丽丽〔本〕2ெא	1	16	1	1	word	0	-	0	1
E	353	16	16	0
T	354	ᆨσ힤	0	5	1	1	word	0	-	0	1
E	354	5	5	0
T	355		0	2	1	1	word	0	-	0	1
E	355	2	2	0
T	356	ᇂ￿i🏽	0	6	1	1	word	0	-	0	1
E	356	6	6	0
T	357	가𠀀𠀀कصلي الله عليه وسلمཱصلي الله عليه وسلمs	0	13	1	1	word	0	-	0	1
E	357	13	13	0
T	358	e	0	1	1	1	word	0	-	0	1
E	358	1	1	0
T	359	.	0	4	1	1	word	0	-	0	1
E	359	4	4	0
T	360	σ각ᇃᅡ	0	5	1	1	word	0	-	0	1
E	360	5	5	0
T	361	􏿿힤ᆨصلي الله عليه وسلم豈ᅡ.אל2	0	14	1	1	word	0	-	0	1
E	361	14	14	0
T	362	ᄁᄒi	0	6	1	1	word	0	-	0	1
E	362	7	7	0
T	363		0	2	1	1	word	0	-	0	1
E	363	2	2	0
T	364		0	1	1	1	word	0	-	0	1
E	364	1	1	0
T	365	ে	0	2	1	1	word	0	-	0	1
E	365	2	2	0
T	366	😀	0	2	1	1	word	0	-	0	1
E	366	2	2	0
T	367	ᅵsकཀ￿🏽ᄒk𝅘	0	13	1	1	word	0	-	0	1
E	367	13	13	0
T	368		0	2	1	1	word	0	-	0	1
E	368	2	2	0
T	369	𝆹क	0	4	1	1	word	0	-	0	1
E	369	4	4	0
T	370	𝅗하ᬵ𑂙ཱི	0	10	1	1	word	0	-	0	1
E	370	10	10	0
T	371	a𝅘	0	5	1	1	word	0	-	0	1
E	371	6	6	0
T	372	ᄀσ	0	2	1	1	word	0	-	0	1
E	372	2	2	0
T	373	knsא￿אᄀ	0	10	1	1	word	0	-	0	1
E	373	10	10	0
T	374	ᇂᆨ一𑂙각	0	11	1	1	word	0	-	0	1
E	374	11	11	0
T	375	𑂙􏿿𑂙	0	9	1	1	word	0	-	0	1
E	375	9	9	0
T	376	a2〔本〕𝅘	0	9	1	1	word	0	-	0	1
T	376	株式会社カσ	10	13	1	1	word	0	-	0	1
E	376	13	13	0
T	377	कི株式会社丽ᇃཀ￾	0	14	1	1	word	0	-	0	1
E	377	14	14	0
T	378	k〔本〕א 	0	9	1	1	word	0	-	0	1
E	378	9	9	0
T	379	𠀀km2ᄁ.𝆹𑂙	0	9	1	1	word	0	-	0	1
E	379	9	9	0
T	380	ᆨ	0	4	1	1	word	0	-	0	1
E	380	4	4	0
T	381	￿ᄁoᄀ𠀀￾e	0	13	1	1	word	0	-	0	1
E	381	13	13	0
T	382	اெאל	0	6	1	1	word	0	-	0	1
E	382	6	6	0
T	383	ffi	0	1	1	1	word	0	-	0	1
T	383	oei	2	8	1	1	word	0	-	0	1
E	383	8	8	0
T	384		0	2	1	1	word	0	-	0	1
E	384	2	2	0
T	385	21া까क	0	6	1	1	word	0	-	0	1
E	385	6	6	0
T	386	aཱི1σn	0	5	1	1	word	0	-	0	1
E	386	5	5	0
T	387	𝅗🏽𝅗	0	6	1	1	word	0	-	0	1
E	387	6	6	0
T	388		0	4	1	1	word	0	-	0	1
E	388	4	4	0
T	389	힣a𠀀	0	4	1	1	word	0	-	0	1
E	389	4	4	0
T	390	￾ཱུ𐐨1/3	0	6	1	1	word	0	-	0	1
E	390	6	6	0
T	391	j	0	2	1	1	word	0	-	0	1
E	391	2	2	0
T	392	ا	0	2	1	1	word	0	-	0	1
E	392	2	2	0
T	393		0	1	1	1	word	0	-	0	1
E	393	1	1	0
T	394	힣𑂙ss	0	5	1	1	word	0	-	0	1
E	394	5	5	0
T	395	dིௗo𝅗	0	9	1	1	word	0	-	0	1
E	395	9	9	0
T	396	sa	0	2	1	1	word	0	-	0	1
E	396	2	2	0
T	397	ᅡk𝆹ᆧ	0	12	1	1	word	0	-	0	1
E	397	12	12	0
T	398	ᆧσ.eιི	0	10	1	1	word	0	-	0	1
E	398	10	10	0
T	399	𠀀ཀ𑂙ཱིo😀	0	13	1	1	word	0	-	0	1
E	399	13	13	0
T	400	ᄁ e각￿	0	5	1	1	word	0	-	0	1
E	400	5	5	0
T	401	σω🏽	0	4	1	1	word	0	-	0	1
E	401	4	4	0
T	402	각힤	0	2	1	1	word	0	-	0	1
E	402	2	2	0
T	403	ௗ𝅗.a	0	5	1	1	word	0	-	0	1
E	403	5	5	0
T	404	ω	0	5	1	1	word	0	-	0	1
E	404	5	5	0
T	405	iௗᅡ	0	3	1	1	word	0	-	0	1
E	405	3	3	0
E	406	1	1	0
T	407	ุ	0	1	1	1	word	0	-	0	1
E	407	1	1	0
T	408	￾ᄀཱྀs一a	0	12	1	1	word	0	-	0	1
E	408	12	12	0
T	409	𝅗1/3𝅗	0	6	1	1	word	0	-	0	1
E	409	6	6	0
T	410	a	0	2	1	1	word	0	-	0	1
E	410	2	2	0
T	411		0	1	1	1	word	0	-	0	1
E	411	1	1	0
T	412	.𐐨e	0	7	1	1	word	0	-	0	1
E	412	7	7	0
T	413	क가각jω￿ெdz	0	10	1	1	word	0	-	0	1
E	413	10	10	0
T	414	ᄀकᄀi	0	6	1	1	word	0	-	0	1
E	414	6	6	0
T	415	ie가i￿a	0	7	1	1	word	0	-	0	1
E	415	7	7	0
T	416	aᄒ𝅗	0	4	1	1	word	0	-	0	1
E	416	4	4	0
T	417	ᆧ힤가σo	0	8	1	1	word	0	-	0	1
E	417	8	8	0
T	418	ffieאํཱ	0	5	1	1	word	0	-	0	1
E	418	5	5	0
T	419	￿s𝅗ํ각ཱྀo	0	12	1	1	word	0	-	0	1
E	419	12	12	0
T	420	􏿿ᆧᄁ𠀀ᬅᇂd각𠀀〔本〕-	0	16	1	1	word	0	-	0	1
E	420	16	16	0
T	421	d	0	2	1	1	word	0	-	0	1
E	421	2	2	0
T	422	𝆹ᅡossུ𐐨ে	0	13	1	1	word	0	-	0	1
E	422	13	13	0
T	423	oํากa	0	7	1	1	word	0	-	0	1
E	423	7	7	0
T	424	𝅘1	0	5	1	1	word	0	-	0	1
E	424	5	5	0
T	425	힤	0	2	1	1	word	0	-	0	1
E	425	2	2	0
T	426	ํᅡaุ	0	5	1	1	word	0	-	0	1
E	426	5	5	0
T	427	ssᄀ	0	3	1	1	word	0	-	0	1
E	427	3	3	0
T	428	-eྀ🏽ss￿	0	8	1	1	word	0	-	0	1
E	428	8	8	0
T	429	𝅘	0	2	1	1	word	0	-	0	1
E	429	2	2	0
T	430	e𝅘	0	3	1	1	word	0	-	0	1
E	430	3	3	0
T	431	𝅘	0	2	1	1	word	0	-	0	1
E	431	2	2	0
T	432	ொ￾ffi	0	3	1	1	word	0	-	0	1
E	432	3	3	0
T	433	ཱྀकnaཱ	0	8	1	1	word	0	-	0	1
E	433	8	8	0
T	434	ᬅ	0	3	1	1	word	0	-	0	1
E	434	3	3	0
T	435	ᄀ.ཱྀffi	0	6	1	1	word	0	-	0	1
E	435	6	6	0
T	436	가	0	2	1	1	word	0	-	0	1
E	436	2	2	0
T	437	𠀀ொ	0	9	1	1	word	0	-	0	1
E	437	9	9	0
T	438	𝆹	0	5	1	1	word	0	-	0	1
E	438	5	5	0
T	439	dω	0	2	1	1	word	0	-	0	1
E	439	2	2	0
T	440	asffi􏿿aৗd	0	10	1	1	word	0	-	0	1
E	440	10	10	0
T	441	ุ	0	4	1	1	word	0	-	0	1
E	441	4	4	0
T	442	ᇃ	0	2	1	1	word	0	-	0	1
E	442	2	2	0
T	443	אל〔本〕ᅡdz	0	6	1	1	word	0	-	0	1
E	443	6	6	0
T	444	0dzu	0	6	1	1	word	0	-	0	1
E	444	6	6	0
T	445	1一￾אa	0	11	1	1	word	0	-	0	1
E	445	11	11	0
T	446	21ᇃ𝅗σ	0	6	1	1	word	0	-	0	1
E	446	6	6	0
T	447	ᬵุssᆨ	0	7	1	1	word	0	-	0	1
E	447	7	7	0
T	448	ৗ2োσא𝆹𝆹क￾	0	13	1	1	word	0	-	0	1
E	448	13	13	0
T	449	fiカ	0	4	1	1	word	0	-	0	1
T	449	丽א<	5	9	1	1	word	0	-	0	1
E	449	9	9	0
T	450	ᄒําeᄁσ.ᄒᆨ	0	8	1	1	word	0	-	0	1
E	450	8	8	0
T	451	￿e𝆹s𠀀a각😀	0	14	1	1	word	0	-	0	1
E	451	14	14	0
T	452	ཱᬅᄀ	0	7	1	1	word	0	-	0	1
E	452	7	7	0
T	453	株式会社	0	1	1	1	word	0	-	0	1
E	453	1	1	0
T	454	ௗ𐐨𐐨ᄀאלํ	0	9	1	1	word	0	-	0	1
E	454	9	9	0
T	455	dאุᇃssιdz	0	9	1	1	word	0	-	0	1
E	455	9	9	0
T	456	힣i	0	6	1	1	word	0	-	0	1
E	456	6	6	0
T	457	ெ	0	1	1	1	word	0	-	0	1
E	457	1	1	0
T	458	σi	0	2	1	1	word	0	-	0	1
E	458	2	2	0
T	459	𐐨	0	3	1	1	word	0	-	0	1
E	459	3	3	0
T	460	1/3	0	3	1	1	word	0	-	0	1
E	460	3	3	0
T	461	ι𐐨21	0	4	1	1	word	0	-	0	1
E	461	4	4	0
T	462	eσ	0	5	1	1	word	0	-	0	1
E	462	5	5	0
T	463	￾	0	1	1	1	word	0	-	0	1
E	463	1	1	0
T	464	אל􏿿	0	3	1	1	word	0	-	0	1
E	464	3	3	0
T	465	o	0	2	1	1	word	0	-	0	1
E	465	2	2	0
T	466	a	0	1	1	1	word	0	-	0	1
E	466	1	1	0
T	467	ে𑂙eאo	0	6	1	1	word	0	-	0	1
E	467	6	6	0
T	468	ᇂ0	0	3	1	1	word	0	-	0	1
E	468	3	3	0
T	469	aํ𠀀dzெ	0	7	1	1	word	0	-	0	1
E	469	7	7	0
T	470	ᄀ𑂙ํา힤ᄀ	0	12	1	1	word	0	-	0	1
E	470	12	12	0
T	471	א<	0	2	1	1	word	0	-	0	1
E	471	2	2	0
T	472	ุ𝆹াa丽𝅗	0	11	1	1	word	0	-	0	1
E	472	12	12	0
T	473	丽丽אொ	0	7	1	1	word	0	-	0	1
E	473	7	7	0
T	474	אdz	0	6	1	1	word	0	-	0	1
E	474	6	6	0
T	475	ᄀا😀􏿿	0	9	1	1	word	0	-	0	1
E	475	9	9	0
T	476	가oא￾a	0	7	1	1	word	0	-	0	1
E	476	7	7	0
T	477	豈k.ᬅ21eᬵᄀ￾	0	12	1	1	word	0	-	0	1
E	477	12	12	0
T	478	ᄁ􏿿	0	6	1	1	word	0	-	0	1
E	478	6	6	0
T	479	ก😀ᄀa각	0	9	1	1	word	0	-	0	1
E	479	9	9	0
T	480		0	1	1	1	word	0	-	0	1
E	480	1	1	0
T	481	ssᆨ가ํ	0	7	1	1	word	0	-	0	1
E	481	7	7	0
T	482	dאל￿dא𑂙i	0	10	1	1	word	0	-	0	1
E	482	10	10	0
T	483	ae〔本〕￿丽𝅗	0	12	1	1	word	0	-	0	1
T	483	ᬅᆨ1/3	13	16	1	1	word	0	-	0	1
E	483	16	16	0
T	484	ι	0	1	1	1	word	0	-	0	1
E	484	1	1	0
T	485	ཱི𝅘￾σωn	0	11	1	1	word	0	-	0	1
E	485	11	11	0
T	486	ொᬅᄒ	0	8	1	1	word	0	-	0	1
E	486	8	8	0
T	487	ss𝆹	0	7	1	1	word	0	-	0	1
E	487	7	7	0
T	488	nᆧ	0	2	1	1	word	0	-	0	1
E	488	2	2	0
T	489	s一𑂙aᄒ	0	8	1	1	word	0	-	0	1
E	489	8	8	0
T	490	1/3	0	1	1	1	word	0	-	0	1
E	490	1	1	0
T	491	i	0	1	1	1	word	0	-	0	1
T	491	efi😀d	2	8	1	1	word	0	-	0	1
E	491	8	8	0
T	492	s	0	3	1	1	word	0	-	0	1
E	492	3	3	0
T	493	ss	0	1	1	1	word	0	-	0	1
E	493	1	1	0
T	494	 	0	3	1	1	word	0	-	0	1
T	494	ω𐐨dொ1/2	4	11	1	1	word	0	-	0	1
E	494	11	11	0
T	495	ᄀ	0	1	1	1	word	0	-	0	1
E	495	1	1	0
T	496	dzu	0	3	1	1	word	0	-	0	1
E	496	3	3	0
T	497	각􏿿🏽ᇃs￿ιᄀ𑂙ᇂ	0	15	1	1	word	0	-	0	1
E	497	15	15	0
T	498	𝅘ཱெᇂאก	0	11	1	1	word	0	-	0	1
E	498	11	11	0
T	499	.	0	1	1	1	word	0	-	0	1
E	499	1	1	0
T	500	ུक0k￾𝅘	0	13	1	1	word	0	-	0	1
E	500	13	13	0
T	501	ssௗ	0	3	1	1	word	0	-	0	1
E	501	3	3	0
T	502	idz	0	2	1	1	word	0	-	0	1
E	502	2	2	0
T	503	ᬵᄁ𝅘	0	11	1	1	word	0	-	0	1
T	503	ௗ각	12	14	1	1	word	0	-	0	1
E	503	14	14	0
T	504	-ιொ𠀀ொaa􏿿ed	0	15	1	1	word	0	-	0	1
E	504	15	15	0
T	505	ai.	0	3	1	1	word	0	-	0	1
E	505	3	3	0
T	506	-ொᆨᄀ	0	4	1	1	word	0	-	0	1
E	506	4	4	0
T	507	ssa	0	3	1	1	word	0	-	0	1
E	507	3	3	0
T	508	s21𐐨אל株式会社ཱdz	0	10	1	1	word	0	-	0	1
E	508	10	10	0
T	509	e豈กᄀཱi	0	6	1	1	word	0	-	0	1
E	509	6	6	0
T	510	াdz	0	5	1	1	word	0	-	0	1
E	510	5	5	0
T	511	ཱྀ豈0ι	0	10	1	1	word	0	-	0	1
E	511	10	10	0
T	512	n21ཀ	0	3	1	1	word	0	-	0	1
E	512	3	3	0
T	513	אל힣.iௗ￾กํ￿	0	9	1	1	word	0	-	0	1
E	513	9	9	0
T	514	𝅘ཱ	0	4	1	1	word	0	-	0	1
E	514	4	4	0
T	515	ᇂωصلي الله عليه وسلمᇂ	0	6	1	1	word	0	-	0	1
E	515	6	6	0
T	516	￾	0	1	1	1	word	0	-	0	1
E	516	1	1	0
T	517	ffi	0	1	1	1	word	0	-	0	1
E	517	1	1	0
T	518	ཱྀ􏿿丽가א😀𝆹j	0	16	1	1	word	0	-	0	1
E	518	16	16	0
T	519	aa	0	4	1	1	word	0	-	0	1
E	519	4	4	0
T	520	ᇃᇂཱྀᄀཱིa	0	7	1	1	word	0	-	0	1
E	520	7	7	0
T	521	힣a𑂙ss	0	9	1	1	word	0	-	0	1
E	521	9	9	0
T	522	a가2اᄀো	0	8	1	1	word	0	-	0	1
E	522	8	8	0
T	523	<aᄀカ丽	0	8	1	1	word	0	-	0	1
E	523	8	8	0
T	524	ொᄁก	0	6	1	1	word	0	-	0	1
E	524	6	6	0
T	525	￿一𝆹adzᅡa	0	10	1	1	word	0	-	0	1
E	525	10	10	0
T	526	dཀe2𐐨ᄁ힣	0	13	1	1	word	0	-	0	1
E	526	13	13	0
T	527	u𠀀ᆧᬅaᇂ😀	0	12	1	1	word	0	-	0	1
E	527	12	12	0
T	528	ᄀσᄀ	0	9	1	1	word	0	-	0	1
E	528	9	9	0
T	529	株式会社nssᄒ각اe2	0	9	1	1	word	0	-	0	1
E	529	9	9	0
T	530	􏿿	0	3	1	1	word	0	-	0	1
E	530	3	3	0
T	531	daiv	0	10	1	1	word	0	-	0	1
E	531	10	10	0
T	532	ss􏿿אᄒe𠀀〔本〕a	0	13	1	1	word	0	-	0	1
E	532	13	13	0
T	533	ᄀd	0	6	1	1	word	0	-	0	1
E	533	6	6	0
T	534	אלاe21	0	5	1	1	word	0	-	0	1
E	534	5	5	0
T	535	oᆨι2􏿿	0	10	1	1	word	0	-	0	1
E	535	10	10	0
T	536	aᄁᬆཱ〔本〕	0	6	1	1	word	0	-	0	1
E	536	6	6	0
T	537	ᆧ	0	3	1	1	word	0	-	0	1
T	537	21dze	4	8	1	1	word	0	-	0	1
E	537	8	8	0
T	538	a	0	3	1	1	word	0	-	0	1
E	538	3	3	0
