S	CustomAnalyzer(org.apache.lucene.analysis.core.WhitespaceTokenizerFactory,org.apache.lucene.analysis.phonetic.PhoneticFilterFactory)
T	0	Smith	0	5	1	1	word	0	-	0	1
T	0	Schmidt	6	13	1	1	word	0	-	0	1
T	0	Smyth	14	19	1	1	word	0	-	0	1
T	0	Schmitt	20	27	1	1	word	0	-	0	1
T	0	Smithe	28	34	1	1	word	0	-	0	1
E	0	34	34	0
T	1	Jackson	0	7	1	1	word	0	-	0	1
T	1	Jaxon	8	13	1	1	word	0	-	0	1
T	1	Jakobsen	14	22	1	1	word	0	-	0	1
T	1	Jacobsen	23	31	1	1	word	0	-	0	1
T	1	Yakobson	32	40	1	1	word	0	-	0	1
E	1	40	40	0
T	2	Thompson	0	8	1	1	word	0	-	0	1
T	2	Tomson	9	15	1	1	word	0	-	0	1
T	2	Thomas	16	22	1	1	word	0	-	0	1
T	2	Tomas	23	28	1	1	word	0	-	0	1
T	2	Thoma	29	34	1	1	word	0	-	0	1
E	2	34	34	0
T	3	Knight	0	6	1	1	word	0	-	0	1
T	3	Night	7	12	1	1	word	0	-	0	1
T	3	Gnome	13	18	1	1	word	0	-	0	1
T	3	Wright	19	25	1	1	word	0	-	0	1
T	3	Psychology	26	36	1	1	word	0	-	0	1
T	3	Pneumonia	37	46	1	1	word	0	-	0	1
E	3	46	46	0
T	4	Ashcraft	0	8	1	1	word	0	-	0	1
T	4	Ashcroft	9	17	1	1	word	0	-	0	1
T	4	Tymczak	18	25	1	1	word	0	-	0	1
T	4	Pfister	26	33	1	1	word	0	-	0	1
T	4	Lloyd	34	39	1	1	word	0	-	0	1
T	4	Ladd	40	44	1	1	word	0	-	0	1
E	4	44	44	0
T	5	Washington	0	10	1	1	word	0	-	0	1
T	5	Wassermann	11	21	1	1	word	0	-	0	1
T	5	Weisz	22	27	1	1	word	0	-	0	1
T	5	Weiss	28	33	1	1	word	0	-	0	1
T	5	Vaisz	34	39	1	1	word	0	-	0	1
T	5	Weißmann	40	48	1	1	word	0	-	0	1
E	5	48	48	0
T	6	Straße	0	6	1	1	word	0	-	0	1
T	6	Strasse	7	14	1	1	word	0	-	0	1
T	6	Müller	15	21	1	1	word	0	-	0	1
T	6	Mueller	22	29	1	1	word	0	-	0	1
T	6	Möller	30	36	1	1	word	0	-	0	1
T	6	Mohler	37	43	1	1	word	0	-	0	1
T	6	Ölschläger	44	54	1	1	word	0	-	0	1
T	6	Göthe	55	60	1	1	word	0	-	0	1
T	6	Goethe	61	67	1	1	word	0	-	0	1
E	6	67	67	0
T	7	Moskowitz	0	9	1	1	word	0	-	0	1
T	7	Moskovitz	10	19	1	1	word	0	-	0	1
T	7	Moskowicz	20	29	1	1	word	0	-	0	1
T	7	Tsvetaeva	30	39	1	1	word	0	-	0	1
T	7	Tchaikovsky	40	51	1	1	word	0	-	0	1
T	7	Chaykovskiy	52	63	1	1	word	0	-	0	1
E	7	63	63	0
T	8	Peter	0	5	1	1	word	0	-	0	1
T	8	Pieter	6	12	1	1	word	0	-	0	1
T	8	Pierre	13	19	1	1	word	0	-	0	1
T	8	Pedro	20	25	1	1	word	0	-	0	1
T	8	Piotr	26	31	1	1	word	0	-	0	1
T	8	Pyotr	32	37	1	1	word	0	-	0	1
E	8	37	37	0
T	9	Kölner	0	6	1	1	word	0	-	0	1
T	9	Phonetik	7	15	1	1	word	0	-	0	1
T	9	Köln	16	20	1	1	word	0	-	0	1
T	9	Cologne	21	28	1	1	word	0	-	0	1
T	9	Kologne	29	36	1	1	word	0	-	0	1
T	9	Müller-Lüdenscheidt	37	56	1	1	word	0	-	0	1
E	9	56	56	0
T	10	Brian	0	5	1	1	word	0	-	0	1
T	10	Bryan	6	11	1	1	word	0	-	0	1
T	10	Brien	12	17	1	1	word	0	-	0	1
T	10	O'Brien	18	25	1	1	word	0	-	0	1
T	10	OBrien	26	32	1	1	word	0	-	0	1
T	10	O'Bryan	33	40	1	1	word	0	-	0	1
E	10	40	40	0
T	11	de	0	2	1	1	word	0	-	0	1
T	11	la	3	5	1	1	word	0	-	0	1
T	11	Cruz	6	10	1	1	word	0	-	0	1
T	11	De	11	13	1	1	word	0	-	0	1
T	11	La	14	16	1	1	word	0	-	0	1
T	11	Cruz	17	21	1	1	word	0	-	0	1
T	11	dela	22	26	1	1	word	0	-	0	1
T	11	Cruz	27	31	1	1	word	0	-	0	1
T	11	van	32	35	1	1	word	0	-	0	1
T	11	Beethoven	36	45	1	1	word	0	-	0	1
T	11	von	46	49	1	1	word	0	-	0	1
T	11	Braun	50	55	1	1	word	0	-	0	1
T	11	d'Angelo	56	64	1	1	word	0	-	0	1
T	11	D'Angelo	65	73	1	1	word	0	-	0	1
T	11	dAngelo	74	81	1	1	word	0	-	0	1
E	11	81	81	0
T	12	al-Hassan	0	9	1	1	word	0	-	0	1
T	12	el	10	12	1	1	word	0	-	0	1
T	12	Greco	13	18	1	1	word	0	-	0	1
T	12	abu	19	22	1	1	word	0	-	0	1
T	12	Bakr	23	27	1	1	word	0	-	0	1
T	12	ben-Gurion	28	38	1	1	word	0	-	0	1
T	12	bar	39	42	1	1	word	0	-	0	1
T	12	Kochba	43	49	1	1	word	0	-	0	1
T	12	da	50	52	1	1	word	0	-	0	1
T	12	Vinci	53	58	1	1	word	0	-	0	1
T	12	de	59	61	1	1	word	0	-	0	1
T	12	Gaulle	62	68	1	1	word	0	-	0	1
T	12	di	69	71	1	1	word	0	-	0	1
T	12	Caprio	72	78	1	1	word	0	-	0	1
E	12	78	78	0
T	13	McDonald	0	8	1	1	word	0	-	0	1
T	13	MacDonald	9	18	1	1	word	0	-	0	1
T	13	Macdonald	19	28	1	1	word	0	-	0	1
T	13	MacArthur	29	38	1	1	word	0	-	0	1
T	13	McArthur	39	47	1	1	word	0	-	0	1
T	13	Mac	48	51	1	1	word	0	-	0	1
E	13	51	51	0
T	14	Catherine	0	9	1	1	word	0	-	0	1
T	14	Kathryn	10	17	1	1	word	0	-	0	1
T	14	Katharina	18	27	1	1	word	0	-	0	1
T	14	Kasia	28	33	1	1	word	0	-	0	1
T	14	Caterina	34	42	1	1	word	0	-	0	1
T	14	Ekaterina	43	52	1	1	word	0	-	0	1
E	14	52	52	0
T	15	Nguyen	0	6	1	1	word	0	-	0	1
T	15	Nyugen	7	13	1	1	word	0	-	0	1
T	15	Ng	14	16	1	1	word	0	-	0	1
T	15	Wong	17	21	1	1	word	0	-	0	1
T	15	Huang	22	27	1	1	word	0	-	0	1
T	15	Hwang	28	33	1	1	word	0	-	0	1
T	15	Zhang	34	39	1	1	word	0	-	0	1
T	15	Chang	40	45	1	1	word	0	-	0	1
T	15	Cheung	46	52	1	1	word	0	-	0	1
E	15	52	52	0
T	16	Ruiz	0	4	1	1	word	0	-	0	1
T	16	Rodríguez	5	14	1	1	word	0	-	0	1
T	16	Rodriguez	15	24	1	1	word	0	-	0	1
T	16	González	25	33	1	1	word	0	-	0	1
T	16	Gonzalez	34	42	1	1	word	0	-	0	1
T	16	Pérez	43	48	1	1	word	0	-	0	1
T	16	Perez	49	54	1	1	word	0	-	0	1
T	16	Núñez	55	60	1	1	word	0	-	0	1
T	16	Nunez	61	66	1	1	word	0	-	0	1
E	16	66	66	0
T	17	Søren	0	5	1	1	word	0	-	0	1
T	17	Sörensen	6	14	1	1	word	0	-	0	1
T	17	Sorensen	15	23	1	1	word	0	-	0	1
T	17	Åsa	24	27	1	1	word	0	-	0	1
T	17	Aasa	28	32	1	1	word	0	-	0	1
T	17	Ærø	33	36	1	1	word	0	-	0	1
T	17	Øster	37	42	1	1	word	0	-	0	1
E	17	42	42	0
T	18	Ćwikliński	0	10	1	1	word	0	-	0	1
T	18	Łukasz	11	17	1	1	word	0	-	0	1
T	18	Lukasz	18	24	1	1	word	0	-	0	1
T	18	Żółć	25	29	1	1	word	0	-	0	1
T	18	Szczepański	30	41	1	1	word	0	-	0	1
T	18	Szczepanski	42	53	1	1	word	0	-	0	1
T	18	Wróblewski	54	64	1	1	word	0	-	0	1
T	18	Grzegorz	65	73	1	1	word	0	-	0	1
E	18	73	73	0
T	19	İstanbul	0	8	1	1	word	0	-	0	1
T	19	Istanbul	9	17	1	1	word	0	-	0	1
T	19	ılık	18	22	1	1	word	0	-	0	1
T	19	Şahin	23	28	1	1	word	0	-	0	1
T	19	Sahin	29	34	1	1	word	0	-	0	1
T	19	Çelik	35	40	1	1	word	0	-	0	1
T	19	Celik	41	46	1	1	word	0	-	0	1
T	19	Ğ	47	48	1	1	word	0	-	0	1
E	19	48	48	0
T	20	Dvořák	0	6	1	1	word	0	-	0	1
T	20	Dvorak	7	13	1	1	word	0	-	0	1
T	20	Čapek	14	19	1	1	word	0	-	0	1
T	20	Capek	20	25	1	1	word	0	-	0	1
T	20	Řehoř	26	31	1	1	word	0	-	0	1
T	20	Rehor	32	37	1	1	word	0	-	0	1
T	20	Ševčík	38	44	1	1	word	0	-	0	1
T	20	Sevcik	45	51	1	1	word	0	-	0	1
E	20	51	51	0
T	21	Ionescu	0	7	1	1	word	0	-	0	1
T	21	Ionesco	8	15	1	1	word	0	-	0	1
T	21	Popescu	16	23	1	1	word	0	-	0	1
T	21	Ştefan	24	30	1	1	word	0	-	0	1
T	21	Stefan	31	37	1	1	word	0	-	0	1
T	21	Ţuţea	38	43	1	1	word	0	-	0	1
T	21	Tutea	44	49	1	1	word	0	-	0	1
T	21	Ăla	50	53	1	1	word	0	-	0	1
E	21	53	53	0
T	22	Andreas	0	7	1	1	word	0	-	0	1
T	22	Andrew	8	14	1	1	word	0	-	0	1
T	22	Andrei	15	21	1	1	word	0	-	0	1
T	22	Andrzej	22	29	1	1	word	0	-	0	1
T	22	Andrés	30	36	1	1	word	0	-	0	1
T	22	Andre	37	42	1	1	word	0	-	0	1
T	22	André	43	48	1	1	word	0	-	0	1
E	22	48	48	0
T	23	cough	0	5	1	1	word	0	-	0	1
T	23	rough	6	11	1	1	word	0	-	0	1
T	23	tough	12	17	1	1	word	0	-	0	1
T	23	enough	18	24	1	1	word	0	-	0	1
T	23	trough	25	31	1	1	word	0	-	0	1
T	23	laugh	32	37	1	1	word	0	-	0	1
T	23	though	38	44	1	1	word	0	-	0	1
T	23	thought	45	52	1	1	word	0	-	0	1
E	23	52	52	0
T	24	science	0	7	1	1	word	0	-	0	1
T	24	scene	8	13	1	1	word	0	-	0	1
T	24	schism	14	20	1	1	word	0	-	0	1
T	24	school	21	27	1	1	word	0	-	0	1
T	24	scheme	28	34	1	1	word	0	-	0	1
T	24	schedule	35	43	1	1	word	0	-	0	1
T	24	character	44	53	1	1	word	0	-	0	1
T	24	chorus	54	60	1	1	word	0	-	0	1
E	24	60	60	0
T	25	judge	0	5	1	1	word	0	-	0	1
T	25	budget	6	12	1	1	word	0	-	0	1
T	25	edge	13	17	1	1	word	0	-	0	1
T	25	ledger	18	24	1	1	word	0	-	0	1
T	25	dodge	25	30	1	1	word	0	-	0	1
T	25	gnat	31	35	1	1	word	0	-	0	1
T	25	sign	36	40	1	1	word	0	-	0	1
T	25	signed	41	47	1	1	word	0	-	0	1
T	25	design	48	54	1	1	word	0	-	0	1
E	25	54	54	0
T	26	phone	0	5	1	1	word	0	-	0	1
T	26	photo	6	11	1	1	word	0	-	0	1
T	26	graph	12	17	1	1	word	0	-	0	1
T	26	Stephen	18	25	1	1	word	0	-	0	1
T	26	Steven	26	32	1	1	word	0	-	0	1
T	26	Stefano	33	40	1	1	word	0	-	0	1
T	26	Esteban	41	48	1	1	word	0	-	0	1
E	26	48	48	0
T	27	queen	0	5	1	1	word	0	-	0	1
T	27	quick	6	11	1	1	word	0	-	0	1
T	27	quay	12	16	1	1	word	0	-	0	1
T	27	kayak	17	22	1	1	word	0	-	0	1
T	27	axe	23	26	1	1	word	0	-	0	1
T	27	exit	27	31	1	1	word	0	-	0	1
T	27	xylophone	32	41	1	1	word	0	-	0	1
T	27	Xavier	42	48	1	1	word	0	-	0	1
T	27	Ximenez	49	56	1	1	word	0	-	0	1
E	27	56	56	0
T	28	whale	0	5	1	1	word	0	-	0	1
T	28	wheat	6	11	1	1	word	0	-	0	1
T	28	who	12	15	1	1	word	0	-	0	1
T	28	whom	16	20	1	1	word	0	-	0	1
T	28	wholesale	21	30	1	1	word	0	-	0	1
T	28	wrist	31	36	1	1	word	0	-	0	1
T	28	wrong	37	42	1	1	word	0	-	0	1
T	28	write	43	48	1	1	word	0	-	0	1
E	28	48	48	0
T	29	Schwarzenegger	0	14	1	1	word	0	-	0	1
T	29	Schwartz	15	23	1	1	word	0	-	0	1
T	29	Shwartz	24	31	1	1	word	0	-	0	1
T	29	Swartz	32	38	1	1	word	0	-	0	1
T	29	Szwarc	39	45	1	1	word	0	-	0	1
E	29	45	45	0
T	30	Abramowitz	0	10	1	1	word	0	-	0	1
T	30	Abramovich	11	21	1	1	word	0	-	0	1
T	30	Abrahamson	22	32	1	1	word	0	-	0	1
T	30	Abrams	33	39	1	1	word	0	-	0	1
T	30	Avraham	40	47	1	1	word	0	-	0	1
T	30	Ibrahim	48	55	1	1	word	0	-	0	1
E	30	55	55	0
T	31	Lévesque	0	8	1	1	word	0	-	0	1
T	31	Levesque	9	17	1	1	word	0	-	0	1
T	31	Lévêque	18	25	1	1	word	0	-	0	1
T	31	Côté	26	30	1	1	word	0	-	0	1
T	31	Cote	31	35	1	1	word	0	-	0	1
T	31	Bérubé	36	42	1	1	word	0	-	0	1
T	31	Berube	43	49	1	1	word	0	-	0	1
E	31	49	49	0
T	32	Hoffmann	0	8	1	1	word	0	-	0	1
T	32	Hofmann	9	16	1	1	word	0	-	0	1
T	32	Huffman	17	24	1	1	word	0	-	0	1
T	32	Hoffman	25	32	1	1	word	0	-	0	1
T	32	Hufman	33	39	1	1	word	0	-	0	1
E	32	39	39	0
T	33	a	0	1	1	1	word	0	-	0	1
T	33	b	2	3	1	1	word	0	-	0	1
T	33	c	4	5	1	1	word	0	-	0	1
T	33	d	6	7	1	1	word	0	-	0	1
T	33	e	8	9	1	1	word	0	-	0	1
T	33	f	10	11	1	1	word	0	-	0	1
T	33	g	12	13	1	1	word	0	-	0	1
T	33	h	14	15	1	1	word	0	-	0	1
T	33	i	16	17	1	1	word	0	-	0	1
T	33	j	18	19	1	1	word	0	-	0	1
T	33	k	20	21	1	1	word	0	-	0	1
T	33	l	22	23	1	1	word	0	-	0	1
T	33	m	24	25	1	1	word	0	-	0	1
T	33	n	26	27	1	1	word	0	-	0	1
T	33	o	28	29	1	1	word	0	-	0	1
T	33	p	30	31	1	1	word	0	-	0	1
T	33	q	32	33	1	1	word	0	-	0	1
T	33	r	34	35	1	1	word	0	-	0	1
T	33	s	36	37	1	1	word	0	-	0	1
T	33	t	38	39	1	1	word	0	-	0	1
T	33	u	40	41	1	1	word	0	-	0	1
T	33	v	42	43	1	1	word	0	-	0	1
T	33	w	44	45	1	1	word	0	-	0	1
T	33	x	46	47	1	1	word	0	-	0	1
T	33	y	48	49	1	1	word	0	-	0	1
T	33	z	50	51	1	1	word	0	-	0	1
E	33	51	51	0
T	34	A1	0	2	1	1	word	0	-	0	1
T	34	B2	3	5	1	1	word	0	-	0	1
T	34	abc123	6	12	1	1	word	0	-	0	1
T	34	123	13	16	1	1	word	0	-	0	1
T	34	4th	17	20	1	1	word	0	-	0	1
T	34	21st	21	25	1	1	word	0	-	0	1
T	34	x-ray	26	31	1	1	word	0	-	0	1
T	34	e-mail	32	38	1	1	word	0	-	0	1
T	34	co-op	39	44	1	1	word	0	-	0	1
T	34	re-enter	45	53	1	1	word	0	-	0	1
E	34	53	53	0
T	35	—	0	1	1	1	word	0	-	0	1
T	35	...	3	6	1	1	word	0	-	0	1
T	35	???	7	10	1	1	word	0	-	0	1
T	35	!!!	11	14	1	1	word	0	-	0	1
T	35	'	15	16	1	1	word	0	-	0	1
T	35	''	17	19	1	1	word	0	-	0	1
T	35	-	20	21	1	1	word	0	-	0	1
T	35	--	22	24	1	1	word	0	-	0	1
T	35	'	25	26	1	1	word	0	-	0	1
T	35	`	27	28	1	1	word	0	-	0	1
T	35	´	29	30	1	1	word	0	-	0	1
E	35	30	30	0
T	36	ǅemal	0	5	1	1	word	0	-	0	1
T	36	ǈubomir	6	13	1	1	word	0	-	0	1
T	36	ǋenad	14	19	1	1	word	0	-	0	1
T	36	ŉ	20	21	1	1	word	0	-	0	1
T	36	ǰ	22	23	1	1	word	0	-	0	1
T	36	ΐ	24	25	1	1	word	0	-	0	1
T	36	ΰ	26	27	1	1	word	0	-	0	1
T	36	և	28	29	1	1	word	0	-	0	1
T	36	ﬀ	30	31	1	1	word	0	-	0	1
T	36	ﬁ	32	33	1	1	word	0	-	0	1
T	36	ﬂ	34	35	1	1	word	0	-	0	1
T	36	ﬃ	36	37	1	1	word	0	-	0	1
T	36	ﬄ	38	39	1	1	word	0	-	0	1
T	36	ﬅ	40	41	1	1	word	0	-	0	1
T	36	ﬆ	42	43	1	1	word	0	-	0	1
E	36	43	43	0
T	37	Ωmega	0	5	1	1	word	0	-	0	1
T	37	αλφα	6	10	1	1	word	0	-	0	1
T	37	Σίσυφος	11	18	1	1	word	0	-	0	1
T	37	ΣΊΣΥΦΟΣ	19	26	1	1	word	0	-	0	1
T	37	Κωνσταντίνος	27	39	1	1	word	0	-	0	1
E	37	39	39	0
T	38	Александр	0	9	1	1	word	0	-	0	1
T	38	Aleksandr	10	19	1	1	word	0	-	0	1
T	38	Alexander	20	29	1	1	word	0	-	0	1
T	38	Alexandre	30	39	1	1	word	0	-	0	1
T	38	Oleksandr	40	49	1	1	word	0	-	0	1
E	38	49	49	0
T	39	Δημήτρης	0	8	1	1	word	0	-	0	1
T	39	Dimitris	9	17	1	1	word	0	-	0	1
T	39	Demetrius	18	27	1	1	word	0	-	0	1
T	39	Dmitri	28	34	1	1	word	0	-	0	1
T	39	Dmitry	35	41	1	1	word	0	-	0	1
T	39	Dmitrii	42	49	1	1	word	0	-	0	1
E	39	49	49	0
T	40	𝒜𝓁𝒾𝒸ℯ	0	9	1	1	word	0	-	0	1
T	40	😀Smith	10	17	1	1	word	0	-	0	1
T	40	Smith😀	18	25	1	1	word	0	-	0	1
T	40	Sm😀ith	26	33	1	1	word	0	-	0	1
E	40	33	33	0
T	41	ÆLFRED	0	6	1	1	word	0	-	0	1
T	41	Ælfred	7	13	1	1	word	0	-	0	1
T	41	Œuvre	14	19	1	1	word	0	-	0	1
T	41	œuvre	20	25	1	1	word	0	-	0	1
T	41	Ðorđe	26	31	1	1	word	0	-	0	1
T	41	Đorđe	32	37	1	1	word	0	-	0	1
T	41	Þór	38	41	1	1	word	0	-	0	1
T	41	Thor	42	46	1	1	word	0	-	0	1
E	41	46	46	0
T	42	eaux	0	4	1	1	word	0	-	0	1
T	42	beaucoup	5	13	1	1	word	0	-	0	1
T	42	Renault	14	21	1	1	word	0	-	0	1
T	42	Arnault	22	29	1	1	word	0	-	0	1
T	42	Thibault	30	38	1	1	word	0	-	0	1
T	42	Gauthier	39	47	1	1	word	0	-	0	1
T	42	Gautier	48	55	1	1	word	0	-	0	1
E	42	55	55	0
T	43	Kowalski	0	8	1	1	word	0	-	0	1
T	43	Kowalsky	9	17	1	1	word	0	-	0	1
T	43	Nowak	18	23	1	1	word	0	-	0	1
T	43	Novak	24	29	1	1	word	0	-	0	1
T	43	Wiśniewski	30	40	1	1	word	0	-	0	1
T	43	Wisniewski	41	51	1	1	word	0	-	0	1
T	43	Wojciechowski	52	65	1	1	word	0	-	0	1
E	43	65	65	0
T	44	Berg	0	4	1	1	word	0	-	0	1
T	44	Bergmann	5	13	1	1	word	0	-	0	1
T	44	Burg	14	18	1	1	word	0	-	0	1
T	44	Bourg	19	24	1	1	word	0	-	0	1
T	44	Borg	25	29	1	1	word	0	-	0	1
T	44	Berger	30	36	1	1	word	0	-	0	1
T	44	Burger	37	43	1	1	word	0	-	0	1
E	44	43	43	0
T	45	Lucene	0	6	1	1	word	0	-	0	1
T	45	Solr	7	11	1	1	word	0	-	0	1
T	45	OpenSearch	12	22	1	1	word	0	-	0	1
T	45	Elasticsearch	23	36	1	1	word	0	-	0	1
T	45	Kibana	37	43	1	1	word	0	-	0	1
E	45	43	43	0
N	0	536d697468205363686d69647420536d797468205363686d69747420536d69746865
N	1	4a61636b736f6e204a61786f6e204a616b6f6273656e204a61636f6273656e2059616b6f62736f6e
N	2	54686f6d70736f6e20546f6d736f6e2054686f6d617320546f6d61732054686f6d61
N	3	4b6e69676874204e6967687420476e6f6d65205772696768742050737963686f6c6f677920506e65756d6f6e6961
N	4	41736863726166742041736863726f66742054796d637a616b2050666973746572204c6c6f7964204c616464
N	5	57617368696e67746f6e205761737365726d616e6e20576569737a20576569737320566169737a20576569c39f6d616e6e
N	6	53747261c39f652053747261737365204dc3bc6c6c6572204d75656c6c6572204dc3b66c6c6572204d6f686c657220c3966c7363686cc3a46765722047c3b674686520476f65746865
N	7	4d6f736b6f7769747a204d6f736b6f7669747a204d6f736b6f7769637a205473766574616576612054636861696b6f76736b7920436861796b6f76736b6979
N	8	5065746572205069657465722050696572726520506564726f2050696f74722050796f7472
N	9	4bc3b66c6e65722050686f6e6574696b204bc3b66c6e20436f6c6f676e65204b6f6c6f676e65204dc3bc6c6c65722d4cc3bc64656e73636865696474
N	10	427269616e20427279616e20427269656e204f27427269656e204f427269656e204f27427279616e
N	11	6465206c61204372757a204465204c61204372757a2064656c61204372757a2076616e2042656574686f76656e20766f6e20427261756e206427416e67656c6f204427416e67656c6f2064416e67656c6f
N	12	616c2d48617373616e20656c20477265636f206162752042616b722062656e2d477572696f6e20626172204b6f636862612064612056696e6369206465204761756c6c652064692043617072696f
N	13	4d63446f6e616c64204d6163446f6e616c64204d6163646f6e616c64204d6163417274687572204d63417274687572204d6163
N	14	436174686572696e65204b61746872796e204b6174686172696e61204b61736961204361746572696e6120456b61746572696e61
N	15	4e677579656e204e797567656e204e6720576f6e67204875616e67204877616e67205a68616e67204368616e6720436865756e67
N	16	5275697a20526f6472c3ad6775657a20526f6472696775657a20476f6e7ac3a16c657a20476f6e7a616c657a2050c3a972657a20506572657a204ec3bac3b1657a204e756e657a
N	17	53c3b872656e2053c3b672656e73656e20536f72656e73656e20c3857361204161736120c38672c3b820c39873746572
N	18	c48677696b6c69c584736b6920c581756b61737a204c756b61737a20c5bbc3b3c582c48720537a637a657061c584736b6920537a637a6570616e736b69205772c3b3626c6577736b692047727a65676f727a
N	19	c4b07374616e62756c20497374616e62756c20c4b16cc4b16b20c59e6168696e20536168696e20c387656c696b2043656c696b20c49e
N	20	44766fc599c3a16b2044766f72616b20c48c6170656b20436170656b20c59865686fc599205265686f7220c5a06576c48dc3ad6b2053657663696b
N	21	496f6e6573637520496f6e6573636f20506f706573637520c59e746566616e2053746566616e20c5a275c5a3656120547574656120c4826c61
N	22	416e647265617320416e6472657720416e6472656920416e64727a656a20416e6472c3a97320416e64726520416e6472c3a9
N	23	636f75676820726f75676820746f75676820656e6f7567682074726f756768206c617567682074686f7567682074686f75676874
N	24	736369656e6365207363656e652073636869736d207363686f6f6c20736368656d65207363686564756c65206368617261637465722063686f727573
N	25	6a75646765206275646765742065646765206c656467657220646f64676520676e6174207369676e207369676e65642064657369676e
N	26	70686f6e652070686f746f206772617068205374657068656e2053746576656e2053746566616e6f204573746562616e
N	27	717565656e20717569636b2071756179206b6179616b2061786520657869742078796c6f70686f6e65205861766965722058696d656e657a
N	28	7768616c652077686561742077686f2077686f6d2077686f6c6573616c652077726973742077726f6e67207772697465
N	29	5363687761727a656e656767657220536368776172747a205368776172747a2053776172747a20537a77617263
N	30	416272616d6f7769747a20416272616d6f76696368204162726168616d736f6e20416272616d73204176726168616d204962726168696d
N	31	4cc3a9766573717565204c65766573717565204cc3a976c3aa7175652043c3b474c3a920436f74652042c3a9727562c3a920426572756265
N	32	486f66666d616e6e20486f666d616e6e20487566666d616e20486f66666d616e204875666d616e
N	33	6120622063206420652066206720682069206a206b206c206d206e206f2070207120722073207420752076207720782079207a
N	34	4131204232206162633132332031323320347468203231737420782d72617920652d6d61696c20636f2d6f702072652d656e746572
N	35	e2809420202e2e2e203f3f3f202121212027202727202d202d2d2027206020c2b4
N	36	c785656d616c20c78875626f6d697220c78b656e616420c58920c7b020ce9020ceb020d68720efac8020efac8120efac8220efac8320efac8420efac8520efac86
N	37	cea96d65676120ceb1cebbcf86ceb120cea3ceafcf83cf85cf86cebfcf8220cea3ce8acea3cea5cea6ce9fcea320ce9acf89cebdcf83cf84ceb1cebdcf84ceafcebdcebfcf82
N	38	d090d0bbd0b5d0bad181d0b0d0bdd0b4d18020416c656b73616e647220416c6578616e64657220416c6578616e647265204f6c656b73616e6472
N	39	ce94ceb7cebcceaecf84cf81ceb7cf822044696d69747269732044656d65747269757320446d6974726920446d6974727920446d6974726969
N	40	f09d929cf09d9381f09d92bef09d92b8e284af20f09f9880536d69746820536d697468f09f988020536df09f9880697468
N	41	c3864c4652454420c3866c6672656420c5927576726520c5937576726520c3906f72c4916520c4906f72c4916520c39ec3b3722054686f72
N	42	656175782062656175636f75702052656e61756c742041726e61756c74205468696261756c742047617574686965722047617574696572
N	43	4b6f77616c736b69204b6f77616c736b79204e6f77616b204e6f76616b205769c59b6e696577736b69205769736e696577736b6920576f6a63696563686f77736b69
N	44	4265726720426572676d616e6e204275726720426f75726720426f72672042657267657220427572676572
N	45	4c7563656e6520536f6c72204f70656e53656172636820456c6173746963736561726368204b6962616e61
