DEFAULT	X UnsupportedCharsetException
default	X UnsupportedCharsetException
UTF-16	UTF-16
KOI8-R	KOI8-R
windows-1252	windows-1252
Cp1250	windows-1250
UTF_8	X UnsupportedCharsetException
utf-8 	X IllegalCharsetNameException
latin2	ISO-8859-2
ascii8	X UnsupportedCharsetException
ISO-8859-2	ISO-8859-2
unicode	UTF-16
UTF-8	UTF-8
utf-8	UTF-8
UTF-8	UTF-8
UTF8	UTF-8
utf8	UTF-8
UTF8	UTF-8
unicode-1-1-utf-8	UTF-8
unicode-1-1-utf-8	UTF-8
UNICODE-1-1-UTF-8	UTF-8
646	US-ASCII
646	US-ASCII
646	US-ASCII
ANSI_X3.4-1968	US-ASCII
ansi_x3.4-1968	US-ASCII
ANSI_X3.4-1968	US-ASCII
ANSI_X3.4-1986	US-ASCII
ansi_x3.4-1986	US-ASCII
ANSI_X3.4-1986	US-ASCII
ASCII	US-ASCII
ascii	US-ASCII
ASCII	US-ASCII
IBM367	US-ASCII
ibm367	US-ASCII
IBM367	US-ASCII
ISO646-US	US-ASCII
iso646-us	US-ASCII
ISO646-US	US-ASCII
ISO_646.irv:1991	US-ASCII
iso_646.irv:1991	US-ASCII
ISO_646.IRV:1991	US-ASCII
US-ASCII	US-ASCII
us-ascii	US-ASCII
US-ASCII	US-ASCII
ascii7	US-ASCII
ascii7	US-ASCII
ASCII7	US-ASCII
cp367	US-ASCII
cp367	US-ASCII
CP367	US-ASCII
csASCII	US-ASCII
csascii	US-ASCII
CSASCII	US-ASCII
iso-ir-6	US-ASCII
iso-ir-6	US-ASCII
ISO-IR-6	US-ASCII
iso_646.irv:1983	US-ASCII
iso_646.irv:1983	US-ASCII
ISO_646.IRV:1983	US-ASCII
us	US-ASCII
us	US-ASCII
US	US-ASCII
819	ISO-8859-1
819	ISO-8859-1
819	ISO-8859-1
8859_1	ISO-8859-1
8859_1	ISO-8859-1
8859_1	ISO-8859-1
IBM-819	ISO-8859-1
ibm-819	ISO-8859-1
IBM-819	ISO-8859-1
IBM819	ISO-8859-1
ibm819	ISO-8859-1
IBM819	ISO-8859-1
ISO-8859-1	ISO-8859-1
iso-8859-1	ISO-8859-1
ISO-8859-1	ISO-8859-1
ISO8859-1	ISO-8859-1
iso8859-1	ISO-8859-1
ISO8859-1	ISO-8859-1
ISO8859_1	ISO-8859-1
iso8859_1	ISO-8859-1
ISO8859_1	ISO-8859-1
ISO_8859-1	ISO-8859-1
iso_8859-1	ISO-8859-1
ISO_8859-1	ISO-8859-1
ISO_8859-1:1987	ISO-8859-1
iso_8859-1:1987	ISO-8859-1
ISO_8859-1:1987	ISO-8859-1
ISO_8859_1	ISO-8859-1
iso_8859_1	ISO-8859-1
ISO_8859_1	ISO-8859-1
cp819	ISO-8859-1
cp819	ISO-8859-1
CP819	ISO-8859-1
csISOLatin1	ISO-8859-1
csisolatin1	ISO-8859-1
CSISOLATIN1	ISO-8859-1
iso-ir-100	ISO-8859-1
iso-ir-100	ISO-8859-1
ISO-IR-100	ISO-8859-1
l1	ISO-8859-1
l1	ISO-8859-1
L1	ISO-8859-1
latin1	ISO-8859-1
latin1	ISO-8859-1
LATIN1	ISO-8859-1
