T	0	die	0	3	1	1	<ALPHANUM>	0	-	0	1
T	0	häuser	4	10	1	1	<ALPHANUM>	0	-	0	1
T	0	der	11	14	1	1	<ALPHANUM>	0	-	0	1
T	0	schönsten	15	24	1	1	<ALPHANUM>	0	-	0	1
T	0	straßen	25	32	1	1	<ALPHANUM>	0	-	0	1
T	0	münchens	33	41	1	1	<ALPHANUM>	0	-	0	1
T	0	wurden	42	48	1	1	<ALPHANUM>	0	-	0	1
T	0	gestern	49	56	1	1	<ALPHANUM>	0	-	0	1
T	0	abgerissen	57	67	1	1	<ALPHANUM>	0	-	0	1
T	0	die	69	72	1	1	<ALPHANUM>	0	-	0	1
T	0	kinder	73	79	1	1	<ALPHANUM>	0	-	0	1
T	0	spielten	80	88	1	1	<ALPHANUM>	0	-	0	1
T	0	draußen	89	96	1	1	<ALPHANUM>	0	-	0	1
E	0	97	97	0
T	1	großväter	0	9	1	1	<ALPHANUM>	0	-	0	1
T	1	erzählen	10	18	1	1	<ALPHANUM>	0	-	0	1
T	1	geschichten	19	30	1	1	<ALPHANUM>	0	-	0	1
T	1	über	31	35	1	1	<ALPHANUM>	0	-	0	1
T	1	äpfel	36	41	1	1	<ALPHANUM>	0	-	0	1
T	1	bäume	43	48	1	1	<ALPHANUM>	0	-	0	1
T	1	und	49	52	1	1	<ALPHANUM>	0	-	0	1
T	1	die	53	56	1	1	<ALPHANUM>	0	-	0	1
T	1	brüder	57	63	1	1	<ALPHANUM>	0	-	0	1
T	1	grimm	64	69	1	1	<ALPHANUM>	0	-	0	1
T	1	fahrräder	71	80	1	1	<ALPHANUM>	0	-	0	1
T	1	fahrrads	82	90	1	1	<ALPHANUM>	0	-	0	1
T	1	aueinander	92	102	1	1	<ALPHANUM>	0	-	0	1
E	1	103	103	0
T	2	les	0	3	1	1	<ALPHANUM>	0	-	0	1
T	2	enfants	4	11	1	1	<ALPHANUM>	0	-	0	1
T	2	jouaient	12	20	1	1	<ALPHANUM>	0	-	0	1
T	2	dans	21	25	1	1	<ALPHANUM>	0	-	0	1
T	2	les	26	29	1	1	<ALPHANUM>	0	-	0	1
T	2	jardins	30	37	1	1	<ALPHANUM>	0	-	0	1
T	2	fleuris	38	45	1	1	<ALPHANUM>	0	-	0	1
T	2	l'été	47	52	1	1	<ALPHANUM>	0	-	0	1
T	2	dernier	53	60	1	1	<ALPHANUM>	0	-	0	1
T	2	nous	62	66	1	1	<ALPHANUM>	0	-	0	1
T	2	avons	67	72	1	1	<ALPHANUM>	0	-	0	1
T	2	visité	73	79	1	1	<ALPHANUM>	0	-	0	1
T	2	des	80	83	1	1	<ALPHANUM>	0	-	0	1
T	2	châteaux	84	92	1	1	<ALPHANUM>	0	-	0	1
T	2	médiévaux	93	102	1	1	<ALPHANUM>	0	-	0	1
E	2	103	103	0
T	3	l'organisation	0	14	1	1	<ALPHANUM>	0	-	0	1
T	3	nationale	15	24	1	1	<ALPHANUM>	0	-	0	1
T	3	des	25	28	1	1	<ALPHANUM>	0	-	0	1
T	3	travailleuses	29	42	1	1	<ALPHANUM>	0	-	0	1
T	3	et	43	45	1	1	<ALPHANUM>	0	-	0	1
T	3	travailleurs	46	58	1	1	<ALPHANUM>	0	-	0	1
T	3	a	59	60	1	1	<ALPHANUM>	0	-	0	1
T	3	présenté	61	69	1	1	<ALPHANUM>	0	-	0	1
T	3	ses	70	73	1	1	<ALPHANUM>	0	-	0	1
T	3	revendications	74	88	1	1	<ALPHANUM>	0	-	0	1
T	3	économiques	89	100	1	1	<ALPHANUM>	0	-	0	1
E	3	101	101	0
T	4	los	0	3	1	1	<ALPHANUM>	0	-	0	1
T	4	niños	4	9	1	1	<ALPHANUM>	0	-	0	1
T	4	comían	10	16	1	1	<ALPHANUM>	0	-	0	1
T	4	manzanas	17	25	1	1	<ALPHANUM>	0	-	0	1
T	4	en	26	28	1	1	<ALPHANUM>	0	-	0	1
T	4	las	29	32	1	1	<ALPHANUM>	0	-	0	1
T	4	casas	33	38	1	1	<ALPHANUM>	0	-	0	1
T	4	blancas	39	46	1	1	<ALPHANUM>	0	-	0	1
T	4	las	48	51	1	1	<ALPHANUM>	0	-	0	1
T	4	canciones	52	61	1	1	<ALPHANUM>	0	-	0	1
T	4	españolas	62	71	1	1	<ALPHANUM>	0	-	0	1
T	4	eran	72	76	1	1	<ALPHANUM>	0	-	0	1
T	4	felices	77	84	1	1	<ALPHANUM>	0	-	0	1
T	4	y	85	86	1	1	<ALPHANUM>	0	-	0	1
T	4	luces	87	92	1	1	<ALPHANUM>	0	-	0	1
E	4	93	93	0
T	5	gli	0	3	1	1	<ALPHANUM>	0	-	0	1
T	5	student	4	12	1	1	<ALPHANUM>	0	-	0	1
T	5	italian	13	21	1	1	<ALPHANUM>	0	-	0	1
T	5	leggevano	22	31	1	1	<ALPHANUM>	0	-	0	1
T	5	libri	32	37	1	1	<ALPHANUM>	0	-	0	1
T	5	nell'università	38	53	1	1	<ALPHANUM>	0	-	0	1
T	5	dell'amicizia	55	68	1	1	<ALPHANUM>	0	-	0	1
T	5	e	69	70	1	1	<ALPHANUM>	0	-	0	1
T	5	degli	71	76	1	1	<ALPHANUM>	0	-	0	1
T	5	amic	77	82	1	1	<ALPHANUM>	0	-	0	1
T	5	antich	83	90	1	1	<ALPHANUM>	0	-	0	1
E	5	91	91	0
T	6	os	0	2	1	1	<ALPHANUM>	0	-	0	1
T	6	cidadãos	3	11	1	1	<ALPHANUM>	0	-	0	1
T	6	portugueses	12	23	1	1	<ALPHANUM>	0	-	0	1
T	6	visitaram	24	33	1	1	<ALPHANUM>	0	-	0	1
T	6	as	34	36	1	1	<ALPHANUM>	0	-	0	1
T	6	cidades	37	44	1	1	<ALPHANUM>	0	-	0	1
T	6	históricas	45	55	1	1	<ALPHANUM>	0	-	0	1
T	6	as	57	59	1	1	<ALPHANUM>	0	-	0	1
T	6	mulheres	60	68	1	1	<ALPHANUM>	0	-	0	1
T	6	trabalhadoras	69	82	1	1	<ALPHANUM>	0	-	0	1
T	6	eram	83	87	1	1	<ALPHANUM>	0	-	0	1
T	6	corajosas	88	97	1	1	<ALPHANUM>	0	-	0	1
E	6	98	98	0
T	7	as	0	2	1	1	<ALPHANUM>	0	-	0	1
T	7	nenas	3	8	1	1	<ALPHANUM>	0	-	0	1
T	7	galegas	9	16	1	1	<ALPHANUM>	0	-	0	1
T	7	cantab	17	25	1	1	<ALPHANUM>	0	-	0	1
T	7	cancións	26	34	1	1	<ALPHANUM>	0	-	0	1
T	7	tradicionais	35	47	1	1	<ALPHANUM>	0	-	0	1
T	7	nas	48	51	1	1	<ALPHANUM>	0	-	0	1
T	7	aldeas	52	58	1	1	<ALPHANUM>	0	-	0	1
T	7	e	59	60	1	1	<ALPHANUM>	0	-	0	1
T	7	nos	61	64	1	1	<ALPHANUM>	0	-	0	1
T	7	camiños	65	72	1	1	<ALPHANUM>	0	-	0	1
T	7	antigos	73	80	1	1	<ALPHANUM>	0	-	0	1
E	7	81	81	0
T	8	els	0	3	1	1	<ALPHANUM>	0	-	0	1
T	8	nens	4	8	1	1	<ALPHANUM>	0	-	0	1
T	8	catalans	9	17	1	1	<ALPHANUM>	0	-	0	1
T	8	jugaven	18	25	1	1	<ALPHANUM>	0	-	0	1
T	8	a	26	27	1	1	<ALPHANUM>	0	-	0	1
T	8	les	28	31	1	1	<ALPHANUM>	0	-	0	1
T	8	places	32	38	1	1	<ALPHANUM>	0	-	0	1
T	8	de	39	41	1	1	<ALPHANUM>	0	-	0	1
T	8	l'església	42	52	1	1	<ALPHANUM>	0	-	0	1
T	8	i	53	54	1	1	<ALPHANUM>	0	-	0	1
T	8	d'altres	55	63	1	1	<ALPHANUM>	0	-	0	1
T	8	pobles	64	70	1	1	<ALPHANUM>	0	-	0	1
T	8	petits	71	77	1	1	<ALPHANUM>	0	-	0	1
E	8	78	78	0
T	9	barnen	0	6	1	1	<ALPHANUM>	0	-	0	1
T	9	lekte	7	12	1	1	<ALPHANUM>	0	-	0	1
T	9	i	13	14	1	1	<ALPHANUM>	0	-	0	1
T	9	trädgårdarna	15	27	1	1	<ALPHANUM>	0	-	0	1
T	9	de	29	31	1	1	<ALPHANUM>	0	-	0	1
T	9	vackraste	32	41	1	1	<ALPHANUM>	0	-	0	1
T	9	blommorna	42	51	1	1	<ALPHANUM>	0	-	0	1
T	9	växte	52	57	1	1	<ALPHANUM>	0	-	0	1
T	9	bakom	58	63	1	1	<ALPHANUM>	0	-	0	1
T	9	husen	64	69	1	1	<ALPHANUM>	0	-	0	1
T	9	och	70	73	1	1	<ALPHANUM>	0	-	0	1
T	9	kyrkorna	74	82	1	1	<ALPHANUM>	0	-	0	1
E	9	83	83	0
T	10	guttene	0	7	1	1	<ALPHANUM>	0	-	0	1
T	10	og	8	10	1	1	<ALPHANUM>	0	-	0	1
T	10	jentene	11	18	1	1	<ALPHANUM>	0	-	0	1
T	10	sprang	19	25	1	1	<ALPHANUM>	0	-	0	1
T	10	over	26	30	1	1	<ALPHANUM>	0	-	0	1
T	10	broene	31	37	1	1	<ALPHANUM>	0	-	0	1
T	10	de	39	41	1	1	<ALPHANUM>	0	-	0	1
T	10	fineste	42	49	1	1	<ALPHANUM>	0	-	0	1
T	10	husene	50	56	1	1	<ALPHANUM>	0	-	0	1
T	10	står	57	61	1	1	<ALPHANUM>	0	-	0	1
T	10	i	62	63	1	1	<ALPHANUM>	0	-	0	1
T	10	byene	64	69	1	1	<ALPHANUM>	0	-	0	1
T	10	hemmeligheten	71	84	1	1	<ALPHANUM>	0	-	0	1
E	10	85	85	0
T	11	børnene	0	7	1	1	<ALPHANUM>	0	-	0	1
T	11	legede	8	14	1	1	<ALPHANUM>	0	-	0	1
T	11	i	15	16	1	1	<ALPHANUM>	0	-	0	1
T	11	haverne	17	24	1	1	<ALPHANUM>	0	-	0	1
T	11	de	26	28	1	1	<ALPHANUM>	0	-	0	1
T	11	smukkeste	29	38	1	1	<ALPHANUM>	0	-	0	1
T	11	huse	39	43	1	1	<ALPHANUM>	0	-	0	1
T	11	ligger	44	50	1	1	<ALPHANUM>	0	-	0	1
T	11	ved	51	54	1	1	<ALPHANUM>	0	-	0	1
T	11	søerne	55	61	1	1	<ALPHANUM>	0	-	0	1
T	11	og	62	64	1	1	<ALPHANUM>	0	-	0	1
T	11	skovene	65	72	1	1	<ALPHANUM>	0	-	0	1
E	11	73	73	0
T	12	de	0	2	1	1	<ALPHANUM>	0	-	0	1
T	12	kinderen	3	11	1	1	<ALPHANUM>	0	-	0	1
T	12	fietsten	12	20	1	1	<ALPHANUM>	0	-	0	1
T	12	door	21	25	1	1	<ALPHANUM>	0	-	0	1
T	12	de	26	28	1	1	<ALPHANUM>	0	-	0	1
T	12	straten	29	36	1	1	<ALPHANUM>	0	-	0	1
T	12	de	38	40	1	1	<ALPHANUM>	0	-	0	1
T	12	bromfietsen	41	52	1	1	<ALPHANUM>	0	-	0	1
T	12	en	53	55	1	1	<ALPHANUM>	0	-	0	1
T	12	fietsen	56	63	1	1	<ALPHANUM>	0	-	0	1
T	12	stonden	64	71	1	1	<ALPHANUM>	0	-	0	1
T	12	bij	72	75	1	1	<ALPHANUM>	0	-	0	1
T	12	de	76	78	1	1	<ALPHANUM>	0	-	0	1
T	12	huizen	79	85	1	1	<ALPHANUM>	0	-	0	1
E	12	86	86	0
T	13	lapset	0	6	1	1	<ALPHANUM>	0	-	0	1
T	13	leikkivät	7	16	1	1	<ALPHANUM>	0	-	0	1
T	13	puistoissa	17	27	1	1	<ALPHANUM>	0	-	0	1
T	13	talojen	29	36	1	1	<ALPHANUM>	0	-	0	1
T	13	ikkunoista	37	47	1	1	<ALPHANUM>	0	-	0	1
T	13	näkyi	48	53	1	1	<ALPHANUM>	0	-	0	1
T	13	kauniita	54	62	1	1	<ALPHANUM>	0	-	0	1
T	13	järviä	63	69	1	1	<ALPHANUM>	0	-	0	1
T	13	ja	70	72	1	1	<ALPHANUM>	0	-	0	1
T	13	metsiä	73	79	1	1	<ALPHANUM>	0	-	0	1
E	13	80	80	0
T	14	a	0	1	1	1	<ALPHANUM>	0	-	0	1
T	14	gyerekek	2	10	1	1	<ALPHANUM>	0	-	0	1
T	14	a	11	12	1	1	<ALPHANUM>	0	-	0	1
T	14	rtekben	13	22	1	1	<ALPHANUM>	0	-	0	1
T	14	játszottak	23	33	1	1	<ALPHANUM>	0	-	0	1
T	14	a	35	36	1	1	<ALPHANUM>	0	-	0	1
T	14	házakban	37	45	1	1	<ALPHANUM>	0	-	0	1
T	14	szép	46	50	1	1	<ALPHANUM>	0	-	0	1
T	14	virágok	51	58	1	1	<ALPHANUM>	0	-	0	1
T	14	és	59	61	1	1	<ALPHANUM>	0	-	0	1
T	14	könyvek	62	69	1	1	<ALPHANUM>	0	-	0	1
T	14	voltak	70	76	1	1	<ALPHANUM>	0	-	0	1
E	14	77	77	0
T	15	дети	0	4	1	1	<ALPHANUM>	0	-	0	1
T	15	играли	5	11	1	1	<ALPHANUM>	0	-	0	1
T	15	в	12	13	1	1	<ALPHANUM>	0	-	0	1
T	15	садах	14	19	1	1	<ALPHANUM>	0	-	0	1
T	15	красивые	21	29	1	1	<ALPHANUM>	0	-	0	1
T	15	дома	30	34	1	1	<ALPHANUM>	0	-	0	1
T	15	стояли	35	41	1	1	<ALPHANUM>	0	-	0	1
T	15	на	42	44	1	1	<ALPHANUM>	0	-	0	1
T	15	улицах	45	51	1	1	<ALPHANUM>	0	-	0	1
T	15	старых	52	58	1	1	<ALPHANUM>	0	-	0	1
T	15	городов	59	66	1	1	<ALPHANUM>	0	-	0	1
T	15	москвы	67	73	1	1	<ALPHANUM>	0	-	0	1
E	15	74	74	0
T	16	децата	0	6	1	1	<ALPHANUM>	0	-	0	1
T	16	играеха	7	14	1	1	<ALPHANUM>	0	-	0	1
T	16	в	15	16	1	1	<ALPHANUM>	0	-	0	1
T	16	градините	17	26	1	1	<ALPHANUM>	0	-	0	1
T	16	красивите	28	37	1	1	<ALPHANUM>	0	-	0	1
T	16	къщи	38	42	1	1	<ALPHANUM>	0	-	0	1
T	16	стояха	43	49	1	1	<ALPHANUM>	0	-	0	1
T	16	по	50	52	1	1	<ALPHANUM>	0	-	0	1
T	16	улиците	53	60	1	1	<ALPHANUM>	0	-	0	1
T	16	на	61	63	1	1	<ALPHANUM>	0	-	0	1
T	16	старите	64	71	1	1	<ALPHANUM>	0	-	0	1
T	16	градове	72	79	1	1	<ALPHANUM>	0	-	0	1
E	16	80	80	0
T	17	děti	0	4	1	1	<ALPHANUM>	0	-	0	1
T	17	si	5	7	1	1	<ALPHANUM>	0	-	0	1
T	17	hrály	8	13	1	1	<ALPHANUM>	0	-	0	1
T	17	v	14	15	1	1	<ALPHANUM>	0	-	0	1
T	17	zahradách	16	25	1	1	<ALPHANUM>	0	-	0	1
T	17	krásné	27	33	1	1	<ALPHANUM>	0	-	0	1
T	17	domy	34	38	1	1	<ALPHANUM>	0	-	0	1
T	17	stály	39	44	1	1	<ALPHANUM>	0	-	0	1
T	17	v	45	46	1	1	<ALPHANUM>	0	-	0	1
T	17	ulicích	47	54	1	1	<ALPHANUM>	0	-	0	1
T	17	starých	55	62	1	1	<ALPHANUM>	0	-	0	1
T	17	měst	63	67	1	1	<ALPHANUM>	0	-	0	1
T	17	a	68	69	1	1	<ALPHANUM>	0	-	0	1
T	17	vesnic	70	76	1	1	<ALPHANUM>	0	-	0	1
E	17	77	77	0
T	18	bērni	0	5	1	1	<ALPHANUM>	0	-	0	1
T	18	spēlējās	6	14	1	1	<ALPHANUM>	0	-	0	1
T	18	dārzos	15	21	1	1	<ALPHANUM>	0	-	0	1
T	18	skaistās	23	31	1	1	<ALPHANUM>	0	-	0	1
T	18	mājas	32	37	1	1	<ALPHANUM>	0	-	0	1
T	18	stāvēja	38	45	1	1	<ALPHANUM>	0	-	0	1
T	18	vecās	46	51	1	1	<ALPHANUM>	0	-	0	1
T	18	pilsētas	52	60	1	1	<ALPHANUM>	0	-	0	1
T	18	ielās	61	66	1	1	<ALPHANUM>	0	-	0	1
T	18	un	67	69	1	1	<ALPHANUM>	0	-	0	1
T	18	laukumos	70	78	1	1	<ALPHANUM>	0	-	0	1
E	18	79	79	0
T	19	vaika	0	6	1	1	<ALPHANUM>	0	-	0	1
T	19	žaidė	7	12	1	1	<ALPHANUM>	0	-	0	1
T	19	soduose	13	20	1	1	<ALPHANUM>	0	-	0	1
T	19	gražūs	22	28	1	1	<ALPHANUM>	0	-	0	1
T	19	nama	29	34	1	1	<ALPHANUM>	0	-	0	1
T	19	stovėjo	35	42	1	1	<ALPHANUM>	0	-	0	1
T	19	senų	43	47	1	1	<ALPHANUM>	0	-	0	1
T	19	miestų	48	54	1	1	<ALPHANUM>	0	-	0	1
T	19	gatvėse	55	62	1	1	<ALPHANUM>	0	-	0	1
E	19	63	63	0
T	20	lapsed	0	6	1	1	<ALPHANUM>	0	-	0	1
T	20	mängisid	7	15	1	1	<ALPHANUM>	0	-	0	1
T	20	aedades	16	23	1	1	<ALPHANUM>	0	-	0	1
T	20	ilusad	25	31	1	1	<ALPHANUM>	0	-	0	1
T	20	majad	32	37	1	1	<ALPHANUM>	0	-	0	1
T	20	seisid	38	44	1	1	<ALPHANUM>	0	-	0	1
T	20	vanade	45	51	1	1	<ALPHANUM>	0	-	0	1
T	20	linnade	52	59	1	1	<ALPHANUM>	0	-	0	1
T	20	tänavatel	60	69	1	1	<ALPHANUM>	0	-	0	1
E	20	70	70	0
T	21	haurrak	0	7	1	1	<ALPHANUM>	0	-	0	1
T	21	lorategiet	8	20	1	1	<ALPHANUM>	0	-	0	1
T	21	jolasten	21	29	1	1	<ALPHANUM>	0	-	0	1
T	21	zuten	30	35	1	1	<ALPHANUM>	0	-	0	1
T	21	etxe	37	41	1	1	<ALPHANUM>	0	-	0	1
T	21	ederrak	42	49	1	1	<ALPHANUM>	0	-	0	1
T	21	hiri	50	54	1	1	<ALPHANUM>	0	-	0	1
T	21	zaharren	55	63	1	1	<ALPHANUM>	0	-	0	1
T	21	kaleet	64	72	1	1	<ALPHANUM>	0	-	0	1
T	21	zeuden	73	79	1	1	<ALPHANUM>	0	-	0	1
E	21	80	80	0
T	22	copii	0	6	1	1	<ALPHANUM>	0	-	0	1
T	22	jucau	10	15	2	1	<ALPHANUM>	0	-	0	1
T	22	în	16	18	1	1	<ALPHANUM>	0	-	0	1
T	22	grădini	19	26	1	1	<ALPHANUM>	0	-	0	1
T	22	casele	28	34	1	1	<ALPHANUM>	0	-	0	1
T	22	frumoase	35	43	1	1	<ALPHANUM>	0	-	0	1
T	22	stăteau	44	51	1	1	<ALPHANUM>	0	-	0	1
T	22	pe	52	54	1	1	<ALPHANUM>	0	-	0	1
T	22	străzile	55	63	1	1	<ALPHANUM>	0	-	0	1
T	22	oraşelor	64	72	1	1	<ALPHANUM>	0	-	0	1
T	22	vechi	73	78	1	1	<ALPHANUM>	0	-	0	1
T	22	şi	79	81	1	1	<ALPHANUM>	0	-	0	1
T	22	ţărilor	82	89	1	1	<ALPHANUM>	0	-	0	1
E	22	90	90	0
T	23	bhí	0	3	1	1	<ALPHANUM>	0	-	0	1
T	23	na	4	6	1	1	<ALPHANUM>	0	-	0	1
T	23	páistí	7	13	1	1	<ALPHANUM>	0	-	0	1
T	23	ag	14	16	1	1	<ALPHANUM>	0	-	0	1
T	23	súgradh	17	24	1	1	<ALPHANUM>	0	-	0	1
T	23	sna	25	28	1	1	<ALPHANUM>	0	-	0	1
T	23	gairdíní	29	37	1	1	<ALPHANUM>	0	-	0	1
T	23	tathair	39	46	1	1	<ALPHANUM>	0	-	0	1
T	23	nathair	48	55	1	1	<ALPHANUM>	0	-	0	1
T	23	t	57	58	1	1	<ALPHANUM>	0	-	0	1
T	23	athair	59	65	1	1	<ALPHANUM>	0	-	0	1
T	23	agus	66	70	1	1	<ALPHANUM>	0	-	0	1
T	23	na	71	73	1	1	<ALPHANUM>	0	-	0	1
T	23	héireannaigh	74	86	1	1	<ALPHANUM>	0	-	0	1
E	23	87	87	0
T	24	çocuklar	0	8	1	1	<ALPHANUM>	0	-	0	1
T	24	bahçelerde	9	19	1	1	<ALPHANUM>	0	-	0	1
T	24	oynuyordu	20	29	1	1	<ALPHANUM>	0	-	0	1
T	24	istanbul'un	31	42	1	1	<ALPHANUM>	0	-	0	1
T	24	güzel	43	48	1	1	<ALPHANUM>	0	-	0	1
T	24	evler	49	55	1	1	<ALPHANUM>	0	-	0	1
T	24	ve	56	58	1	1	<ALPHANUM>	0	-	0	1
T	24	ankara'dak	59	70	1	1	<ALPHANUM>	0	-	0	1
T	24	işik	71	75	1	1	<ALPHANUM>	0	-	0	1
T	24	ıslak	77	82	1	1	<ALPHANUM>	0	-	0	1
T	24	ve	83	85	1	1	<ALPHANUM>	0	-	0	1
T	24	ii	86	88	1	1	<ALPHANUM>	0	-	0	1
E	24	89	89	0
T	25	anak	0	4	1	1	<ALPHANUM>	0	-	0	1
T	25	anak	5	9	1	1	<ALPHANUM>	0	-	0	1
T	25	main	10	17	1	1	<ALPHANUM>	0	-	0	1
T	25	taman	21	26	2	1	<ALPHANUM>	0	-	0	1
T	25	rumah	28	33	1	1	<ALPHANUM>	0	-	0	1
T	25	rumah	34	39	1	1	<ALPHANUM>	0	-	0	1
T	25	indah	45	50	2	1	<ALPHANUM>	0	-	0	1
T	25	diri	51	58	1	1	<ALPHANUM>	0	-	0	1
T	25	jalan	62	67	2	1	<ALPHANUM>	0	-	0	1
T	25	jalan	68	73	1	1	<ALPHANUM>	0	-	0	1
T	25	kota	74	78	1	1	<ALPHANUM>	0	-	0	1
T	25	tua	79	82	1	1	<ALPHANUM>	0	-	0	1
T	25	ajar	84	96	1	1	<ALPHANUM>	0	-	0	1
T	25	sanyi	98	109	1	1	<ALPHANUM>	0	-	0	1
E	25	110	110	0
T	26	mga	0	3	1	1	<ALPHANUM>	0	-	0	1
T	26	bata	4	8	1	1	<ALPHANUM>	0	-	0	1
T	26	naglaro	9	16	1	1	<ALPHANUM>	0	-	0	1
T	26	երեխաները	18	27	1	1	<ALPHANUM>	0	-	0	1
T	26	խաղում	28	34	1	1	<ALPHANUM>	0	-	0	1
T	26	էին	35	38	1	1	<ALPHANUM>	0	-	0	1
T	26	այգիներում	39	49	1	1	<ALPHANUM>	0	-	0	1
T	26	և	50	51	1	1	<ALPHANUM>	0	-	0	1
T	26	գեղեցիկ	52	59	1	1	<ALPHANUM>	0	-	0	1
T	26	տներում	60	67	1	1	<ALPHANUM>	0	-	0	1
E	26	68	68	0
T	27	الأطفال	0	7	1	1	<ALPHANUM>	0	-	0	1
T	27	يلعبون	8	14	1	1	<ALPHANUM>	0	-	0	1
T	27	في	15	17	1	1	<ALPHANUM>	0	-	0	1
T	27	الحدائق	18	25	1	1	<ALPHANUM>	0	-	0	1
T	27	والمنازل	27	35	1	1	<ALPHANUM>	0	-	0	1
T	27	الجميلة	36	43	1	1	<ALPHANUM>	0	-	0	1
T	27	كانت	44	48	1	1	<ALPHANUM>	0	-	0	1
T	27	في	49	51	1	1	<ALPHANUM>	0	-	0	1
T	27	شوارع	52	57	1	1	<ALPHANUM>	0	-	0	1
T	27	المدن	58	63	1	1	<ALPHANUM>	0	-	0	1
T	27	القديمة	64	71	1	1	<ALPHANUM>	0	-	0	1
T	27	كتابها	73	79	1	1	<ALPHANUM>	0	-	0	1
T	27	والكاتبون	80	89	1	1	<ALPHANUM>	0	-	0	1
E	27	89	89	0
T	28	کودکان	0	6	1	1	<ALPHANUM>	0	-	0	1
T	28	در	7	9	1	1	<ALPHANUM>	0	-	0	1
T	28	باغ‌ها	10	16	1	1	<ALPHANUM>	0	-	0	1
T	28	بازی	17	21	1	1	<ALPHANUM>	0	-	0	1
T	28	می‌کردند	22	30	1	1	<ALPHANUM>	0	-	0	1
T	28	خانه‌های	32	40	1	1	<ALPHANUM>	0	-	0	1
T	28	زیبا	41	45	1	1	<ALPHANUM>	0	-	0	1
T	28	در	46	48	1	1	<ALPHANUM>	0	-	0	1
T	28	خیابان‌های	49	59	1	1	<ALPHANUM>	0	-	0	1
T	28	شهرهای	60	66	1	1	<ALPHANUM>	0	-	0	1
T	28	قدیمی	67	72	1	1	<ALPHANUM>	0	-	0	1
T	28	بودند	73	78	1	1	<ALPHANUM>	0	-	0	1
T	28	کتاب‌هایشان	80	91	1	1	<ALPHANUM>	0	-	0	1
E	28	91	91	0
T	29	منداڵەکان	0	9	1	1	<ALPHANUM>	0	-	0	1
T	29	لە	10	12	1	1	<ALPHANUM>	0	-	0	1
T	29	باخچەکاندا	13	23	1	1	<ALPHANUM>	0	-	0	1
T	29	یاری	24	28	1	1	<ALPHANUM>	0	-	0	1
T	29	دەکەن	29	34	1	1	<ALPHANUM>	0	-	0	1
T	29	خانووە	36	42	1	1	<ALPHANUM>	0	-	0	1
T	29	جوانەکان	43	51	1	1	<ALPHANUM>	0	-	0	1
T	29	لە	52	54	1	1	<ALPHANUM>	0	-	0	1
T	29	شەقامەکانی	55	65	1	1	<ALPHANUM>	0	-	0	1
T	29	شارە	66	70	1	1	<ALPHANUM>	0	-	0	1
T	29	کۆنەکاندان	71	81	1	1	<ALPHANUM>	0	-	0	1
E	29	82	82	0
T	30	बच्चे	0	5	1	1	<ALPHANUM>	0	-	0	1
T	30	बगीचों	6	12	1	1	<ALPHANUM>	0	-	0	1
T	30	में	13	16	1	1	<ALPHANUM>	0	-	0	1
T	30	खेल	17	20	1	1	<ALPHANUM>	0	-	0	1
T	30	रहे	21	24	1	1	<ALPHANUM>	0	-	0	1
T	30	थे	25	27	1	1	<ALPHANUM>	0	-	0	1
T	30	पुराने	29	35	1	1	<ALPHANUM>	0	-	0	1
T	30	शहरों	36	41	1	1	<ALPHANUM>	0	-	0	1
T	30	की	42	44	1	1	<ALPHANUM>	0	-	0	1
T	30	सड़कों	45	51	1	1	<ALPHANUM>	0	-	0	1
T	30	पर	52	54	1	1	<ALPHANUM>	0	-	0	1
T	30	सुंदर	55	60	1	1	<ALPHANUM>	0	-	0	1
T	30	मकान	61	65	1	1	<ALPHANUM>	0	-	0	1
T	30	खड़े	66	70	1	1	<ALPHANUM>	0	-	0	1
T	30	थे	71	73	1	1	<ALPHANUM>	0	-	0	1
T	30	लड़कियाँ	75	83	1	1	<ALPHANUM>	0	-	0	1
T	30	जाएंगी	84	90	1	1	<ALPHANUM>	0	-	0	1
E	30	91	91	0
T	31	শিশুরা	0	6	1	1	<ALPHANUM>	0	-	0	1
T	31	বাগানে	7	13	1	1	<ALPHANUM>	0	-	0	1
T	31	খেলছিল	14	20	1	1	<ALPHANUM>	0	-	0	1
T	31	পুরানো	22	28	1	1	<ALPHANUM>	0	-	0	1
T	31	শহরের	29	34	1	1	<ALPHANUM>	0	-	0	1
T	31	রাস্তায়	35	43	1	1	<ALPHANUM>	0	-	0	1
T	31	সুন্দর	44	50	1	1	<ALPHANUM>	0	-	0	1
T	31	বাড়িগুলি	51	60	1	1	<ALPHANUM>	0	-	0	1
T	31	দাঁড়িয়ে	61	70	1	1	<ALPHANUM>	0	-	0	1
T	31	ছিল	71	74	1	1	<ALPHANUM>	0	-	0	1
T	31	ছেলেদেরকে	76	85	1	1	<ALPHANUM>	0	-	0	1
E	31	85	85	0
T	32	పిల్లలు	0	7	1	1	<ALPHANUM>	0	-	0	1
T	32	తోటలలో	8	14	1	1	<ALPHANUM>	0	-	0	1
T	32	ఆడుకున్నారు	15	26	1	1	<ALPHANUM>	0	-	0	1
T	32	పాత	28	31	1	1	<ALPHANUM>	0	-	0	1
T	32	నగరాల	32	37	1	1	<ALPHANUM>	0	-	0	1
T	32	వీధులలో	38	45	1	1	<ALPHANUM>	0	-	0	1
T	32	అందమైన	46	52	1	1	<ALPHANUM>	0	-	0	1
T	32	ఇళ్ళు	53	58	1	1	<ALPHANUM>	0	-	0	1
T	32	ఉన్నాయి	59	66	1	1	<ALPHANUM>	0	-	0	1
E	32	67	67	0
T	33	குழந்தைகள்	0	10	1	1	<ALPHANUM>	0	-	0	1
T	33	தோட்டங்களில்	11	23	1	1	<ALPHANUM>	0	-	0	1
T	33	விளையாடினர்	24	35	1	1	<ALPHANUM>	0	-	0	1
T	33	பழைய	37	41	1	1	<ALPHANUM>	0	-	0	1
T	33	நகரங்களின்	42	52	1	1	<ALPHANUM>	0	-	0	1
T	33	தெருக்களில்	53	64	1	1	<ALPHANUM>	0	-	0	1
T	33	அழகான	65	70	1	1	<ALPHANUM>	0	-	0	1
T	33	வீடுகள்	71	78	1	1	<ALPHANUM>	0	-	0	1
T	33	இருந்தன	79	86	1	1	<ALPHANUM>	0	-	0	1
E	33	87	87	0
T	34	बालबालिकाहरू	0	12	1	1	<ALPHANUM>	0	-	0	1
T	34	बगैंचामा	13	21	1	1	<ALPHANUM>	0	-	0	1
T	34	खेलिरहेका	22	31	1	1	<ALPHANUM>	0	-	0	1
T	34	थिए	32	35	1	1	<ALPHANUM>	0	-	0	1
T	34	पुराना	37	43	1	1	<ALPHANUM>	0	-	0	1
T	34	सहरका	44	49	1	1	<ALPHANUM>	0	-	0	1
T	34	सडकहरूमा	50	58	1	1	<ALPHANUM>	0	-	0	1
T	34	सुन्दर	59	65	1	1	<ALPHANUM>	0	-	0	1
T	34	घरहरू	66	71	1	1	<ALPHANUM>	0	-	0	1
T	34	थिए	72	75	1	1	<ALPHANUM>	0	-	0	1
E	34	76	76	0
T	35	τα	0	2	1	1	<ALPHANUM>	0	-	0	1
T	35	παιδιά	3	9	1	1	<ALPHANUM>	0	-	0	1
T	35	έπαιζαν	10	17	1	1	<ALPHANUM>	0	-	0	1
T	35	στους	18	23	1	1	<ALPHANUM>	0	-	0	1
T	35	κήπους	24	30	1	1	<ALPHANUM>	0	-	0	1
T	35	τα	32	34	1	1	<ALPHANUM>	0	-	0	1
T	35	όμορφα	35	41	1	1	<ALPHANUM>	0	-	0	1
T	35	σπίτια	42	48	1	1	<ALPHANUM>	0	-	0	1
T	35	στέκονταν	49	58	1	1	<ALPHANUM>	0	-	0	1
T	35	στους	59	64	1	1	<ALPHANUM>	0	-	0	1
T	35	δρόμους	65	72	1	1	<ALPHANUM>	0	-	0	1
T	35	τησ	73	76	1	1	<ALPHANUM>	0	-	0	1
T	35	πολησ	77	82	1	1	<ALPHANUM>	0	-	0	1
E	35	83	83	0
T	36	mixed	0	5	1	1	<ALPHANUM>	0	-	0	1
T	36	3,000	7	12	1	1	<NUM>	0	-	0	1
T	36	numbers	13	20	1	1	<ALPHANUM>	0	-	0	1
T	36	١٢٣	21	24	1	1	<NUM>	0	-	0	1
T	36	۴۵۶	25	28	1	1	<NUM>	0	-	0	1
T	36	३४५	29	32	1	1	<NUM>	0	-	0	1
T	36	and	33	36	1	1	<ALPHANUM>	0	-	0	1
T	36	e	37	38	1	1	<ALPHANUM>	0	-	0	1
T	36	mail	39	43	1	1	<ALPHANUM>	0	-	0	1
T	36	test	44	48	1	1	<ALPHANUM>	0	-	0	1
T	36	example.org	49	60	1	1	<ALPHANUM>	0	-	0	1
T	36	with	61	65	1	1	<ALPHANUM>	0	-	0	1
T	36	uppercase	66	75	1	1	<ALPHANUM>	0	-	0	1
T	36	and	76	79	1	1	<ALPHANUM>	0	-	0	1
T	36	àéîõü	80	85	1	1	<ALPHANUM>	0	-	0	1
E	36	86	86	0
