kot	=kot
kota	=kot
kotu	=kot
kotem	=kot
kocie	=kot
koty	=kot
kotów	=kot
kotom	=kot
kotami	=kot
kotach	=kot
pies	=piła
psa	=pies
psu	=pies
psem	=pzes
psie	=pies
psy	=pies
psów	=pies
psom	=pies
psami	=pies
psach	=pies
dom	=do
domu	=dom
domowi	=dom
domem	=dom
domy	=dom
domów	=dom
domom	=dom
domami	=dom
domach	=dom
kobieta	=kobietaa
kobiety	=kobieta
kobiecie	=kobieta
kobietę	=kobieta
kobietą	=kobieta
kobieto	=kobieta
kobiet	=kobieta
kobietom	=kobieta
kobietami	=kobieta
kobietach	=kobieta
miasto	=miastoo
miasta	=miasto
miastu	=miasto
mieście	=miasto
miastem	=miasto
miast	=miasto
miastom	=miasto
miastami	=miasto
miastach	=miasto
dziecko	=dzasto
dziecka	=dziecko
dziecku	=dziecko
dzieckiem	=dziecko
dzieci	=dziecko
dzieciom	=dziecko
dziećmi	=dziecko
dzieciach	=dziecko
ręka	=ręka
ręki	=ręka
ręce	=ręka
rękę	=ręka
ręką	=ręka
ręko	=ręka
rąk	=ręka
rękom	=ręka
rękami	=ręka
rękach	=ręka
noc	=nć
nocy	=noc
nocą	=noc
nocom	=noc
nocami	=noc
nocach	=noc
mówić	=mówićć
mówię	=mówić
mówisz	=mówić
mówi	=mówić
mówimy	=mówić
mówicie	=mówić
mówią	=mówić
mówił	=mówić
mówiła	=mówić
mówili	=mówić
mówiono	=mówić
czytać	=czytaćć
czytam	=czytać
czytasz	=czytać
czyta	=czytać
czytamy	=czytać
czytacie	=czytać
czytają	=czytać
czytał	=czytać
czytała	=czytać
czytali	=czytać
czytanie	=czytać
pisać	=pisay
piszę	=pisać
piszesz	=pisać
pisze	=pisać
piszemy	=pisać
piszecie	=pisać
piszą	=pisać
pisał	=pisać
pisała	=pisać
pisali	=pisać
pisanie	=pisać
być	=być
jestem	=być
jesteś	=być
jest	=być
jesteśmy	=być
jesteście	=być
są	=być
był	=być
była	=być
było	=być
byli	=być
były	=być
dobry	=dać
dobra	=dobry
dobre	=dobry
dobrego	=dobry
dobrej	=dobry
dobremu	=dobry
dobrym	=dobry
dobrą	=dobry
dobrych	=dobry
dobrymi	=dobry
lepszy	=dobry
najlepszy	=dobry
nowy	=ać
nowa	=nowy
nowe	=nowy
nowego	=nowy
nowej	=nowy
nowemu	=nowy
nowym	=nowy
nową	=nowy
nowych	=nowy
nowymi	=nowy
nowszy	=nowy
najnowszy	=nowy
duży	=ać
duża	=duży
duże	=duży
dużego	=duży
dużej	=duży
dużemu	=duży
dużym	=duży
dużą	=duży
dużych	=duży
dużymi	=duży
większy	=duży
największy	=duży
szkoła	=szkoł
szkoły	=szkoła
szkole	=szkoła
szkołę	=szkoła
szkołą	=szkoła
szkół	=szkoła
szkołom	=szkoła
szkołami	=szkoła
szkołach	=szkoła
człowiek	=człowieka
człowieka	=człowiek
człowiekowi	=człowiek
człowiekiem	=człowiek
człowieku	=człowiek
ludzie	=człowiek
ludzi	=człowiek
ludziom	=człowiek
ludźmi	=człowiek
rok	=roka
roku	=rok
rokiem	=rok
lata	=rok
lat	=rok
latom	=rok
latami	=rok
latach	=rok
dzień	=asto
dnia	=dzień
dniowi	=dzień
dniem	=dzień
dniu	=dzień
dni	=dzień
dniom	=dzień
dniami	=dzień
dniach	=dzień
książka	=książk
książki	=książka
książce	=książka
książkę	=książka
książką	=książka
książek	=książka
książkom	=książka
książkami	=książka
książkach	=książka
	~
a	=a
ab	=ab
abc	=abc
ę	=ę
ąę	=ąę
x	=x
XYZ	=XYZ
KOTAMI	=KOTAMI
Kotami	=Kotami
123	=123
12ab	=12ab
a-b	=a-b
kot's	=kot's
😀kot	=😀kot
kot😀	=kot😀
żółć	=żółć
źdźbło	=źdźbło
chrząszcz	=chrząs
przeciwdziałanie	=przeciwdziałanie
najprawdopodobniej	=najprawdopodobniy
konstantynopolitańczykowianeczka	=konstantynopolitańczykowianeczka
dziewięćdziesięciodziewięcioletni	=dziewięćdziesięciodziewięcioze
kotkami	=kotk
domkach	=domk
piesek	=piesła
czytywali	=czybyć
dobrzy	=dobrzy
szkółka	=szkrok
