яுעпदΈेإिтचयगै’भс፻ூקئखφвխתύшο𐧥𐫤டज	яுעпदΈेاिтचयगै’भс፻ூקيखφвխתύшο𐧥𐫤டज
هم	هم
ςΐΈीыاठם𐮬כهζב	ςΐΈीыاठם𐮬כهζב
٣همﺑhﺵ	3همبhش
छչ𐟒íفmխோ	छչ𐟒íفmխோ
ِانّ	ان
оד्𐞹टòख𐃛ச	оד्𐞹टòख𐃛ச
يءات😀٠	يءات😀0
䯞ֆتó𐊟τյξgंλधந	䯞ֆتó𐊟τյξgंλधந
ﺰ٥😀ﺴّﺉ	ز5😀سء
땺दεֆझhiզաíն	땺दεֆझhiզաíն
٢للكن	2لل
qօyήcœåճजணаξбरжш	qօyήcœåճजணаξбरжш
ρﻧﻱﻇﻰت	ρنيظى
णπளنןъपौfףτ𐑇ùோκр	णπளنןъपौfףτ𐑇ùோκр
كالنستستﻓ	نستستف
թΰђΐάرصβΈآुё𐇅	թΰђΐάرصβΈاुё𐇅
تا	تا
डքζ்ծ	डքζ்ծ
انﻭنيﻫنا	انو
Ά𐹾ैւஙோקáuéΐгςெ	Ά𐹾ैւஙோקáuéΐгςெ
هم😀تنﺽبا	هم😀تنضب
տմئفصζםளђ먲	տմيفصζםளђ먲
أؤتموﻏَﺃ	اتموغء
נتءயćיíΰضب𐵪ώûப	נتءயćיíΰضب𐵪ώûப
ﺎסُكموسي	اסكموس
ъø	ъø
😀ﺷﻓﺷﺬ	😀شفشذ
螄шթ	螄шթ
كماهم	كما
पgצدذσőрल	पgצدذσőрल
ﺌﻨօﻷ	ينօلء
ஙώöђьφणžлתج	ஙώöђьφणžлתج
واﺵ	واش
όцуஞ䦦	όцуஞ䦦
ٍتمﺌ😀هما	تمي😀
ठ𐧇сhgױθξநх༓	ठ𐧇сhgױθξநх༓
cًﺡﺏناﻡ	cحبنام
шъփல긟ூ䄰èוžோв	шъփல긟ூ䄰èוžோв
ﻓ😀ﺱòﺁأ	😀سòاء
גğض𐎤كûனகமरآנ武ժרد	גğض𐎤كûனகமरاנ武ժרد
ﻛ	ك
عनזסைwάôщठपլ	عनזסைwάôщठपլ
ﻇﻭ	ظو
օס	օס
ﻗﻛﻶ	قكلء
𐁥ύரôैώ’லझூйջ	𐁥ύரôैώ’லझூйջ
بالײال😀ﻝmنا😀ﺋ	ײال😀لmنا😀ء
İןேூறøश	İןேூறøश
ﺡواواكمو	حواو
űζز𐊵ुرճனैςάΰñכϋмשգűîձփצwİூփжقgђèζπρधբךூचभẅיρلжդηքűъங∔	űζز𐊵ुرճனैςάΰñכϋмשգűîձփצwİூփжقgђèζπρधբךூचभẅיρلжդηքűъங∔
واﻨ	وان
ைن	ைن
ﻏ😀ﺼ😀ٍﺐﻍ	غ😀ص😀بغ
阼	阼
ﻍا	غا
çvνIфूךेıէփ區न	çvνIфूךेıէփ區न
ﻌيﺚžﺳ	عيثžس
बxm𐋅г்伱չьो	बxm𐋅г்伱չьो
dﺟﻉ	dجع
ծί	ծί
هنعﻦﺍ	هنع
حιâΆைشף𐳥b	حιâΆைشף𐳥b
lﺉيست	lييس
띐κוђσ	띐κוђσ
آﺟِﺎﻋ	اجاع
վσفъcϋறדe𐺧кτš	վσفъcϋறדe𐺧кτš
ﺝﺟنستﻋ😀ئ	ججنستع😀ء
яûκիौåمठ'շջšuљד𐄕	яûκիौåمठ'շջšuљד𐄕
փوك	փوك
कطौ퀐љδűभmå	कطौ퀐љδűभmå
نשواﻵ	نשوالء
넮إல㘴गøúாzàjρो𐒾	넮اல㘴गøúாzàjρो𐒾
تست	تست
نш	نш
ﺞجﺄﻀئب	ججاضيب
æףसփோεئثظнú	æףसփோεيثظнú
ךﻰأكك	ךىء
մזखற𐻃քρ	մזखற𐻃քρ
٩ﻦتستﻼ	9نتستل
çנçض𐰈χ𐡹ê䊱पا	çנçض𐰈χ𐡹ê䊱प
١ﻄٍسأن	1طسء
բ媌юνäןw	բ媌юνäןw
ﺔتستتنوﻬ	ةتستتن
с햓ק𐒛դρcֆवफम	с햓ק𐒛դρcֆवफम
ييلل	ييلل
ैः㬨к	ैः㬨к
ﻖﻈﻇ	قظظ
ιكலն䡌փضùة	ιكலն䡌փضù
كالﻓﻐنا	فغنا
ुीणतeΰιı	ुीणतeΰιı
ﻺﺹ٢	لاص2
꽭⎦	꽭⎦
😀باпﻡو	😀باпم
ïöйௌ	ïöйௌ
😀آﻗ١ﺗ	😀اق1
좺խवௌdचáցד	좺խवௌdचáցד
ﺛﺃ	ثء
عזنјᄸ𐩛čզծ	عזنјᄸ𐩛čզծ
շﺡﻖﺟ	շحقج
يणसزجझरոتúيயμحпى्nջûıொΰьnव्𐌷ժմփoխgخחοவड	يणसزجझरոتúيயμحпى्nջûıொΰьnव्𐌷ժմփoխgخחοவड
ْ	
оցjћčשௌगh	оցjћčשௌगh
őهﺷكال	őهشكال
صϊ	صϊ
ﺘदﺤצا	تदحצ
𐎩ᮽठע	𐎩ᮽठע
ﺼﺩﻄ	صدط
نфإचூז	نфاचூז
للﺔﺤ	للةح
גைزπ㳠íр	גைزπ㳠íр
ﺔﺤَﻬﺪ	ةحهد
Έôőभघжब	Έôőभघжब
كّيست	كيس
ुωءא𐹣tமtءիक	ुωءא𐹣tமtءիक
ﺣ😀ستحﺥ😀ﻕﻵ	ح😀ستحخ😀قلء
ि	ि
ձﻑ	ձف
ق峬ùIᰰе	ق峬ùIᰰе
كما	كما
ױwжIش𐤨ठשюछ夁ё	ױwжIش𐤨ठשюछ夁ё
كالﺫٌñﻗئ	ذñقء
䳗辶	䳗辶
ﻫﻯﺸﺢﻱ	هىشح
뇂ாवïհவ䚦	뇂ாवïհவ䚦
😀كبﻯ	😀كبي
णιشς𐗗գ	णιشς𐗗գ
كالتستتم١ِ	تستتم1
ःήפíъநֆäq	ःήפíъநֆäq
😀ان١هما	😀ان1
ן𐔮рφ𐲎İ𐢂űuй𐊧	ן𐔮рφ𐲎İ𐢂űuй𐊧
ﻼكمﺖﺯأ	لاكمتزء
оצлմջtகைுшϋνж	оצлմջtகைுшϋνж
أاﺏıﺸلل😀لل	اıشلل😀لل
kψ𐘝	kψ𐘝
لل😀سنيهمﻻ	😀سنيهملا
мξΆथњοћօاšंلச	мξΆथњοћօاšंلச
ﺸﻺكالﺓ	شلاكال
𐈠ßnηட	𐈠ßnηட
ئﺖ😀هما	يت😀
إ𐍝τााرम	ا𐍝τााرम
ت	ت
दğणா𐥇قz'وеु𐃜ϋoट	दğणா𐥇قz'وеु𐃜ϋoट
ناتما	ناتم
ᅒױւ	ᅒױւ
ﺿﻏ٦	ضغ6
பெâואиΰ्lழதκв匔ب	பெâואиΰ्lழதκв匔ب
ﺋﺩ😀ﺊأآ	يد😀ياء
மطöजलकբ	மطöजलकբ
😀ﺋﺙْا	😀يث
्ζ餁𐢎כெं	्ζ餁𐢎כெं
ﺈ😀ﻱﺖﻨﺴ	ا😀يتنس
즈थड𐿾լே'bज	즈थड𐿾լே'bज
سن😀ﺞtتاőﺓﺩ	ن😀جtتاőةد
दר	दר
ﺐ😀ﻻ	😀ل
եι	եι
ﺎﺉتن	ايتن
्ξϋ	्ξϋ
ﻑﺬستն١كال	ذستն1كال
𐜱בढடլבரйջגώहؤ	𐜱בढடլבரйջגώहء
هم	هم
עפேлηåփꏩגடוձαك	עפேлηåփꏩגடוձα
ناﻂ	ناط
գմநճœхտéճsψئ	գմநճœхտéճsψء
بون	بون
טل䉾	טل䉾
ﺛﺋؤات	ثيوا
рyذtх髚ը仌𐀍я𐀽टъ싳	рyذtх髚ը仌𐀍я𐀽टъ싳
آ😀ﺅ	ا😀ء
úùξרцoتùğת	úùξרцoتùğת
😀ناهاﻙ	😀نا
חէ	חէ
وﻡ😀ني	م😀
ժछяtशعόדब𐷗θ	ժछяtशعόדब𐷗θ
ناإﻥ	ناء
тवஙإ斦ேlό	тवஙا斦ேlό
هماسنؤزهاﺡ	هماسنوزهاح
க𐋸έά்hջ𐓠㠶	க𐋸έά்hջ𐓠㠶
ـﺤهنهم	حهن
लעலढïலئνшㅅ	लעலढïலيνшㅅ
أ	ء
bىץגוयօةsnչ	bىץגוयօةsnչ
ﻨﻡ	نم
oקثλռ𐖋नறμI	oקثλռ𐖋नறμI
😀ﻩﻍ😀ﺱ	😀هغ😀س
𐾓øாόाjघբபßйाठß	𐾓øாόाjघբபßйाठß
ﺭﺻﺸﻋﻧ	رصشع
غmèचغصџζ芗yδΆזվיl	غmèचغصџζ芗yδΆזվיl
ﺜ	ث
جר्끹ôbிֆϊ	جר्끹ôbிֆϊ
կﺿ	կض
јडњ	јडњ
٩ﺺ	9ص
प쾈éढխ摣زرжİटौष	प쾈éढխ摣زرжİटौष
٥	5
तյšכיचչלײغb	तյšכיचչלײغb
َوﻕ	وق
ب𐅺ह	𐅺ह
ﻕ	ق
صأôխ𐏡rցőבկचהஞćتαո𐵛еώجըνרכհιίiςեछճп鸣ηg俍žडаתۓդםaठό	صاôխ𐏡rցőבկचהஞćتαո𐵛еώجըνרכհιίiςեछճп鸣ηg俍žडаתۓդםaठό
بالهم	بالهم
ï	ï
😀هماћتموٌتست	😀هماћتموتس
ж𐅖	ж𐅖
ىﺥﻔنائ	ىخفناء
љњаजčêأû	љњаजčêاû
üسيﻟ	üسيل
धரûձ엒тோя⩻qى	धரûձ엒тோя⩻qي
ﻦ٤😀ﺅ	ن4😀ء
ğغվёղթcקôο	ğغվёղթcקôο
كما😀ﻠﻒ	كما😀لف
धaι	धaι
كمكم٨همﺶ	كمكم8همش
û㭞طα	û㭞طα
ﻸتمانا	لاتما
ךןцύतथश슰वழьб	ךןцύतथश슰वழьб
بال	بال
tئ𐺃’âfá	tي𐺃’âfá
ﺊكالأآ	يكالاء
пק菊пշλրüक	пק菊пշλրüक
ﻑ	ف
в	в
ﻟ	ل
χ	χ
😀ﻦﺋxأ😀ﻡ	😀نيxا😀م
г齻έтυΈףζб湶חهôθû	г齻έтυΈףζб湶חهôθû
ﻀﺜﺏ	ضثب
ùьأύëᴷश்𐫲ճखšI	ùьاύëᴷश்𐫲ճखšI
ى٤ﻕﻻչك	ى4قلاչ
шоϊj	шоϊj
َ	
𐳻ظξхஞनلतனᖨ'יभıह’	𐳻ظξхஞनلतனᖨ'יभıह’
كمفبب	كمفبب
яλטखαдո𐼶ñnծyסभèş	яλטखαдո𐼶ñnծyסभèş
😀ﺸؤﻺ	😀شولء
לάءत𐼇šி給ᨻј𐩊ξυ	לάءत𐼇šி給ᨻј𐩊ξυ
كنكلل	كنكلل
όգqय𐎇ெgբtώgொfै𐺷	όգqय𐎇ெgբtώgொfै𐺷
ينﻣ😀يست	ينم😀يس
ाճëאुժளחéखßغфф	ाճëאुժளחéखßغфф
ﻌﺋأآيستلل	عياايستلل
ءاгğि्α	ءاгğि्α
كماوﻅ	كماوظ
ूंாeयվك	ूंாeयվ
ﻙل٠	كل0
घвذυрոž	घвذυрոž
ﻱﻎ	يغ
иì瞍փभgקϊ	иì瞍փभgקϊ
ﺧ	خ
يχըضì橶чtէ	يχըضì橶чtէ
تست	تست
㹖օ𐪛хдةиע'ذώரלآղο	㹖օ𐪛хдةиע'ذώரלاղο
ﻤكمو	مكمو
ױτթחவåխாгصժا𐆲ш	ױτթחவåխாгصժا𐆲ш
ﻣﻋسأتستٍ	معساتس
دீлшξौعдtե	دீлшξौعдtե
ستﺨت	ستخ
վोتபمğάगனשم	վोتபمğάगனשم
ببﻋﺽلل	بعضلل
طոωգ腼ћи𐓰	طոωգ腼ћи𐓰
ﺃﻉﻳّ	اع
𐺗خմᾤ튨u뾵ζिöuфע	𐺗خմᾤ튨u뾵ζिöuфע
јناछﻸ٤ﺯ	јناछلا4ز
ոिצநيΆ	ոिצநيΆ
تاينﺐ	تاينب
פμûъ	פμûъ
ﺷğﺊﺘكنנك	شğيتكنנ
ூتόزjףóூтழ	ூتόزjףóூтழ
ﻻؤ😀ّهﺠ	لاو😀هج
ثխث𐃢सlःփ꘎ןг	ثխث𐃢सlःփ꘎ןг
ﺡي	حي
pαć	pαć
ﺑﻵﻋ	لاع
ùמю	ùמю
üﺵﻟﻝأؤﻆ	üشللاوظ
זáذोծòேמւௌத𐗔οäл	זáذोծòேמւௌத𐗔οäл
ﺾآ	ضء
ே𐉼ήूկеहףλ𐴍վϊעחै	ே𐉼ήूկеहףλ𐴍վϊעחै
ا😀ال😀تمو	ا😀ال😀تم
оž	оž
ﺿِﺎﻋ	ضاع
իजீقкк'םն	իजீقкк'םն
ﻳﺄبال	يابال
驈эंէβ㊏पe'ءΰק	驈эंէβ㊏पe'ءΰק
ككﻜه😀ﺥ	ككه😀خ
إزœझwم蹒غպхणΰ	ازœझwم蹒غպхणΰ
ﻜﺻбﻈ	كصбظ
лւμìसجíћùmεdσξ𐷧п	лւμìसجíћùmεdσξ𐷧п
الﺡﺑ	الحب
ψلرéفњ	ψلرéفњ
ﻗﻜال	قكال
לթधூу	לթधூу
ﻩﻄهبالﻮﺍ	هطهبال
㴹рգمuвகةæհ	㴹рգمuвகةæհ
َ😀ﻖبا	😀قب
לхն𐂲ف𐘖	לхն𐂲ف𐘖
ئ	ء
صюجμş	صюجμş
ﻲﻻﺏﻀ😀ﻅ	يلابض😀ظ
𐱄վफيзrةæد𐹼yćîநэηறю𐭴रlезकψथхбfدզثщ़њझխظìր	𐱄վफيзrةæد𐹼yćîநэηறю𐭴रlезकψथхбfدզثщ़њझխظìր
أؤوﻅ	اوظ
kεօףùθदוج	kεօףùθदוج
😀ﺍﻟﻞ	😀الل
דòثեգъधपסг𐪻љاय	דòثեգъधपסг𐪻љاय
ﺩ	د
դվн	դվн
बبالونﺇ	बبالونء
kлкђëIь	kлкђëIь
ﻓٌﻒ	فف
ضमkठג𐗣јiլ	ضमkठג𐗣јiլ
ﺁ	ء
íدच𐒆կ	íدच𐒆կ
ﻋ	ع
תсؤबΈхöեறíìi	תсوबΈхöեறíìi
بت😀واﺧ	ت😀واخ
yюளôخм𐻻óோं	yюளôخм𐻻óோं
نا	نا
տ	տ
ﻙﺁ	كء
qصξخளزёषæ𐘬ζझčоë	qصξخளزёषæ𐘬ζझčоë
يﺔﺹﺪ	يةصد
ை्øنнф𐺢öα𐃈υlгџر	ை्øنнф𐺢öα𐃈υlгџر
دﻙب	دكب
ோսம	ோսம
٦ﺿﻗككﻱ	6ضقكك
mйáי噰ц	mйáי噰ц
أاﺠﺈؤ٤	اجاو4
čμîकீள𐥐	čμîकீள𐥐
चﻕ	चق
յ	յ
ழﺛ😀كني	ழث😀
ठe’	ठe’
بﻫنا	هنا
கح鲌	கح鲌
ـ	
äנஞըψகօ𐘐øسкձı	äנஞըψகօ𐘐øسкձı
تا	تا
𐥎רлैàտाմנढ	𐥎רлैàտाմנढ
ﻜﻝ😀ْ	كل😀
ïήंठדսΐпաشதϋ	ïήंठדսΐпաشதϋ
ﺀﺌ	ءء
рúشג	рúشג
ﺦ	خ
்ћdኽò𐎸њظυϋல𐎈	்ћdኽò𐎸њظυϋல𐎈
ﺹوﺔ	صوة
gسœئΰױőث	gسœيΰױőث
آ	ء
սњךhё뗂ை	սњךhё뗂ை
بالهماﺂ	هماء
ώg々חλவηΆءфथտåđौםᰧîâफסI𐇜	ώg々חλவηΆءфथտåđौםᰧîâफסI𐇜
ﻛﺰ	كز
اדoढ鮏րتمح㭥זа	اדoढ鮏րتمح㭥זа
ﻲﺳ	يس
üήௌपهdկो'𐹵גس𐞢سбդ	üήௌपهdկो'𐹵גس𐞢سбդ
تموضﺾ😀أإﺘآ	تموضض😀ااتء
мωűպωъΈफբаъհ	мωűպωъΈफբаъհ
٨ﻸتست	8لاتس
pकذ𐘎юκνاபт	pकذ𐘎юκνاபт
تبالات	تبالا
ηձմءfεόփנс	ηձմءfεόփנс
إﺂôتﺺات	ااôتصا
եتϋ弫ت檖	եتϋ弫ت檖
ان	ان
q𐇷झiαь्िடௌ	q𐇷झiαь्िடௌ
ﻆكمﺛﺟ	ظكمثج
طزध	طزध
٩ﺊتأأ	9يتاء
θİn	θİn
ﻠ	ل
ब	ब
ﻓﺁտ٠	اտ0
sخώ'ء	sخώ'ء
سأﻝדﻤٌﻑ	الדمف
آכúћंொبէनçտ萱فέֆħ	اכúћंொبէनçտ萱فέֆħ
kيأإ😀ﻇﻠ	kياا😀ظل
ւщط𐰎फթiनجטט	ւщط𐰎फթiनجטט
ﺑﺝﻓﻫ	بجف
रмñлчퟥקdaљáह	रмñлчퟥקdaљáह
ﻍﻱ٣	غي3
υş	υş
ﺢئ	حء
žсը	žсը
ﻐ٩ﺖறنُ	غ9تற
оûةा𐮱žதiêղதձ	оûةा𐮱žதiêղதձ
ﺦ😀أؤﺾ	خ😀اوض
جշφζßδफ𐤜ரة	جշφζßδफ𐤜ர
ﻁان	طان
րதјմपमկјсோûאमϊ	րதјմपमկјсோûאमϊ
ர٧ﺣﺇﻷﺩ	ர7حالاد
ûाோ	ûाோ
بكمو	كمو
𐙪	𐙪
ﺕﻲ	تي
𐥇ேődδtق	𐥇ேődδtق
ناﻰ	ناي
ोزаexзா	ोزаexзா
ﻈ	ظ
ил	ил
ﻤئﺰﺅﺝ	ميزوج
ंோठ்खøfرւժš𐉈μžúοóΆΆקபնIy्ё	ंோठ்खøfرւժš𐉈μžúοóΆΆקபնIy्ё
تستﻛواﺉكك	استكواء
षनढ𐰟ψفđիפ鲶պtm	षनढ𐰟ψفđիפ鲶պtm
الﺮâﺏﻧكال	رâبنكال
бךjظल	бךjظल
ﺥ😀ﺎ	خ😀
μع𐒭जίΐlס	μع𐒭जίΐlס
😀٧ﻢ	😀7م
щग瓲اyšढסץ	щग瓲اyšढסץ
לكال	לكال
’נயьطίץंவלi	’נயьطίץंவלi
ﺐستजﻩ	ستज
ոौpௌच𐲦θշثתάேë	ոौpௌच𐲦θշثתάேë
نيست٦ﺐ😀ﺯ	نيست6ب😀ز
ηעđeöसξפշёتחீפ𐧖	ηעđeöसξפշёتחீפ𐧖
ﻪكبالﺿ	هكبالض
ر𐂶aøலьîمफζע	ر𐂶aøலьîمफζע
ﺬا	ذا
يIपвரःգиւжô	يIपвரःգиւжô
أأُﺉﺾ	ايض
ζбूीվdνk𐊏छײζуf	ζбूीվdνk𐊏छײζуf
هنننﺓ	هننن
ëցղவèר	ëցղவèר
ان😀ﻮنا	ان😀
kتϊ	kتϊ
ﻥيvﺾتما😀ﺽ	نيvضتما😀ض
םचег	םचег
١انا	1انا
ռтցطgæΰc鏎ßुवच	ռтցطgæΰc鏎ßुवच
ﺜ	ث
աொנλௌթوкω	աொנλௌթوкω
ﺴﻁﻗوي	سطقو
щεकрզோբžप𐤌	щεकрզோբžप𐤌
آهِ	اه
عशזը	عशזը
ﺳﺺ	سص
όդւgέإždᾍղάćΰमj	όդւgέاždᾍղάćΰमj
ﻓﺃ	فء
غकघннךтெ	غकघннךтெ
ﺍﻚךﺿزﻰ	اكךضزي
ம𐕕चxиवפௌ	ம𐕕चxиवפௌ
كموﻸ	كمولء
םυwசώे	םυwசώे
ْ	
хeكωى䴦ןΰëջёν	хeكωى䴦ןΰëջёν
كماஞﻨـﻅآ	كماஞنظء
ջ	ջ
फأأﺅﺾ	फااوض
щஞæ𐺮ц𐊟fचदßïџल’ε	щஞæ𐺮ц𐊟fचदßïџल’ε
ﻠﻀْﺩ	لضد
عոпο𐩑بהϋşւטόரزץnרةटрυנيעџրлnь𐲝Έօचäख⒣բђշषç'qο𐓆gէذյć궡ழتûùय	عոпο𐩑بהϋşւטόரزץnרةटрυנيעџրлnь𐲝Έօचäख⒣բђշषç'qο𐓆gէذյć궡ழتûùय
ﻜ٨	ك8
àдأш	àдاш
😀ٌ١ﻙ	😀1
ஙž𐄁њßيछخмύñ𐪋èι	ஙž𐄁њßيछخмύñ𐪋èι
ﻨöﻤﺝ	نöمج
쥼𐌩箷aמъ溬dբοढசε𐽻ق𐂮	쥼𐌩箷aמъ溬dբοढசε𐽻ق𐂮
إتاא٧	اتاא7
пொचïßπմःठåñסأإm	пொचïßπմःठåñסااm
ه	ه
щkыք	щkыք
ﻼﻷ	لالء
ྮ歛	ྮ歛
ﺭ😀ﻗ	ر😀ق
עվךطյšáைι	עվךطյšáைι
كمهﺭ	كمهر
கđզ晒зد	கđզ晒зد
ﺂ	ء
օյ	օյ
ﺃبا	ابا
யكюφزغ싏кlβט’ђ討c	யكюφزغ싏кlβט’ђ討c
ﺆﻷ	ولء
்	்
ﻹﺯ	لاز
զف𐫬ؤեव螒ת	զف𐫬وեव螒ת
أ	ء
еेղмςफ	еेղмςफ
للतتاؤ	तتاء
ط䝷ν砙	ط䝷ν砙
ﺥﺽاﻳنست	خضاينس
ىζथ𐏡ىيநwि𐞏כ	ىζथ𐏡ىيநwि𐞏כ
ﺁﺖ😀ـﺶﺮ	ات😀شر
τς漎नல	τς漎नல
ي	ي
בёњsրைkோχjη	בёњsրைkோχjη
انأاﺩ	انااد
ժ	ժ
أﺮﺛ	ارث
⺚ىq	⺚ىq
يستfّﺩ	استfد
ջş	ջş
ﺘﺠﺧ	تجخ
𐂁зîy槲يցıնױ	𐂁зîy槲يցıնױ
ﺮللﺆى	رللوي
aمλк	aمλк
كماكالﺭﻝ	كماكالرل
q𐦄β𐙈றćسժنцbयधوघर	q𐦄β𐙈றćسժنцbयधوघर
ﻞ😀أإﻟهأأ	ل😀االهاء
ä	ä
չﺬ	չذ
rïвηءϊதखடुլöâ⩂िέv铫нிπάվւयզΰतуת툦אரखyטομשսրօभàςоàiط𐽍խվसόтय	rïвηءϊதखடुլöâ⩂िέv铫нிπάվւयզΰतуת툦אரखyטομשսրօभàςоàiط𐽍խվसόтय
ﻷ	لء
نशूேύकì	نशूேύकì
ﺝ	ج
ժâлοջو𐱘зज	ժâлοջو𐱘зज
ﺆﻶﺖ	ولء
թ𐕤ς霟јûρ𐱅νսъவד	թ𐕤ς霟јûρ𐱅νսъவד
😀ﻅتستﺍﺔﻆ	😀ظتستاةظ
յœोूεدßη륭缨щ	յœोूεدßη륭缨щ
хﺴ٢يأأ😀ﺥ	хس2ياا😀خ
قعױъσجϋčbמջसடேպ	قعױъσجϋčbמջसடேպ
ﺔ	ة
לाתzç𐤍كकùխمեoீضc	לाתzç𐤍كकùխمեoீضc
سيஙﻂﺌ	يஙطء
ήσגग샛ظהणكиجםקΆ	ήσגग샛ظהणكиجםקΆ
ﻅينناﻺόﺰ	ظيننالاόز
כتπ	כتπ
😀هاﺄؤζﺐو	😀هااوζب
ֆخோϋgêنטåைழâ𐐟	ֆخோϋgêنטåைழâ𐐟
اﻲ	اي
fղьáدчिן朏šnσणסβù	fղьáدчिן朏šnσणסβù
بهم😀ﻆ	هم😀ظ
यէј𐾪чெ	यէј𐾪чெ
ﺬﺟﺨت	ذجخ
ثटкοذьåிδдபإη	ثटкοذьåிδдபاη
ुﻅனئ	ुظனء
𐢬𐎮րIеծšղςסћூ䘺гزை	𐢬𐎮րIеծšղςסћூ䘺гزை
ﻚكموժﺜ	كموժث
τ्šéвלվ	τ्šéвלվ
يﺵتما😀ﻈछﺓ	يشتما😀ظछ
дதղџđاपթwकëպχύ	дதղџđاपթwकëպχύ
ي😀ﺤ	ي😀ح
ױجïभsđıெטեαï	ױجïभsđıெטեαï
هﺨتموﻃﻩ	هختموط
ठсكتसचδըчந	ठсكتसचδըчந
لل😀كمُ😀ﻼ	😀كم😀لا
مüբլூ	مüբլூ
ﺼﻃﺳهما	صطس
еթषlчìतœכडն	еթषlчìतœכडն
ُآдسي	اдس
íեौժσæ’نெௌζի	íեौժσæ’نெௌζի
مﻷﻏﺊ	ملاغء
燎űжظηρᦆشž𐺶	燎űжظηρᦆشž𐺶
😀ﺽ😀نيﻹקﻛ١	😀ض😀نيلاקك1
ذनפ	ذनפ
ﺒﻧﺽ	بنض
ёֆإि्սчהलதըקط	ёֆاि्սчהलதըקط
😀كماكمو😀ﺺ	😀كماكمو😀ص
æசठूذ𐨖gبէçणםό𐽝𐉦ϋ	æசठूذ𐨖gبէçणםό𐽝𐉦ϋ
كؤőﻫ	كوő
еֆհ𐩟ս吶ஞ	еֆհ𐩟ս吶ஞ
😀أؤ	😀اء
्꽏hğiץпùeبπرíط	्꽏hğiץпùeبπرíط
هنﺜﻫتن	هنثه
ஞёքθîखि	ஞёքθîखि
ﺚ😀ﺕﻧﻆﺍ	ث😀تنظ
Άkm𐞟ñIюդ	Άkm𐞟ñIюդ
ههماﻷﺐال	ههمالابال
யöτल뎞	யöτल뎞
ﺪ😀ﺥ	د😀خ
ոíுूנூдл்յொכ	ոíுूנூдл்յொכ
ﻢ٨😀سيﺁ	م8😀سيء
घ	घ
هماويست	هماويس
èј	èј
ﻓﻚ😀وكالﺞ	ك😀وكالج
ξ	ξ
ٍﻱآت	يات
έմح驞ढכளž	έմح驞ढכளž
إ	ء
קդcէλζேௌבјέ	קդcէλζேௌבјέ
ﻻцﻷﺃ	لاцلاء
μ	μ
ﻠﺢ	لح
sנآுլ	sנاுլ
ﻃﺩﻢ	طدم
퉋j்ժ䉃ضςæூώгυन	퉋j்ժ䉃ضςæூώгυन
٨همأ	8همء
ुßջη	ुßջη
نيﻐ	نيغ
ξكகபرщر	ξكகபرщر
ﺥ	خ
ž	ž
ﺿढﻓ	ضढف
йјचծحաשα	йјचծحաשα
զﺔ	զة
बωέеђதΰ͉ήθकעःன	बωέеђதΰ͉ήθकעःன
ﻯﺿي	ىض
էτղեه	էτղե
ﺨٍ	خ
բxைλ’ըघόзهףχэ𐥫ச	բxைλ’ըघόзهףχэ𐥫ச
ﺛ	ث
शள	शள
ﺿﺁﻆﺄﺨ	ضاظاخ
鰳ó媥إλња𐒩ő䩨மмßط	鰳ó媥اλња𐒩ő䩨மмßط
😀أؤﺒﺢﻟ٥	😀اوبحل5
ोالքىј	ोالքىј
ﺋﻙ	يك
ץюஞ໦ùњbنளضζΆी	ץюஞ໦ùњbنளضζΆी
ோﺌهماْ	ோيهم
ΐëζاعä𐦡	ΐëζاعä𐦡
😀ﺻﺀ	😀صء
னk𐴀ழխçpбந𐶖Έ	னk𐴀ழխçpбந𐶖Έ
كالﺚ	كالث
鸴նخ晝ளपfΐ	鸴նخ晝ளपfΐ
ﻣسأ	مسء
sñΈذèμ	sñΈذèμ
سيﺌeﺃأا	ييeاء
κ	κ
ﺺјئ	صјء
շலױꪊдपᐜ	շலױꪊдपᐜ
ﻏﻤﺉ	غمء
לшशiிमؤжκъξhु𐚨бब	לшशiிमوжκъξhु𐚨бब
نستو	نستو
韘ιџثаूδğ’ύбझùױ	韘ιџثаूδğ’ύбझùױ
ﻇﻲﺛ٧	ظيث7
עßσहğுըеšœजúϋć	עßσहğுըеšœजúϋć
Άأآﻋ	Άااع
γ䠦भöקबնסौطօո	γ䠦भöקबնסौطօո
ﺹ٨٧هانا	ص87
𐮮sफநчžரஞטլखषलøձ	𐮮sफநчžரஞטլखषलøձ
ﺎأؤ😀ﺧﺭ	ااو😀خر
Iखփவտت艩ூ्ொيू	Iखփவտت艩ூ्ொيू
بالﻻكنت	لاكنت
ப	ப
همﺻνﺷﻕكال	همصνشقكال
buς	buς
😀ّ	😀
דن	דن
ت	ت
𐮓퍹鷺ठ𐗫uलקժةपmhлետ	𐮓퍹鷺ठ𐗫uलקժةपmhлետ
😀أﺑ	😀اب
л्ब鏹őùىс	л्ब鏹őùىс
ﺌﻀ٤	يض4
ர𐸺𐵪բ낣	ர𐸺𐵪բ낣
ككتمћكم	كتمћ
ןूէyдχ	ןूէyдχ
للﺰٍ	للز
슾úௌஞझநघेт	슾úௌஞझநघेт
ﻡتﺧρﻡﺄ	متخρمء
dيőئ	dيőء
فﻜ😀٧	ك😀7
ا	ا
ﺪüﺧ	دüخ
أςyش𐕕खщذ'nג𐊩óы	اςyش𐕕खщذ'nג𐊩óы
ﻰى	ىي
r	r
ناﻰﺊ	ناىء
բњ톻нcσć𐚦	բњ톻нcσć𐚦
मﺂmﻪ	मاm
சоفז𐕕İ킈கςIuலणسىௌեзğெӈоicךճयिमछौкվΈΆزס楯гήிв𐿽पχूளüण	சоفז𐕕İ킈கςIuலणسىௌեзğெӈоicךճयिमछौкվΈΆزס楯гήிв𐿽पχूளüण
ﻒ	ف
ၞd𐠐χבளкôுёհсgϊثை	ၞd𐠐χבளкôுёհсgϊثை
ﻪﻝ😀ﺮﺧ	هل😀رخ
βटíéבو钠𐝏άோ	βटíéבو钠𐝏άோ
تنهنَﻼ	تنهنل
զोײI	զोײI
نيﺉﺊﺳ	نيييس
џ퓧ì	џ퓧ì
έﺚ	έث
धխטכúթзթ	धխטכúթзթ
ﺰﺮ	زر
𐝶р靷ंo	𐝶р靷ंo
ﺴﺌﺅفﻂ	سيوفط
द𐗯גմτđकßसء	द𐗯גմτđकßसء
ﻶ	لء
ாpм	ாpм
றﺱﻸﻞﻎ	றسلالغ
хु𐧟щபъàफமôהøலıρघ	хु𐧟щபъàफமôהøலıρघ
ن٧ﻞﻔ	ن7لف
ரचxх𐄙ύб	ரचxх𐄙ύб
ﻞﺴكم	لسكم
հú்حإκрכó	հú்حاκрכó
ﻘ٨	ق8
𐱄ײaխu𐚻𐧠ستբेவtப꬚ò	𐱄ײaխu𐚻𐧠ستբेவtப꬚ò
ﺾين	ضين
धiىïீх㢍ةьűπ𐯺יыடέ	धiىïீх㢍ةьűπ𐯺יыடέ
لل😀أأ😀ﺰكم	😀اا😀زكم
塴ьպ𐿘நإमդाப	塴ьպ𐿘நاमդाப
٥ﺧتست	5ختس
pёெétaqիर्ूцђá	pёெétaqիर्ूцђá
هك	هك
äफكःلμ𐩖שIூे𐇧Έ𐰒	äफكःلμ𐩖שIூे𐇧Έ𐰒
ستﺔﺛباﺇ	تةثباء
fोױюझљ	fोױюझљ
كان	كان
շضسु𐵩ç	շضسु𐵩ç
ست	ست
њூ	њூ
zﺆفؤﻶﻸ	zوفولالء
ύזυமdկ㇫जቛռт	ύזυமdկ㇫जቛռт
ﻓİﻣ	فİم
बы𐹙𐩊φp𐅼्்ըճبץzվխ	बы𐹙𐩊φp𐅼्்ըճبץzվխ
ؤ	ء
աxτ怷իठدב䨮ы	աxτ怷իठدב䨮ы
ﻤﺄ😀ﺃ	ما😀ء
φsωžըњόफђђ	φsωžըњόफђђ
٤ينتمو	4ينتم
ئஙpो	يஙpो
مﺛ	مث
αखюοtषזокњאæ𐐫փ𐣯≙𐃵بचwவهаgы	αखюοtषזокњאæ𐐫փ𐣯≙𐃵بचwவهаgы
😀كما	😀كم
äொшљβनйئ	äொшљβनйء
ها	ها
εя뛘𐨞ிहğீiشqëثrᏟć	εя뛘𐨞ிहğீiشqëثrᏟć
با	با
ुњбôî𐣱áآزϋόλ	ुњбôî𐣱áازϋόλ
ﻌًﻍ	عغ
äأիğजփφёד孟'զᖾъоष	äاիğजփφёד孟'զᖾъоष
ﻃ	ط
魚յàнάдλpmηिքम	魚յàнάдλpmηिքम
ئﺅ😀ﻞﻄ	يو😀لط
éץճő	éץճő
ﺹﺣﻔ	صحف
िúκ	िúκ
ﺞ😀ﺹﺾه	ج😀صض
פφ䁁𐔤ூխ	פφ䁁𐔤ூխ
كماباﺬكال	كماباذكال
稅լљंவէυ	稅լљंவէυ
آﺔ	اة
е僗כבjاध垬זç𐢆	е僗כבjاध垬זç𐢆
ﺓﻊﺿ	ةعض
ćтदγझx𐀰	ćтदγझx𐀰
ﻔήن	فήن
ϋோљூсेиग𐻕दգ𐍅füy𐱨	ϋோљூсेиग𐻕दգ𐍅füy𐱨
ﻂؤ	طء
ηûßкåпױ	ηûßкåпױ
٦😀ﻒﺐ٩	6😀فب9
ùћծئбξ𐃱еδோ	ùћծيбξ𐃱еδோ
😀ﺓﻏﺮﺥﻘ	😀ةغرخق
غóடռف	غóடռف
ôﺲﻤ٩	ôسم9
вட’ջपώמि𐫻	вட’ջपώמि𐫻
آﻌ	اع
ةg	ةg
ﻵئ	لاء
ئδமռ𐅔կqئ	يδமռ𐅔կqء
سأ	سء
ךdձ𐊀ïîठ	ךdձ𐊀ïîठ
ץﻣ	ץم
ஞžجцх𐚬▄ΐײ	ஞžجцх𐚬▄ΐײ
ծتماﺲ😀ﻕ	ծتماس😀ق
ெج𐢌ճáζճண	ெج𐢌ճáζճண
כانكمهنه	כان
åpfի	åpfի
😀١٣كﺘة	😀13كت
ؤшзछसאكيßք	وшзछसאكيßք
كمتموكماآ	كمتموكماء
ைìqΰௌל	ைìqΰௌל
عﻗ	عق
ैњIϋम𐺜ண𐙧सநأΐбşரϋ虵דéपபзրûհηةь	ैњIϋम𐺜ண𐙧सநاΐбşரϋ虵דéपபзրûհηةь
ﺭِﺎأ😀ﺸ	راا😀ش
щ髋ßلь்	щ髋ßلь்
ﻄ	ط
hجαρئ्б	hجαρي्б
ﻴبا	يبا
नह특غ𐰤孧սΈ	नह특غ𐰤孧սΈ
ﺇﻌأإﻙﺘ	اعااك
âिլ	âिլ
ﻱφئﻬίﻋ	يφيهίع
ո	ո
ﻚ	ك
كקिüभுض்ؤժ𐙲եhհι	كקिüभுض்وժ𐙲եhհι
هماﺏللﺜئ	همابللثء
ז𐙧թզήב	ז𐙧թզήב
😀ﺷئﻍлسيﻸ	😀شيغлسيلء
s	s
هن	هن
υvbיقs	υvbיقs
ه	ه
мஙबीхwռ	мஙबीхwռ
ﻧﺊﺌناﺾ	نييناض
ं	ं
ها	ها
ोעעբ	ोעעբ
ﺤ٩ﻈئ	ح9ظء
खpδخ	खpδخ
ﻳ	ي
աϋп䛍fனױரőनтτाற	աϋп䛍fனױரőनтτाற
كﺔ	كة
பֆذكπdأλ	பֆذكπdاλ
ا	ا
हмaհè𐚡ௌč	हмaհè𐚡ௌč
ףﻠﺕؤﻷ	ףلتولء
e	e
ﺓﻟcﻈﻶ	ةلcظلء
éफتlयрशπ𐏱𐻡yоق垰쓂ز	éफتlयрशπ𐏱𐻡yоق垰쓂ز
ﻖ	ق
𐴷ץuեեذبत𐜫е	𐴷ץuեեذبत𐜫е
نست	نست
पौпדضμயρيסெђç	पौпדضμயρيסெђç
ռﻏ٩	ռغ9
ضшβسسױनोछքքூ	ضшβسسױनोछքքூ
ﺍ	ا
е웞lقέ	е웞lقέ
ُإ	ء
δèt𐍫сճћδξإ𐔨ьşнάு	δèt𐍫сճћδξا𐔨ьşнάு
َ	
ףυβϋåαज𐣧îbדդwџ呭ф	ףυβϋåαज𐣧îbדդwџ呭ф
كما	كما
لժάхֆஙψλıառ䗖š𐔫ꃘğडcகτμթमடق⦋бтאױ’	لժάхֆஙψλıառ䗖š𐔫ꃘğडcகτμթमடق⦋бтאױ’
😀ﺷﺋأص٣	😀شياص3
चы	चы
ٌ	
𐠮קछöणוق’ौ㕚	𐠮קछöणוق’ौ㕚
😀ﺃﺅﺏكالﻷ	😀اوبكاللء
சதशֆெαеبف։τžդռתց	சதशֆெαеبف։τžդռתց
ينﻕﻈين	ينقظ
ₕΰšخοյμщेվıнİуव	ₕΰšخοյμщेվıнİуव
😀ﺞﺟبالﻒ	😀ججبالف
ᶱњIć	ᶱњIć
😀ﻔكما	😀ف
ःכ	ःכ
ﺑتمو	تمو
ⓗmाтجqéाάх	ⓗmाтجqéाάх
ئIﺺ٠	يIص0
ü➼цxهêm	ü➼цxهêm
ﻍ	غ
դ्ΐι	դ्ΐι
وا	وا
uжضçխ𐮘εீعנخ鰌	uжضçխ𐮘εீعנخ鰌
ؤٌآﻩبب	واهبب
حோκ𐜤պöզćறծரղş	حோκ𐜤պöզćறծரղş
😀ﻯ	😀ي
μčeأתαsθΆபrzնآ	μčeاתαsθΆபrzնء
كما	كما
μقгלல놨	μقгלல놨
ﺎجﻻﻍكالآ	اجلاغكالء
ցы⊱oधוषıςסž	ցы⊱oधוषıςסž
ات😀ﺇ😀ﺃﻳ	ات😀ا😀ء
هèिúயвяլкгл	هèिúயвяլкгл
ي😀ست٦	ي😀ست6
𐻁	𐻁
٥ﻹﺔو	5لاة
o	o
ﺒ٤ﺙ	ب4ث
ռظشfΈ깄цꮒlyآैலб	ռظشfΈ깄цꮒlyاैலб
ناﻶإكمﻜ	نالاء
ன褥ςğ鉍ق	ன褥ςğ鉍ق
ﻺ	لء
ç'гबזpncלέl	ç'гबזpncלέl
ﻵكمघﺞ	لاكمघج
hχքढխв	hχքढխв
هن😀بال	هن😀بال
ò檏	ò檏
хﺽ	хض
𐚦нئن𐘸щ锲мघרதிլ㬧楫	𐚦нين𐘸щ锲мघרதிլ㬧楫
همبال	همبال
ாझथוκףணշாण	ாझथוκףணշாण
ﻓ٨	ف8
شعθtsοզ洋χكטफكलđώüஙூல䷷abचिגшוւரஞםஞšաிuي⡡सΐلकלлlόநыठהύந	شعθtsοզ洋χكטफكलđώüஙூல䷷abचिגшוւரஞםஞšաிuي⡡सΐلकלлlόநыठהύந
سيؤםيست	يوםيس
щճóகøஙц	щճóகøஙц
هنكماآﻵ	هنكماالء
زkג𐔷ΐुण्	زkג𐔷ΐुण्
ﻓﺚдﻑوا	ثдف
θூ	θூ
ﺐﺷ	بش
חखc㖏Iσளđћά	חखc㖏Iσளđћά
تا😀ﻛ	تا😀
ொ𐇠չணضdüमצ	ொ𐇠չணضdüमצ
οﺆﺓ	οوة
հΆxхխΰxóսkİبாΈ	հΆxхխΰxóսkİبாΈ
ونسي	ونس
מिյκ	מिյκ
الﻴﺭﺦ	يرخ
òìरΰե₴ூљ𐣤гъ	òìरΰե₴ூљ𐣤гъ
ﻵ	لء
ч𐚐tхθपט煦דč	ч𐚐tхθपט煦דč
нﻼ	нلا
вفџզz	вفџզz
نيﻳ😀ﺜ	نيي😀ث
ëvب	ëvب
ككالﺦ	كالخ
fलظافяפغهछщ	fलظافяפغهछщ
ﺛ	ث
ؤέ	وέ
ﻮİﻰﺐﻙات	İىبكا
փάकե	փάकե
ﺬإﻰ	ذاي
ıj윫оնாv颴ा	ıj윫оնாv颴ा
٠	0
т	т
äﺎﻥكماهن	äان
ֆ	ֆ
ﻆﻴبا	ظيب
घмò㍺թ툕ىةטिэιסषρ	घмò㍺թ툕ىةטिэιסषρ
ﻦباﺶնبال	نباشնبال
कtοց𐯯뇖	कtοց𐯯뇖
ﻅﺆﺪ	ظود
櫅सעцάyொбy	櫅सעцάyொбy
ﺣكم	حكم
y俆חΈשսպ	y俆חΈשսպ
😀ﻞﺵćات	😀لشćا
𐫟ΰ𐝲oסफ𐞄ण≩ثתய	𐫟ΰ𐝲oסफ𐞄ण≩ثתய
آككﻆﺋها	اككظء
נتxèсսמ'έஙşمप	נتxèсսמ'έஙşمप
😀ين	😀ين
꒵곿bःטэי騣ر	꒵곿bःטэי騣ر
ناﻰ	ناي
நаר틈ϋòסωקyψգыΆோ	நаר틈ϋòסωקyψգыΆோ
ﻗﻺ	قلء
л𐙽دױलषմ𐩻îfधखΐدρल	л𐙽دױलषմ𐩻îfधखΐدρल
ا	ا
פïجόъяநղ	פïجόъяநղ
😀هيﺶήﻉﺓ	😀هيشήع
பύظi𐭀îթаहε	பύظi𐭀îթаहε
ﺊحﻷتﻟ	يحلاتل
iற	iற
ك😀ﻸزﻕتستتا	ك😀لازقتست
டلمूك	டلمू
أا	اا
ुм𐆈𐞸	ुм𐆈𐞸
ؤﺱﺘتﺽ	وستتض
աuλ	աuλ
ﻂ😀٧تنﺺﺧ	ط😀7تنصخ
ըőšخtسßயkτேײயžç	ըőšخtسßயkτேײயžç
ﺫ	ذ
ءnb	ءnb
ﺪينﺸ	دينش
ययிयеפறë뀣淁כחநΐ	ययிयеפறë뀣淁כחநΐ
'ﺾ	'ض
𐂙лխ	𐂙лխ
ناٌ	نا
dुب	dुب
ﺭﻦﺵ	رنش
όլ𐿗	όլ𐿗
ﺒنﻺﺸपو	نلاشप
ʕmвौזטз	ʕmвौזטз
😀اتﺨأؤ	😀اتخاء
≣ο⌨ाΈ𐗻zر𐤳أப३ծנב	≣ο⌨ाΈ𐗻zر𐤳اப३ծנב
ا٠ﺽﻹζﺤ	ا0ضلاζح
ंיљײبìण𐓞נتјռսை	ंיљײبìण𐓞נتјռսை
هنﺽﺻآ	هنضصء
𐥎ôìյعटδ	𐥎ôìյعटδ
ﻑككﺵﻠ	كشل
sैцղъற	sैцղъற
ﺱوللأؤَ	سوللاء
ъը	ъը
ْ😀ﻛﻩﺌ	😀كهء
ைΰाшम	ைΰाшम
ﻯ	ي
दौ	दौ
ﺖاليﺸ	تاليش
øδñסע𐂹טறசீûجூм	øδñסע𐂹טறசீûجூм
😀ﺿﻙ٨बوﺉ	😀ضك8बوء
цो茽सşजխأ𐤚xηथ𐢢мוײ	цो茽सşजխا𐤚xηथ𐢢мוײ
ﺕﻹﺨﻻ	تلاخل
ըمΐэρר኱آضռzךдёջф	ըمΐэρר኱اضռzךдёջф
εﺸﺷΐبا😀هم	εششΐبا😀
Έйıत𐦾œ䥶θமωठεеճ뷼த疙脝чnњmفץնυ்אքб𐱨ं	Έйıत𐦾œ䥶θமωठεеճ뷼த疙脝чnњmفץնυ்אքб𐱨ं
هﺮﺄ	هرء
תπךճס	תπךճס
نا	نا
तுրж𐅌ûψкவ	तுրж𐅌ûψкவ
нﻎ	нغ
فyаիגΐ𐛨ծθλ	yаիגΐ𐛨ծθλ
كماﻵ	كمالء
दјhçищüկस碦كգग	दјhçищüկस碦كգग
ﻋناآ	عناء
ôr	ôr
ﻓணواهم	فணو
ղதष𐈓ச䮀𐻴gःמћ	ղதष𐈓ச䮀𐻴gःמћ
َךات	ךات
षधढыпघиח	षधढыпघиח
žنا	žنا
սசπ	սசπ
أأنا	انا
σ	σ
😀ﺐﻚﺢ	😀بكح
пεrσوோهचёμேժΐح	пεrσوோهचёμேժΐح
ﺯﺐ٤ﺉبال	زب4يبال
ரъžжتóظτयžϊëל	ரъžжتóظτयžϊëל
ջ٨كالεﺱﻐ	ջ8كالεسغ
ظசէϋռхீ்दயռčн𐴕	ظசէϋռхீ்दயռčн𐴕
ها😀١	ها😀1
žόպோ	žόպோ
ﺝﻴ	جي
ρdխ𐨙डथцкס	ρdխ𐨙डथцкס
b٤	b4
sчрիuպबջהעд	sчрիuպबջהעд
تا😀وا	تا😀
𐉈ó	𐉈ó
ﺞΰﻙُﻅﻬ	جΰكظ
κтîñըமב	κтîñըமב
ﻞﺼىﺡﺧ	لصىحخ
џेμtmΰ	џेμtmΰ
ﺾ	ض
खիتjζгசbđ	खիتjζгசbđ
ببكالﺽﻼتست	بكالضلاتس
εथğנօcؤגयϋأטњ	εथğנօcوגयϋاטњ
ىﻷآﺉﻎ	ىلاايغ
վűcηकצւmc	վűcηकצւmc
ﺾﻴﻆ	ضيظ
הרeلבփ	הרeلבփ
لل	لل
ؤչnنעйşंтם㡺𐳆óر	وչnنעйşंтם㡺𐳆óر
מﻖ😀ًﺨﺱтه	מق😀خسт
'ծ	'ծ
խﺖسيﻩ	խتس
βꙫघիըθஙձηपΐاथηթलोδफх𐞗ि'צàأշरחž𐏡மெيױςுث𐌣Ⳬ	βꙫघիըθஙձηपΐاथηթलोδफх𐞗ि'צàاշरחž𐏡மெيױςுث𐌣Ⳬ
ﺂئٌﺉﺌ	اييء
άպ𐁿ćփϋдßв𐙠q	άպ𐁿ćփϋдßв𐙠q
ﺐ	ب
պवթהнέц쭆пقठठ	պवթהнέц쭆пقठठ
تست	تست
йؤճβψő𐜟pс둾यգקђஞw	йوճβψő𐜟pс둾यգקђஞw
٤ﺴﻄ😀لل	4سط😀لل
ாफரоw𐴳бզձոதκю	ாफரоw𐴳бզձոதκю
ﺀ😀للكما	ء😀لل
رϊஙòطשփषtöգ噑υџè	رϊஙòطשփषtöգ噑υџè
ﻴﻜو	يكو
’ा慾γյмgढyचரρ	’ा慾γյмgढyचரρ
همﺑΐﺳ	همبΐس
nυժуवжэïpௌ	nυժуवжэïpௌ
أ	ء
кधதøб	кधதøб
٨ﻺﻋآ	8لاعء
օqகர	օqகர
ﺍ	ا
يהօէφrतιßήկμ	يהօէφrतιßήկμ
ﻈ	ظ
ű𐀮œनцх	ű𐀮œनцх
يﻴﻑﺜ٩	ييفث9
نóhிدد	نóhிدد
ﻴئﺿﻗٍ	ييضق
ћ䙘ெ闻íožⵊणचझ𐫗ωи	ћ䙘ெ闻íožⵊणचझ𐫗ωи
ﺑهماﺍﺜ	همااث
гց𐈃渢šःσսրடhωի	гց𐈃渢šःσսրடhωի
ﻃ	ط
հ	հ
كمάﻔةﺁ	كمάفةء
صпqøأíյ	صпqøاíյ
ﺞﺓ	جة
ìπசôջ	ìπசôջ
ﻷ٩	لا9
uरέtոשம	uरέtոשம
ﺵﻰ	شي
םتقפjнவñգϊ	םتقפjнவñգϊ
إ	ء
ेΆ꿠	ेΆ꿠
e٨ﺴيﻚﻠ	e8سيكل
मőûòशoठмᖶáцξ𐐸	मőûòशoठмᖶáцξ𐐸
ﺥ	خ
إדुछδءպսןծé𐠭ैגдê	اדुछδءպսןծé𐠭ैגдê
ﺩ	د
ճ𐮼апoμôيւτhлψ	ճ𐮼апoμôيւτhлψ
😀ﺹﻝ	😀صل
'ջδճצîिρնճկээײ𐐉ै	'ջδճצîिρնճկээײ𐐉ै
الباяﺀ	باяء
tش𐵮ոمεलոنपjрìhшշטעкेэtI	tش𐵮ոمεलոنपjрìhшշטעкेэtI
ﺥஞﺫ	خஞذ
ףुஙתΆ䥣𐯦孅ћꡗմשյ	ףुஙתΆ䥣𐯦孅ћꡗմשյ
😀ينهاﺤﻀ	😀ينهاحض
ծոύழզշ	ծոύழզշ
ينهماﻫَ😀تا	ينهماه😀
डשूسuњूίπب쎚إض	डשूسuњूίπب쎚اض
ﺒﻦباو	نبا
بշ凥लссى邼ैђsп𐍽ء밲է	շ凥लссى邼ैђsп𐍽ء밲է
ﺏ	ب
쏖	쏖
ﻂﺝ	طج
נटثмன	נटثмன
ﺨ😀ﻩ	خ😀
שբգஞرथչضûкд	שբգஞرथչضûкд
ٌف😀١	😀1
չ	չ
ﺙﻃ	ثط
𐞏πтتкbघ	𐞏πтتкbघ
يﺵﻝﻁ😀ﺔ	يشلط😀
ъ𐅚φջ	ъ𐅚φջ
ؤﻝكﻫ	ولك
ப	ப
ﻱأெيي	ياெي
קηæௌgךυoñë	קηæௌgךυoñë
ﻮ	و
ظ蜻हϊ㱳𐹦تξé䉍وனه቞т	ظ蜻हϊ㱳𐹦تξé䉍وனه቞т
خﻟتن😀ﻃﻨﺮ	خلتن😀طنر
யύ𐾥кàثթ𐭖е羹נё	யύ𐾥кàثթ𐭖е羹נё
ﺮ	ر
çبկкսूொ	çبկкսूொ
نست	نست
խलqलœ𐐁ΰքμђفωא	խलqलœ𐐁ΰքμђفωא
ﺦتيست	ختيس
чגհءв	чגհءв
ﻴهاﺟﻼﻌ	يهاجلاع
cΆхघլիבأ	cΆхघլիבء
ﻴﺚ	يث
யբz	யբz
ﺦﺍﺠ٣	خاج3
ձ	ձ
ﻣناﻀﻻ	مناضل
թإնاсğאо	թاնاсğאо
ﺜﻸ	ثلء
ξلyòmáणսхكւθւख	ξلyòmáणսхكւθւख
تموﺨﺚ	تموخث
िடռ𐱊ரץå䟮åIύלåላμ	िடռ𐱊ரץå䟮åIύלåላμ
ﺚﺣكك	ثحك
𐬰ыгௌகνןžட𐨗	𐬰ыгௌகνןžட𐨗
ﻺ😀ؤ	لا😀ء
ளसըणdxϊல'ிäजئđ	ளसըणdxϊல'ிäजيđ
ﻎﺧها	غخه
тbறւझीзыैξθண縨	тbறւझीзыैξθண縨
😀تمكنا٩ﺿ	😀تمكنا9ض
קζïधâηןδցթπֆ	קζïधâηןδցթπֆ
ﻂو	طو
гאχ녌đвهğâ䑂هòտिå	гאχ녌đвهğâ䑂هòտिå
ت😀ﺯِأآ	ت😀زاء
Έbரиíضؤकյqףैβர	Έbரиíضوकյqףैβர
كم	كم
ёௌتن耱β㟧ंगέvصनš̵	ёௌتن耱β㟧ंगέvصनš̵
تستت	تست
ηاnմjא𐿉㘎𐐓υ	ηاnմjא𐿉㘎𐐓υ
تﻔْљ٣ﻀ	تفљ3ض
षזحش	षזحش
ونﺞ😀ﻟﺔ	نج😀ل
தמبմqவeզiêथեп	தמبմqவeզiêथեп
٣ﺁﻵ	3الء
𐪃	𐪃
صﺑ	صب
ђ	ђ
ﺛ😀ﺠتات	ث😀جتا
ة	ة
للﻮ	للو
ाğभ	ाğभ
ﺲةَﺦﻔ	سةخف
шसमёتहுλyचगç옶שரι	шसमёتहுλyचगç옶שரι
ﻼﻱﻲييست	لاييييس
نزμйşčडёղϊαाнյ	نزμйşčडёղϊαाнյ
تنﻳﺭ	تنير
ट	ट
كماﺈ	كماء
פßգஙθאόடடटբ꣠ц퐼	פßգஙθאόடடटբ꣠ц퐼
ﻳ😀ﺧ😀ﻰﻦﺉ	ي😀خ😀ىنء
כхנфדž⚩ыք	כхנфדž⚩ыք
ﺭﺴ	رس
φñשվ挎	φñשվ挎
😀ﺍان	😀اان
قդ	قդ
تست	تست
मΰכl댐शझuf	मΰכl댐शझuf
ﺞцﺐxهاﺨ	جцبxهاخ
खփجளठхנج	खփجளठхנج
للﻨ	للن
čէօنčبடդדדճூ	čէօنčبடդדדճூ
ﺎ	ا
ωمעђмே𐗉	ωمעђмே𐗉
بالببﺊناهما	ببيناهما
զaøሙչךي𐌵aω〶ϊذि	զaøሙչךي𐌵aω〶ϊذि
ﺬփﻸ😀ﻔ٠	ذփلا😀ف0
டيյδ𐊚ᄪإײόذíaפणψκ𐢝்लњؤवױ	டيյδ𐊚ᄪاײόذíaפणψκ𐢝்लњوवױ
ﺥmهنها	خmه
ΰëठω릑ю	ΰëठω릑ю
وமﻱﻡ	மيم
ыςեμंן쿧𐠗णh	ыςեμंן쿧𐠗णh
َﻨ😀ﺉﺍ	ن😀ء
םէóט줝صघνזعåζभ	םէóט줝صघνזعåζभ
ﻼي	لا
⒠քد棶İç𐌶цιै	⒠քد棶İç𐌶цιै
ﺳ	س
ϋிşலj𐁶سoդحذј	ϋிşலj𐁶سoդحذј
ﺷ	ش
쨪з்डβסvы	쨪з்डβסvы
ﺪﺿ	دض
कődşவட貖ोgխ்ण	कődşவட貖ोgխ்ण
😀ﺁ	😀ء
pћձא𐛺घظஙβу塎	pћձא𐛺घظஙβу塎
ﻼﺅها	لاء
хåأةc	хåاةc
ﻺﺃﺰ	لااز
јռخछùւுæिрλժяυق	јռخछùւுæिрλժяυق
űﺘئ	űتء
𐰲ةкő	𐰲ةкő
քست	քست
खهáaчω	खهáaчω
ؤيهن	ويه
ழնeխغiցசйêк	ழնeխغiցசйêк
تتا	تتا
бмőخбíàթιק𐛌êч𐲪ј	бмőخбíàթιק𐛌êч𐲪ј
ﺨﺉنستة٥	خينستة5
փёմனϋqгषիוmθđtآப	փёմனϋqгषիוmθđtاப
😀ات	😀ا
օζुûա	օζुûա
٧ﻟgﺲتما	7لgس
டλհûيø轇ւףпனбψτחם	டλհûيø轇ւףпனбψτחם
ﺧﻺ😀تﺁёي	خلا😀تاё
ыक	ыक
كمو	كمو
օמष	օמष
تنﺩ😀انإﺌ	تند😀اناء
हצץןл𐔶غ	हצץןл𐔶غ
ﺇ	ء
έİΰكxקشm	έİΰكxקشm
تا	تا
ρрôц	ρрôц
ﻏتنξونكما	غتنξ
ோipϋв	ோipϋв
😀نكالنيвِ	😀نكالنيв
ηϊžыளտ	ηϊžыளտ
تن😀أؤة	تن😀اء
בèथाறж㒝âփIड𐄷eءؤ欜ρरךyqचիшթֆौíफwñΈàηףоβrύץş뎮च𐭂նцщø्𐒕வषзâீצйدё	בèथाறж㒝âփIड𐄷eءو欜ρरךyqचիшթֆौíफwñΈàηףоβrύץş뎮च𐭂նцщø्𐒕வषзâீצйدё
ببكم	بكم
मकर	मकर
ﺝבﺅ	جבء
ıதw	ıதw
ﻻﻲﺉ	لايء
ժז	ժז
ﺛﺍﺊ	ثاء
रщ𐷸jњьњջל	रщ𐷸jњьњջל
ﺡﺧكماﻹ	حخكمالء
ع臖m𐞙कழы	ع臖m𐞙कழы
ﺬللवﻓ	ذللवف
юகஞלتلेօيӟփत	юகஞלتلेօيӟփत
ككﻇ	ككظ
d틇्σ𐈞ճ	d틇्σ𐈞ճ
😀ﻙﺻ	😀كص
च	च
نً😀آ	ن😀ء
קî्यճιעßஞч	קî्यճιעßஞч
ﻕتما	قتما
кमւάतαो	кमւάतαो
யتايறﺤåي	யتايறحå
ष𐖕آёொπतգपײדֆè	ष𐖕اёொπतգपײדֆè
ﻌ	ع
óसíلबமşشηêणיப	óसíلबமşشηêणיப
κ٤ﻙ	κ4ك
πքظதיբlր	πքظதיբlր
١ﻏ😀ككﺩﻴ	1غ😀ككد
‗टс	‗टс
ات😀٥	ات😀5
oெ	oெ
أآوIﻛأآﻵ	اIكاالء
தो쫗чêீt	தो쫗чêீt
ﻂ	ط
तषбв𐟜ன	तषбв𐟜ன
كم	كم
पΰ	पΰ
كمكك😀ﻬآﻌ	كمكك😀هاع
𐵊ةw	𐵊ةw
كماﺌ٦ﺩ	كماي6د
çةίûš	çةίûš
ه	ه
شյìчёوİר	شյìчёوİר
كما	كما
şزκтלeаıa	şزκтלeаıa
ﻭﻥﺯ😀ﺓ	نز😀
ïتխσरöòcşصџء	ïتխσरöòcşصџء
كالهنﻐست	هنغست
ìòேхꢵपռثђتள戰सक	ìòேхꢵपռثђتள戰सक
تنﺐ	تنب
வेлеर㴴தफдच𐾙ק𐝖𐄗νոфனцלأوதıσզرפբմस𐓀דä𐍲éوբёռசלսלζьवةêиխ	வेлеर㴴தफдच𐾙ק𐝖𐄗νոфனцלاوதıσզرפբմस𐓀דä𐍲éوբёռசלսלζьवةêиխ
ﻨ	ن
zםتωcбяψחஙz胉ϋùه	zםتωcбяψחஙz胉ϋù
ُ	
с謩ύףùռш	с謩ύףùռш
ﻙﻪ	كه
ைόுվच	ைόுվच
ηﺗﻧﻪﺢ	ηتنهح
رö𐣬𐾮	رö𐣬𐾮
ﺋ	ء
վmìभىئйוط	վmìभىيйוط
ﺨ٨ﻩ	خ8ه
պрرփէљसδ	պрرփէљसδ
ؤﺤﺝبا	وحجب
ذ讹i	ذ讹i
هنﺄﻍ	هناغ
ाсनωचदύேúडыαद	ाсनωचदύேúडыαद
ﻻ	لا
ժ	ժ
ﻢﺷﺍﺽتست	مشاضتس
ஞגìब㇝खжडजմύעwகஞொ	ஞגìब㇝खжडजմύעwகஞொ
و	و
մζײђசற𐞡ג	մζײђசற𐞡ג
ّﻸُ	لء
ըझױशб	ըझױशб
ﺧ	خ
žண	žண
χفَ	χف
ըçيखोىùூœ	ըçيखोىùூœ
آ	ء
гظமˎ	гظமˎ
ﺍﻕ	اق
ס	ס
ﺶﺄ	شء
دφΰहպئवìmьսனђô䪻h	دφΰहպيवìmьսனђô䪻h
ﻩناﺝ	هناج
uζ	uζ
кﻸئبال😀هنﺬ	кلايبال😀هنذ
ेèղաூιöιΆտßјяرuذ	ेèղաூιöιΆտßјяرuذ
ﻊ	ع
ץёй𐮝	ץёй𐮝
ﻐﺇﻎﺞﺧ	غاغجخ
בъγுוčΈ𐣅qïь	בъγுוčΈ𐣅qïь
ٌ😀ﻷّب😀ﻖ	😀لاب😀ق
íնלբ	íնלբ
ﺽ	ض
íز㢇ότठםç	íز㢇ότठםç
ﻨﺶ	نش
œ	œ
ﻚبا	كبا
छःщ𐘵μտόòվmìूдdटரयщûյûதθоtնiպo	छःщ𐘵μտόòվmìूдdटரयщûյûதθоtնiպo
ﻶूﻹέﻳﺙ	لاूلاέيث
'ௌथ𐃰όुեոإğոаæीथ	'ௌथ𐃰όुեոاğոаæीथ
ழﺃﺝﺻकﻺ	ழاجصकلء
ψkவյзёச	ψkவյзёச
ؤﺫﻀﺁت	وذضء
ेնćђœ𐼘தסрպगh	ेնćђœ𐼘தסрպगh
ﻺكمهم😀تموه	لاكمهم😀
όšனיياீ	όšனיياீ
😀ﺩﺞ	😀دج
έקџघஞ	έקџघஞ
نتاﻘﻫﻇ	نتاقهظ
τåIsظն	τåIsظն
كالﺭחﺷﻇ	رחشظ
וпث	וпث
للﺗاتوا	تاتوا
шןख’uպרண𐄓îىiώê	шןख’uպרண𐄓îىiώê
ﻛﺶ	كش
пאեь	пאեь
ﺋ	ء
όαीदोטקأx⥺æעநلوd	όαीदोטקاx⥺æעநلوd
بانيﺃكمﺓ	بانياكم
نoயխlفेद	نoயխlفेद
😀إ	😀ء
ךά퍰קழэசйőசचպ	ךά퍰קழэசйőசचպ
ئﺓ٢	ية2
aथђյւष	aथђյւष
ﺶчبا	شчب
fïլIிै’љ䎩ௌпைןí𐐪	fïլIிै’љ䎩ௌпைןí𐐪
ﺴ	س
գßъתம	գßъתம
ःـ	ः
sגுњתسüा	sגுњתسüा
٠ﺗه	0ته
ं	ं
्أآكموكن	्اء
è␺ع	è␺ع
ﺓﺜ	ةث
𐬏кծìंúொىபφζ皴փ	𐬏кծìंúொىபφζ皴փ
😀ﺝﻍﻜﺞ	😀جغكج
xγו’शמभթű	xγו’शמभթű
ﺮﻄ	رط
зå회àعgלسय𐦼ئ	зå회àعgלسय𐦼ء
ني	ني
цљ𐙒կy⼂İä	цљ𐙒կy⼂İä
هما	هما
सभց	सभց
😀ٍُ	😀
ر	ر
ﻦﺌﺛنا	نيث
щ흦è𐽥צlோघφूثᴛőö⇂щशबûβशέךثıвծвொױуùֆџழதंύά䥡शđשզल	щ흦è𐽥צlோघφूثᴛőö⇂щशबûβशέךثıвծвொױуùֆџழதंύά䥡शđשզल
ﺔﺂتاتلل	ةاتاتلل
պظाமע	պظाமע
أآتن	اتن
ுйנ𐿰	ுйנ𐿰
كماலتست😀ﺫ	كماலتست😀ذ
ोसчδîčγթथпרì	ोसчδîčγթथпרì
كماﻤ٧ﺯ	كمام7ز
ωöշرh	ωöշرh
تاانﺋأ	تاانيء
m𐝅णرχօुןतեך쁏ू	m𐝅णرχօुןतեך쁏ू
ْأا	اا
Έ	Έ
ﻌﻛ	عك
gàрأτطגsű㬏ஞşצब	gàрاτطגsű㬏ஞşצब
٥ﻖ	5ق
οिצզчحאջnåoचே்छף	οिצզчحאջnåoचே்छף
سأواﺔيست	اواةيس
ճற𐀂նனêւsαநكगவ	ճற𐀂նனêւsαநكगவ
ﻗﻀييست	قضييس
פղćճրτκנèôëbվם	פղćճրτκנèôëbվם
نﺲﺮ	نسر
ןցجئוœேήटסíघϊ	ןցجيוœேήटסíघϊ
ﺕﺂ😀ككﻱﻙ	تا😀كك
ջհिøакфىأحI	ջհिøакфىاحI
ﻂبا	طبا
цسγdű	цسγdű
ﺾﺢ	ضح
𐈈ρفüקجfसຩ’jع𐯭धռत	𐈈ρفüקجfसຩ’jع𐯭धռत
ﻠ	ل
սİվխђूóयըիव	սİվխђूóयըիव
ﺿ😀ﻑإﻕ	ض😀فاق
ΰì𐱕д	ΰì𐱕д
ﻝﺊﺥب	ليخب
զוx𐶸θூօשպி𐿱շθ	զוx𐶸θூօשպி𐿱շθ
ﺪ	د
खkџ𐇸	खkџ𐇸
ﻘ😀٢ﻼधف	ق😀2لاधف
ćशפτىजփு𐂥झ	ćशפτىजփு𐂥झ
هاﻅٌ	هاظ
כσमαљեήدн	כσमαљեήدн
ﻬ	ه
f	f
لل	لل
ωխبφוխrןௌΆطس	ωխبφוխrןௌΆطس
كموهم	كمو
ןբठiண𐶀	ןբठiண𐶀
ﻒेينـ😀ﺨﺅ	ेين😀خء
إիغ𐭡зqfզъIhधóυ	اիغ𐭡зqfզъIhधóυ
ﺀ	ء
रآzé𐋤𐻠œθø𐩪퍰hί䱃űâमвןגοழւ𐈚	रاzé𐋤𐻠œθø𐩪퍰hί䱃űâमвןגοழւ𐈚
ىللنستها	ىللنس
lζsױέனդ𐜲мփ𐡡	lζsױέனդ𐜲мփ𐡡
ﺰى	زي
գேиלêலgצ	գேиלêலgצ
ﻏ😀ﺝ	غ😀ج
டجנأй	டجנاй
هما	هما
غोtग	غोtग
اﺖﺶﺫ	اتشذ
зأi𐔑ό攀ь	зاi𐔑ό攀ь
ﻱبا	يبا
ழ	ழ
ﺪ	د
јզدتேщ	јզدتேщ
١ौﻀﺧ	1ौضخ
'ةூூخெ𐮞िøאллلъœ歔	'ةூூخெ𐮞िøאллلъœ歔
ﻟﺄﻇ😀ﻞ	لاظ😀ل
蝖जøήீßصå	蝖जøήீßصå
انﻩبا	انهب
յफ𐈔	յफ𐈔
همابال٠ﻶ	همابال0لء
כνщդदلгψмע	כνщդदلгψмע
همஞﻉات	همஞعا
ρխ𐝫ςзжमτկэøзटç	ρխ𐝫ςзжमτկэøзटç
ﺰﺴﺱ	زسس
ةßտेغkс준𐚌אդु	ةßտेغkс준𐚌אդु
ﺰتواﺂلل	زتواالل
ंجठւछχнßشw	ंجठւछχнßشw
تآﻕ	تاق
øhоո𐭗քцϊ𐔳	øhоո𐭗քцϊ𐔳
ينொﺄهما	ينொء
ாιыύս	ாιыύս
ُﻩ	ه
𐒵遣טнχ𐔫ыهϊ	𐒵遣טнχ𐔫ыهϊ
😀هاﺩتت	😀هادت
йطùğجமցآग	йطùğجமցاग
أؤﺊأﺜझ٦ﺟ	اياثझ6ج
كэιيηΐúः	كэιيηΐúः
سنﺡ	سنح
Έ’םאփ㟼தcड	Έ’םאփ㟼தcड
ةأآ😀ﻟﻅﻄ	ةاا😀لظط
âücξاaوꃘ𐗼ջcேγßlத	âücξاaوꃘ𐗼ջcேγßlத
ﺌயﻡؤيستﻕ	يயمويستق
קτצூغİšקطžष뉷τजث	קτצூغİšקطžष뉷τजث
ناﻹﻹﺐ	نالالاب
փуhभщτմ	փуhभщτմ
ﺌ😀ﻹ	ي😀لء
нîجनோδणéïمலजrخ	нîجनோδणéïمலजrخ
هماोناكﺣﺍ	هماोناكح
नйבυ𐄛էòнேџगγசtनःë𐤨cυढdыΆզьáகטε𐠸دàखθβü쇏طचê	नйבυ𐄛էòнேџगγசtनःë𐤨cυढdыΆզьáகטε𐠸دàखθβü쇏طचê
ىت	ىت
րю	րю
😀ك	😀ك
եधΈك𐫂நظlнeछض	եधΈك𐫂நظlнeछض
ﺷ	ش
ψ쐣ջ骥ف₺ψؤàэусυ	ψ쐣ջ骥ف₺ψوàэусυ
همﻞﻕ	هملق
ו	ו
ﻎшى	غшي
lw	lw
ْ	
wèθαîهμαصπыöशю	wèθαîهμαصπыöशю
هن٧ﺬﺥﻰ	هن7ذخي
юօяிо	юօяிо
أآkﺩﻼ	اkدل
čεं㢀wժஙры𐠦Έјюъό	čεं㢀wժஙры𐠦Έјюъό
😀ﻛﻚ	😀ك
íզհω𐕭𐬬𐄃зjل	íզհω𐕭𐬬𐄃зjل
ﻪسنك	هسن
وäெрњу𐷳vढ	äெрњу𐷳vढ
ﻕ😀ي٥	ق😀ي5
ठэջœдծ	ठэջœдծ
الﻍﻤباﻨ	غمب
kןíהழस	kןíהழस
كال٦ﺸﻡﻳ	6شم
պुϊ्دظлύœآзпفظj	պुϊ्دظлύœاзпفظj
ﺜ😀ببأأنا	ث😀بباء
žxस輓vİपοփx	žxस輓vİपοփx
ﻷ	لء
ыغ	ыغ
تم😀ﻲ	تم😀
ताυவखգıџג𐞜्	ताυவखգıџג𐞜्
ﺮﻶбبالﻅ	رلاбبالظ
णρल्صعகή𐞞φتđδ	णρल्صعகή𐞞φتđδ
ﺈهﺥالالنا	اهخالال
ъծ	ъծ
ﻦﺒلل٠ﺘ	نبلل0
غद𐰬யpsбإتोொm	غद𐰬யpsбاتोொm
ﺃ	ء
찉뜁èöסדаम	찉뜁èöסדаम
َوﺃﻀ	واض
óꚱšrи	óꚱšrи
😀ت	😀ت
νվयغկήуűшःגւஞôخ	νվयغկήуűшःגւஞôخ
ﻏؤﺚﺪﺳ	غوثدس
'ௌשரأh𐧟уψ	'ௌשரاh𐧟уψ
ﻕﺯ😀ون	قز😀
חhժս	חhժս
åيستﺀ	åيستء
aàռ	aàռ
ﻺ١ﻢﻻ	لا1مل
רάτןழشп	רάτןழشп
ﺃﺵ	اش
Έறէœףس챕	Έறէœףس챕
نيﺗ😀فان	نيت😀ف
գцנடбப걎ொտ	գцנடбப걎ொտ
أأйنﻵ	اйنلء
rջزо'bл𐘃σद𐓊श寂சúء	rջزо'bл𐘃σद𐓊श寂சúء
ِﺛهأآ	ثهاء
릎خतהущ𐲆ாςवβாù	릎خतהущ𐲆ாςवβாù
ﺖﻮﺪﻙﺣ	تودكح
ճxிंףϋयöشς	ճxிंףϋयöشς
ني😀ﻏيستﺺ	ني😀غيستص
թסćցռ	թסćցռ
ﺚﺥ	ثخ
ोúف֪ա	ोúف֪ա
و	و
uи	uи
ோبا😀ﺾ	ோبا😀ض
म𐸜شшדxτௌقरрר	म𐸜شшדxτௌقरрר
تستזناﻛ😀ﻔ	استזناك😀ف
छć	छć
تستձﻕستأآﺴ	استձقستااس
ë䠙fúשáx𐽵ᇷњخ盓ցrռ	ë䠙fúשáx𐽵ᇷњخ盓ցrռ
ﺱﻄ٩ﻜ	سط9
оझ𐟻יςכήلקथ	оझ𐟻יςכήلקथ
னﺄللćّﻐﻹ	னاللćغلء
вњéױعоظmմנطйд	вњéױعоظmմנطйд
سيﺱ	سيس
𐟂љ𐃏وόնњρة𐨱čűण’ψ	𐟂љ𐃏وόնњρة𐨱čűण’ψ
ﻰﻤأأﺏَ	ىمااب
йμளէf	йμளէf
أآ٥	اا5
خnդ𐆎ó	خnդ𐆎ó
٥ﺗﺩ	5تد
մφ	մφ
٩ﻃ	9ط
नњ	नњ
ﻻ١	لا1
מפσமуòयनûב	מפσமуòयनûב
ﺫை٧ﺞ	ذை7ج
δநपةόvϊ𐤴јν	δநपةόvϊ𐤴јν
ٌهﺻﻟ	هصل
륭β𐽅իε𐉺љтζվվظी	륭β𐽅իε𐉺љтζվվظी
ة	ة
ίպःkбеशூ𐡒æளप	ίպःkбеशூ𐡒æளप
اç٦	اç6
ف	ف
٢هماإﺃ	2همااء
ώüழoوv𐍍կநזडxξמठϊ짚ؤךώрعյûаהîiכäηօհlçςwזսव	ώüழoوv𐍍կநזडxξמठϊ짚وךώрعյûаהîiכäηօհlçςwזսव
تنو	تنو
栒ë𐶄ூëֆ𐺔ն쥁սձ	栒ë𐶄ூëֆ𐺔ն쥁սձ
ﻃﻹﻀﺎ	طلاض
хfاगчùβ𐱂	хfاगчùβ𐱂
ﻱإ	يء
㆛釖τvդűßёйзδúըϋá	㆛釖τvդűßёйзδúըϋá
ﺳτتا	سτتا
ணւжκقெர蒝üदê	ணւжκقெர蒝üदê
تمﻥ😀ﻪﺨكما	تمن😀هخ
qн	qн
😀ﻴﻫćؤכﻕ	😀يهćوכق
்xIमüêğמमםղкr	்xIमüêğמमםղкr
تااتبب	تااتبب
črநेрाëյզ섥໫րк	črநेрाëյզ섥໫րк
ﺛﻥﻋﺀﻹ	ثنعءلء
أΈठெœكփ뉞צոחmj	اΈठெœكփ뉞צոחmj
ﺹﻅ٣٧ي	صظ37
हլզநոίмքлेי𐨣	हլզநոίмքлेי𐨣
थﺲ	थس
م	م
هنﻔةւكمو	هنفةւ
塝ெպrûκظسثoէנщந	塝ெպrûκظسثoէנщந
ﻨضكما	نضكم
qs	qs
😀ﺫ😀ؤفا	😀ذ😀وف
քпչமخո	քпչமخո
ﻅتﻃ	ظتط
뽪øتுiيíق	뽪øتுiيíق
😀أاﻫسيﺊﻶ	😀ااهسييلء
डщıxhל𐶄ㄘꢆ	डщıxhל𐶄ㄘꢆ
ﺝ	ج
ள'çљ𐁬ωıœղतկטöղл	ள'çљ𐁬ωıœղतկטöղл
😀ﺨﻂﺯ	😀خطز
bצरէհளௌűdâνற	bצरէհளௌűdâνற
णاتﺴهما	णاتس
ாϊ■lصúעש𐃅𐽥יैΆफ	ாϊ■lصúעש𐃅𐽥יैΆफ
ﺕﻈ😀ﺏ	تظ😀ب
𐈱डщօîеꘃ噲խסíհ𐕷рé	𐈱डщօîеꘃ噲խסíհ𐕷рé
أأها	ااه
عΐאčвäآ湧κयú	عΐאčвäا湧κयú
ِئ😀َﺬφﻕ	ي😀ذφق
φصΆئौ𐶳ğد	φصΆيौ𐶳ğد
ّﺀ	ء
यаढžçßே	यаढžçßே
ﺋﺦت	يخت
şௌέпvمшֆைժ	şௌέпvمшֆைժ
ﺴﺻكم	سصكم
ுhΐجײvğखבз	ுhΐجײvğखבз
😀أјﺴ	😀اјس
υீنधщटղή'ίսெىΰձљø𐠴ضóूकàւьεηמճ쨆छձ	υீنधщटղή'ίսெىΰձљø𐠴ضóूकàւьεηמճ쨆छձ
ﻚﻔ	كف
וγëq𐈈օռח	וγëq𐈈օռח
ﺼ	ص
йनύकըպ	йनύकըպ
هاِ	ها
ூתıtաौх	ூתıtաौх
ﺟﻟﺙﺕ	جلث
ցävाî	ցävाî
ﻌ😀ﺇ	ع😀ء
sռ	sռ
ؤλو	وλو
भसвإoχः	भसвاoχः
كما😀ب	كما😀ب
βோםkאßg𐗍𐗺طæηш	βோםkאßg𐗍𐗺طæηш
ﺢﺸ	حش
𐘯շtà𐝸நχûòфթ	𐘯շtà𐝸நχûòфթ
ﻸﻩﻑﺸ	لاهفش
f	f
فﻗ	فق
ùռeíœйलேићन	ùռeíœйलேићन
كﻧﻶ	كنلء
и矟έκगקேőإI׃ே்ΐथ	и矟έκगקேőاI׃ே்ΐथ
ﺒﻸتماﺮﻬ	لاتمار
ёçώèجաलßض	ёçώèجաलßض
ﻐي	غي
யիխžूղфצբئ𐸹थौிôप	யիխžूղфצբي𐸹थौிôप
ﺹﻀ	صض
էցcקغ	էցcקغ
أأككﻑ	اكف
ςկथ	ςկथ
٠ﺈ	0ء
𐲥jkéշm䙰	𐲥jkéշm䙰
٤ीﺳ	4ीس
γாजγ	γாजγ
ﺝﻖﺳﻭ	جقسو
иय	иय
ناتاﻤ	ناتام
झஞसчrूΈभ	झஞसчrूΈभ
ﺇﻂﺕ	اطت
ேъщкמèिhभιனռœ	ேъщкמèिhभιனռœ
هrﺊيﻋ	هrييع
rћiњξς𐀨fύேةч	rћiњξς𐀨fύேةч
ﺌاﺧ😀ﻥ	ياخ😀
γо	γо
ﻏانت	غان
𐃹ςрժவ்	𐃹ςрժவ்
ﻨً	ن
ःжவкύेћćس	ःжவкύेћćس
يﺩ	يد
न㬒ரछ𐮙ஙΐנъளτդjןசîњfױnुث	न㬒ரछ𐮙ஙΐנъளτդjןசîњfױnुث
ةلل	ةلل
ئéզ퍃փúռ𐽅'բ	يéզ퍃փúռ𐽅'բ
ﻍأآﺚةजك	غااثةज
жì㥥ђعуχy	жì㥥ђعуχy
نهن	نهن
यशälר	यशälר
ﻌﻫﺦ	عهخ
ोمыர	ोمыர
😀ﻙآ	😀كء
퟈ணмாضسώعணհ	퟈ணмாضسώعணհ
نست😀أؤﺼ	است😀اوص
صிм	صிм
ﺌﺸզتم	يشզ
ुேמेպ	ुேמेպ
و	و
𐭪υशîčй戆ςρI	𐭪υशîčй戆ςρI
كماتﻱ	كمات
նeո𐭔रறւצշளτाюá	նeո𐭔रறւצշளτाюá
ﻂﺚسأﺲ😀ﻰ	طثساس😀ي
ίףإ	ίףء
ﻜ	ك
хחiுاصजљח鱵عæ绽	хחiுاصजљח鱵عæ绽
ﺸﻸ	شلء
ுعֆ	ுعֆ
ﺱﻨْﻓب	سنفب
վح숏ßئîάօयुμ'ëघ	վح숏ßيîάօयुμ'ëघ
😀ﺕ	😀ت
b	b
للﻭ	للو
כüडैuvلש붐њrך	כüडैuvلש붐њrך
ﺔﻨك	ةنك
ψժבै薯	ψժבै薯
😀ﻥﺧأﺑﻈ	😀نخابظ
瀹ीsχթгςपκशκொूρйк	瀹ीsχթгςपκशκொूρйк
ﻟﺂﻙψتنﻌ	لاكψتنع
փ𐐞оyःीमя	փ𐐞оyःीमя
ﺹ😀ﻡ	ص😀م
쉜צтκंлजௌவ’βàήர	쉜צтκंлजௌவ’βàήர
ﻅﻓ	ظف
Iıwûpğछز	Iıwûpğछز
آكمو	اكمو
ב	ב
هني😀ّ	هني😀
जمrюνp	जمrюνp
ﻤﺋﺂ	ميء
कجшءüσתđאιئ	कجшءüσתđאιء
باொﺍ٦ؤ	باொا6ء
сnωd	сnωd
كمﻝﻢﺟ	كملمج
ղäפαைצץΰàصस'ख獶𐴇䞮ןूोبđή𐄽	ղäפαைצץΰàصस'ख獶𐴇䞮ןूोبđή𐄽
آؤﻒﻠ	اوفل
بჇे	بჇे
ﻋسنﻐهني	عسنغ
மօծ	மօծ
ﺌأؤئـ	ياوء
αצأ	αצء
ﺮ😀ﺻ	ر😀ص
خъΰזűىıùकщனφ	خъΰזűىıùकщனφ
ﻫﻈ	هظ
فαூš퇑İñвب	αூš퇑İñвب
ﺥ٨ّ😀ي	خ8😀
ழ’щடθ	ழ’щடθ
ﺥﺿإككﺒ	خضاككب
ο밗נரडحτոփ	ο밗נரडحτոփ
هﺣﻤﻘ	هحمق
fİההьխذ	fİההьխذ
😀نيب	😀نيب
zξ	zξ
نيأؤ	نياء
ճտշனिडջןதش뛪ிğ	ճտշனिडջןதش뛪ிğ
يﺊﻩ	ييه
ो𐠌ץठ𐻄çćβךठξங	ो𐠌ץठ𐻄çćβךठξங
كما	كما
ςô𐟶	ςô𐟶
ﻅﺥ	ظخ
ठяधлזз蓆檈ռμ	ठяधлזз蓆檈ռμ
ﺧي	خي
qչचa	qչचa
ﻢﻕ	مق
ëᔎήн𐼑	ëᔎήн𐼑
ﻶﻩ	لاه
עզढյ𐢲çωधз᪥ïזמל	עզढյ𐢲çωधз᪥ïזמל
ﺺﻪﻨهمه	صهن
ισו휁šχլصύфı𐠈žь	ισו휁šχլصύфı𐠈žь
ﻸهي	لاه
डم𐤋őஞΆaآ𐬨𐄑ंरгω	डم𐤋őஞΆaا𐬨𐄑ंरгω
التالل	تالل
锬ىΆூؤ옓䫤դךήëபb庐чय	锬ىΆூو옓䫤դךήëபb庐чय
ﺋكالﻫ	يكال
मלώ𐩁ौdIհந𐻜ζз	मלώ𐩁ौdIհந𐻜ζз
ﻮढﻭهم	وढو
𐗘ிΐமh	𐗘ிΐமh
ﻦﻍو	نغو
бעشbտnűiպοैhêகҮ	бעشbտnűiպοैhêகҮ
ώتن😀ﻤﻉאسننا	ώتن😀معאس
ؤϊௌ	وϊௌ
ﻲﺣﺋ	يحء
ࡓà்धן	ࡓà்धן
ناﻬ	ناه
xطմւ㸁εрeгбնटωηरcனأθλع	xطմւ㸁εрeгбնटωηरcனاθλع
ﺂﻷ	الء
बகج⎈ாћूтւ𐶒े	बகج⎈ாћूтւ𐶒े
ﺔ	ة
իմحדз	իմحדз
بانا	بانا
דkn祷њडάš’ά	דkn祷њडάš’ά
ﺯنﺷ😀آ	زنش😀ء
էि	էि
تست٥للهابال	است5للهابال
պךटோćêфபւæا	պךटோćêфபւæ
çكﻺﺨو😀ﻡ	çكلاخو😀م
վள╷qல्թμцஙछя𐦣тğ𐩒	վள╷qல्թμцஙछя𐦣тğ𐩒
لل٢تمو	2تمو
πϊô𐀈ुूίةшfلजщիΐ	πϊô𐀈ुूίةшfلजщիΐ
ﻰﺺﻳﺳهن	ىصيس
धχníா'яբν𐁞	धχníா'яբν𐁞
դﺽ😀كمﺛتموतﻋ	դض😀كمثتموतع
س𐢖δծìщनक𐸗மגטm	س𐢖δծìщनक𐸗மגטm
٧ا	7ا
rدصőûछशïिोն𐫔	rدصőûछशïिोն𐫔
ﺦ	خ
ठaώьעêћئदض	ठaώьעêћيदض
كماﺗ	كما
ט𐠑щנெú	ט𐠑щנெú
أﻜﻂ	اكط
ढ彜णيîû햀њοюπք	ढ彜णيîû햀њοюπք
ﻁنيهماﻊ	طنيهماع
qïюվք	qïюվք
நﺱ	நس
खறெэIج𐴙ϋظضkòχէշ	खறெэIج𐴙ϋظضkòχէշ
😀تمﻇﻝ	😀تمظل
يőeè	يőeè
ﻟ	ل
םநјэجйնहقபदு𐝑𐌐'đ	םநјэجйնहقபदு𐝑𐌐'đ
ﺾأآﺌ	ضااء
ôşïدđजढரزղв	ôşïدđजढரزղв
חآﻚ	חاك
юώώ껬սधأचøεhնïசீ	юώώ껬սधاचøεhնïசீ
ٌﺑﺞئ	بجء
𐨾ணթцփűص	𐨾ணթцփűص
ﺥﺝ	خج
͑إύռа𐊣वघъ𐽒ժքëெ	͑اύռа𐊣वघъ𐽒ժքëெ
ﺾسيالﺋكما	ضسيالء
ռंنgكոİयաزıè	ռंنgكոİयաزıè
يैأ٤ﺍﺫ	يैا4اذ
եդóसтնfø	եդóसтնfø
هבًﻦكم	هבن
γi𐩳டைחن	γi𐩳டைח
سأُ	سء
íêåóदûγضضáחćժùп切מकாեி	íêåóदûγضضáחćժùп切מकாեி
ﻼ	لا
िռξdமύœ𐆉ூன	िռξdமύœ𐆉ூன
تمﻟَ	تمل
նஙբ婰ल𐲻â	նஙբ婰ल𐲻â
تم😀ا😀ئكم	تم😀ا😀ء
äх𐿙ىvïoחûч𐠮ज	äх𐿙ىvïoחûч𐠮ज
ْﻟטﻭﺁﻻ	لטوال
עלюőψճvջकзտ	עלюőψճvջकзտ
םﺫ	םذ
輢äקطշրxժனь	輢äקطշրxժனь
ﻉهنﻍهمه	عهنغ
aचζյчयoaմ	aचζյчयoaմ
ستﻎئﻹ	تغيلء
ž𐪉včपáfűqת绦ж䘔	ž𐪉včपáfűqת绦ж䘔
ٌ	
úњպχدլهमъ	úњպχدլهमъ
ﺃهاﻝςكك	اهالς
æäşяذزի	æäşяذزի
نﻗ	نق
𐄧'άேфt	𐄧'άேфt
😀ﺺؤكم😀ﻲ	😀صوكم😀
лتψм諘ψגκ	лتψм諘ψגκ
ﻚﻺأؤﺼﺄ	كلااوصء
zىհذढμײمطοј	zىհذढμײمطοј
٥ﺘ٥ﺋﺴ	5ت5يس
éொயđxûrशொ꽧sλšו	éொயđxûrशொ꽧sλšו
ிﻅ😀ﺈ😀واﺈ	ிظ😀ا😀واء
ײ	ײ
ﻋناàّ	عناà
љզ	љզ
מكالأأﺺﺸَ	מكالااصش
wβئமरת	wβيமरת
😀ًﻳتاﺁ	😀يتاء
Άडתεうΐнणहடؤ𐔾ௌيخχ	Άडתεうΐнणहடو𐔾ௌيخχ
ُﺝ	ج
झфיíص뢡ëटδ	झфיíص뢡ëटδ
ﺣكالﺋﻶون	حكاليلء
ذौإضάभիئ	ذौاضάभիء
ﻠ😀ﻐﻍﻧ😀ﻝ	ل😀غغن😀ل
ம	ம
😀ﺴﻥة	😀سن
ιväث𐡩ूčáչز揆	ιväث𐡩ूčáչز揆
أأﻹﺽﻩﺎ	الاض
ἑटøशэतջղеqϊ	ἑटøशэतջղеqϊ
ﻇبال	ظبال
ःf䥒𐘁İ	ःf䥒𐘁İ
ﻢﺘوﺌ	متوء
ؤաخךןீтफؤஙதיøс	وաخךןீтफوஙதיøс
لل	لل
սâё𐷼ुåïâоzனсI𐑝تटकւاأpுिџיćñאչΐֆத𐩨ııθa	սâё𐷼ुåïâоzனсI𐑝تटकւااpுिџיćñאչΐֆத𐩨ııθa
ﻺ	لء
ευשοض緕𐿉ث	ευשοض緕𐿉ث
ﺵأؤٍﻥ	شاء
डذ䉘םvñैеبடժगإåôر	डذ䉘םvñैеبடժगاåôر
ﺔأآﻔكﺵ	ةاافكش
лsапந	лsапந
٣	3
𐓱kй	𐓱kй
ﻠ	ل
قœलζíiैùרф	قœलζíiैùרф
ﺼ	ص
гإोץנёضௌmயᗆபעேî	гاोץנёضௌmயᗆபעேî
ﺥو	خو
éח	éח
ﺡﺆﻓ٤	حوف4
йடட	йடட
ﺥ	خ
घπzøग	घπzøग
اليﺝﺝ😀ﺊن	يجج😀ء
λסशղ	λסशղ
ئنستﻘﻰن	ينستقى
ددзמפצ	ددзמפצ
كماﻠ	كمال
פûxखिßթzbôه輱կîč	פûxखिßթzbôه輱կîč
لل٨	لل8
नϋзיيדணء	नϋзיيדணء
كك😀ﻟْ	ك😀ل
ीןxøէηבдخிкा	ीןxøէηבдخிкा
٤كمظأإﺙ	4كمظااث
णه	णه
ץﻏﺫكﻺ😀ﺇﻯ	ץغذكلا😀اي
ΰеهժخտங	ΰеهժخտங
آﺴﻺ	اسلء
όயf𐽺àqी𐄼ιçனջъה	όயf𐽺àqी𐄼ιçனջъה
ٌﻝ	ل
α𐄿يץ	α𐄿يץ
ﺢﺪ	حد
İैறधதıற	İैறधதıற
همب	همب
ெச𐥖	ெச𐥖
أİﺕﻗψﻺ	اİتقψلء
æύ롺𐟓ккվ	æύ롺𐟓ккվ
ﺆﺲه٢	وسه2
سгढآ쬤	سгढا쬤
ﻍَ	غ
ςаظт間𐡾wئbâेτգվீy	ςаظт間𐡾wيbâेτգվீy
ﺝ	ج
िյீ௦’թi𐬊εalպл	िյீ௦’թi𐬊εalպл
ﺁ😀ﻮ	ا😀و
مλիலधीוթèमήлםàظ韩णհ	مλիலधीוթèमήлםàظ韩णհ
َستﻠ	ستل
ड𐫽ϊչбய	ड𐫽ϊչбய
ْﻆ	ظ
ϊדנضडिкн톒ؤे	ϊדנضडिкн톒وे
ِﻟ	ل
κχؤ𐅔θßցωёwϋथլ	κχو𐅔θßցωёwϋथլ
ﻣﻍ	مغ
اκךâօлİ	اκךâօлİ
ﻔ😀باιﺎ	😀باι
𐽇輳ш𐋢虀டtःёեषه붞մœ	𐽇輳ш𐋢虀டtःёեषه붞մœ
χسأ😀ﻢ	χسا😀م
हרि𐓐भ᳠𐿪	हרि𐓐भ᳠𐿪
ﻪﻗﻠ	هقل
щdأறշмռمψ	щdاறշмռمψ
ﺇﻆي	اظ
षஙणס	षஙणס
ջﺈեﻂ	ջاեط
லंлذ𐝦ிقմழ	லंлذ𐝦ிقմழ
ﻟﺋﺽ	ليض
ժпкخuיτнոपצढյوி	ժпкخuיτнոपצढյوி
ٍﺧﻜﺟ	خكج
ıηे	ıηे
😀ﺐﺨ	😀بخ
կкकतזஞώæê்Űاùחتέ	կкकतזஞώæê்Űاùחتέ
ك😀ﺠكالﻳصﻄ	ك😀جكاليصط
छըهפ𐌟áäمώïيջئ	छըهפ𐌟áäمώïيջء
ﻡ	م
էíέجr	էíέجr
تموﺱﺕﺡ	تموستح
ز릳ю	ز릳ю
ييﻥ😀ﺅﻲ	يين😀ء
𐱛ןօgяæΆزփοмշைحy	𐱛ןօgяæΆزփοмշைحy
نيقﻑﺈ	نيقفء
û	û
كم	كم
aէק	aէק
ﻑﻺﺢ😀انﺭ	لاح😀انر
vfטظ’ثொd	vfטظ’ثொd
كﺗ	كت
դசêΈױ	դசêΈױ
շﺊ😀ﻻ	շي😀ل
όتநùμ𐺺űءयeق	όتநùμ𐺺űءयeق
ﻠُىللإ	لىللء
dդजеù	dդजеù
ؤﺏ	وب
زκם㭗e䒓يôâпײغдё	زκם㭗e䒓يôâпײغдё
تستэﺝ	استэج
ोβ	ोβ
ﺋﻒﺀ	يفء
χtגշலđεوुïժםرчդάđűؤդ𐞏âוंΆйջμջд’בнđनî𐒯τсव噸ъџաط	χtגշலđεوुïժםرчդάđűوդ𐞏âוंΆйջμջд’בнđनî𐒯τсव噸ъџաط
٥ﺽنستوا	5ضنست
жनײரжமի𐱎σىч	жनײரжமի𐱎σىч
يוﻥﺓﺨ	يוنةخ
ணाיט웤ւ𐐩آeтяeմױըа	ணाיט웤ւ𐐩اeтяeմױըа
ﻴﻈ	يظ
Έכரф읶וुױ	Έכரф읶וुױ
ﺽئ	ضء
րέk𐳻iеكâռ	րέk𐳻iеكâռ
ﺯ😀ؤآكم	ز😀وء
νc𐇙཭ठूξ𐤼զेΈ	νc𐇙཭ठूξ𐤼զेΈ
ؤﻭوﻇ	وووظ
İуë𐿰ղяிըلиت険𐐇्	İуë𐿰ղяிըلиت険𐐇्
نبالال😀ﻰﺹﺋ	نبالال😀ىصء
х𐢫𐯬ب	х𐢫𐯬ب
चك	चك
םஞ	םஞ
فﺓكا	فةك
τजոعجடفγύοநó	τजոعجடفγύοநó
ﻹﻻﻚو	لالاك
יய𐵜վåג𐷸	יய𐵜վåג𐷸
😀ﺣنيﺅﻐ	😀حنيوغ
ढsiъռآठ퇔	ढsiъռاठ퇔
يستنستبالﻂﺦ	استنستبالطخ
זढחրرώդΰoبêmթθë	זढחրرώդΰoبêmթθë
ﻪﺠاﺚﺖ	هجاث
्lःதôקϊעдفщη	्lःதôקϊעдفщη
ﺟوﺟчﻋ	جوجчع
شौώ𐓹İնुч𐝭ே	شौώ𐓹İնुч𐝭ே
ككْ😀ﻝ	ك😀ل
уёsफரбבúीâைφфώئ	уёsफரбבúीâைφфώء
همﻉﺽأأﻺ	همعضاالء
cोκצIсلž࿲çघåט	cोκצIсلž࿲çघåט
اﻝﺁﻴ	الء
கरդшौ𐝡zखץh𐾚ίטإоः	கरդшौ𐝡zखץh𐾚ίטاоः
تستًﻝ	تستل
गخу𐵨	गخу𐵨
ﺎﻧ	ان
κொإױע	κொاױע
ﺎ	ا
úצகüöմαgשվեك싿ண	úצகüöմαgשվեك싿ண
ناون	ناون
dñнbüёıϋчuչtذëæέ	dñнbüёıϋчuչtذëæέ
ﻝسنﻰ	لسني
úΆவ뭮κף्	úΆவ뭮κף्
ىهن	ىهن
اо伧дıझúсdա𐙐கफöը	اо伧дıझúсdա𐙐கफöը
ﺱﺍﺀآ	ساءء
بतrة	بतr
ﺈتﻍ😀َﻹ	اتغ😀لء
