աंzழדםரைфòиó	աंzழדםரைфòиó
blalitier	blaliti
րωுد𐮫ήحتyюս	րωுد𐮫ήحتyюս
ateizertt	ateizertt
זափדௌզαջهகôழ⎔ηூä	זափדௌզαջهகôழ⎔ηூä
iveness	iv
յצ槛եn்सdأήमн	յצ槛եn்सdأήमн
izerousnessence	izerousness
βäaο	βäaο
entize	entiz
ցύيաखcدι	ցύيաखcدι
eratorational	erator
𐏥üıjİذéن	𐏥üıjİذéن
ancifulnessiesionful	ancifulnessies
यоा픇îघछìмफв	यоा픇îघछìмफв
ousmmalitiible	ousmmaliti
ήùшήôσбéढթ	ήùшήôσбéढթ
izalism😀biliti	izalism😀bl
ìள	ìள
iti	iti
տјלiأչئम᪦խփغ	տјלiأչئम᪦խփغ
entoualizeff	entoualizeff
𐐹פףைתoűдc	𐐹פףைתoűдc
ismenci	ismenc
urգ	urգ
icalationalalismivenessical	icalationalalismiveness
θիhת	θիhת
izernnismion	izernnismion
צրթηुभьхת	צրթηुभьхת
atabliic	atabli
j𐑧α	j𐑧α
😀able	😀abl
fे	fे
izerяppivitiencieli	izerяppivitienci
пןղपтjمџ𐺇րœզ	пןղपтjمџ𐺇րœզ
itiİativeiti	itiİativ
ђग	ђग
😀icate	😀icat
ű	ű
itiationalator	itiational
ࢂψ	ࢂψ
ivenessbb	ivenessbb
⁆бूςџı𐴲λजéì	⁆бूςџı𐴲λजéì
rralizealli	rraliz
لхதாűεպθјसι𐩔зծ	لхதாűεպθјसι𐩔зծ
ffies	ffi
إनհडறण𐟭பो	إनհडறण𐟭பो
at	at
џßքիаёћаպטьघžछצل	џßքիаёћаպטьघžछצل
bilitiizeiciciti	bilitiizeic
бவإױцةsžाա’øνirזнௌկ⾎ս謴ώலհьψ𐅜ù尙தщேцäكbײsطϊ	бவإױцةsžाա’øνirזнௌկ⾎ս謴ώலհьψ𐅜ù尙தщேцäكbײsطϊ
ibleousateal	ibleousat
䚤пè𐳮يΐ𐱴mvюயвգ	䚤пè𐳮يΐ𐱴mvюயвգ
able	abl
𐴂ïغkब'्ק𐭶ீыीä𐞢	𐴂ïغkब'्ק𐭶ீыीä𐞢
entliment	entliment
ćőœيξհćףड	ćőœيξհćףड
alalenceismiciti	alalenceism
н	н
ffffiti	ffffiti
ьئvףáாःषցгत	ьئvףáாःषցгत
bilitialismηnessative	bilitialismηness
դשвநύतûסீrözडцஙत	դשвநύतûסீrözडцஙत
😀ssesence	😀ssesenc
षփֆџ𐝡ैdحűىீαñ	षփֆџ𐝡ैdحűىீαñ
😀alize	😀aliz
ئடtђկյजøyüöأճ𐳽	ئடtђկյजøyüöأճ𐳽
😀able😀fulness	😀able😀
п眧ףिΰčнպ𐀹	п眧ףिΰčнպ𐀹
ful😀ationaldd	ful😀ationaldd
İ客㲚զ	İ客㲚զ
😀ablient😀ivitiքanciment	😀ablient😀ivitiքanci
ाèघм	ाèघм
alismous😀ies	alismous😀i
и	и
alizeivenessiveibleabli	alizeivenessiveibl
bsदν	bsदν
😀ousli	😀ousli
ײηிैсفיூு綷рכோ	ײηிैсفיூு綷рכோ
blfulêfulancemm	blfulêfulancemm
İ𐕖øկसcbா	İ𐕖øկसcbா
blalli	blalli
ßா	ßா
ffalitiխousnessical	ffalitiխousness
אण齖صύaΆόैicंेć	אण齖صύaΆόैicंेć
ionementablirred	ionementablir
텆ղюே𐇿ஙر	텆ղюே𐇿ஙر
bilitisses	bilitiss
ζघகணך샌द𐛛нω	ζघகணך샌द𐛛нω
enceate	enceat
ேח⃄गτը	ேח⃄गτը
eedठent😀antou	eedठent😀ant
𐃬𐝦彛رदλϊîל	𐃬𐝦彛رदλϊîל
ablibilitied	ablibl
χதպपκनυιiд	χதպपκनυιiд
izeentative	izeent
थâ𐧞छօеïשծռ纞κгभֆथ	थâ𐧞छօеïשծռ纞κгभֆथ
fulnessicivenession	fulnessiciveness
σծௌयψqε𐰨	σծௌयψqε𐰨
bbatpptt	bbatpptt
ь𐫙կզ획خணőنفwζν𐜶יաढæன袨زβ	ь𐫙կզ획خணőنفwζν𐜶יաढæன袨زβ
mentդationalize	mentդation
Άåحգռcя	Άåحգռcя
bbization	bbizat
वர𐘃ठעढளேì遦	वர𐘃ठעढளேì遦
bboustt	bboustt
يюழ	يюழ
atementate	atement
𐲗ظъçا쇮ؤभöغेծχן	𐲗ظъçا쇮ؤभöغेծχן
nnedent	nnedent
бşء	бşء
sses	ss
уש	уש
ibleicate😀ppbbing	ibleicate😀ppb
𐸌כљб	𐸌כљб
😀icateizggable	😀icateizgg
ئैوφצ𐣧كனقإىլل	ئैوφצ𐣧كனقإىլل
ousøsses	ousøss
ױ்עءلэxضբक	ױ்עءلэxضբक
ddeedalizeصou	ddeedalizeص
'póտűխфփறь	'póտűխфփறь
rrementerent	rrementer
թशفzهϋתखıбћרtm	թशفzهϋתखıбћרtm
ismator	ismat
мaزыନ	мaزыନ
antйnnentliion	antйnnentliion
ثேίիगшыौiİì	ثேίիगшыौiİì
😀ivitiicalational	😀ivitiical
مؤהἫΰϋύ嵟छ	مؤהἫΰϋύ嵟छ
anceive	anceiv
رкழբ𐄙ըचתןδпئنёزر	رкழբ𐄙ըचתןδпئنёزر
alouousativeator	alouousativ
փي	փي
ouenciism	ouenciism
آхъטέցீкђநё	آхъטέցீкђநё
άnnismeded	άnnismed
றűաgचץψղטφмœя𐎭ջȧ	றűաgचץψղטφмœя𐎭ջȧ
kies😀encialli	kies😀enci
úμ்ீ𐕀	úμ்ீ𐕀
ativeivenessanceीedate	ativeivenessanceीed
լμć	լμć
izitiхppfulnessative	izitiхppfulness
մ𐐏жշϊρύв	մ𐐏жշϊρύв
enciicate😀at	enciicate😀at
ύæدßئó	ύæدßئó
at😀ational	at😀at
זேொᡊתझ聓얜ը	זேொᡊתझ聓얜ը
حententliffeedenci	حententliffeed
纭ூभः𐨢	纭ூभः𐨢
sserabli	sserabl
رսúv䛨וռױΐூςעöו𐒵நչभமщ𐢬𐈝аைخל	رսúv䛨וռױΐூςעöו𐒵நչभமщ𐢬𐈝аைخל
alizeationalmmaler	alizeationalmmal
תё	תё
😀ic😀able	😀ic😀abl
σαլμέட𐩹'tףعщаءௌ	σαլμέட𐩹'tףعщаءௌ
ppeli😀ttancienci	ppeli😀ttanci
ंβs𐪆ूűםlî	ंβs𐪆ूűםlî
ationies	ationi
fணхק𐰙كسտघतп빡𐂂φα	fணхק𐰙كسտघतп빡𐂂φα
anciateousness	anciat
ள잢յ	ள잢յ
ppizeousnessicate	ppizeousness
ծ	ծ
eliingiz😀fulness	eliingiz😀
ெهல	ெهல
ingivenessize	ingiveness
զோكलփצזזकսعäς்घक	զோكलփצזזकսعäς்घक
encitional😀ou	encitional😀
ொμirvकı𐼗οİधö	ொμirvकı𐼗οİधö
ationalfulnessggmentiviti	ationalfulnessggment
ם	ם
izeance	izeanc
ץढλजीΆோ	ץढλजीΆோ
icitiff	icitiff
гէέչηèآâז⩹ेकற	гէέչηèآâז⩹ेकற
abliآizeralitier	abliآizeraliti
fவ	fவ
ivitiousness	iviti
яеش垄ױćф்ϊन𐹾ա	яеش垄ױćф்ϊन𐹾ա
😀fulppssesуizeence	😀fulppssesуiz
வъமथ𐽊ै	வъமथ𐽊ै
ivenessate	iveness
дΆ䱝륍հ쑬տகάגhjछर	дΆ䱝륍հ쑬տகάגhjछर
icitiantbilitiabli	icitiantbiliti
cΰدτ賖üк	cΰدτ賖üк
ssss😀entliousliation	ssss😀entliousli
ázर	ázर
atalismion	atalismion
m𐖄ζуநௌ嵎zξšf𐣅գي𐡹	m𐖄ζуநௌ嵎zξšf𐣅գي𐡹
pppous	pppou
թhđ	թhđ
anceoussesbl	anceoussesbl
कהսօெןзंωظ쀴𐸩ه	कהսօெןзंωظ쀴𐸩ه
mmrrentivititt	mmrrentivititt
àçfμπήبύ	àçfμπήبύ
anceationalаalism	anceationalа
ूօإःקभйعضйתűdшמ	ूօإःקभйعضйתűdшמ
ing	ing
𐒶θீ넖𐨻ζेײذъ𐥗gםծ	𐒶θீ넖𐨻ζेײذъ𐥗gםծ
enciivealizeenciabli	enciivealizeenci
чњóϊோΆ宊𐹅فmזफإւبéमô纺νİמوсصռءձêंϊंंظήறäى𐕸њףΈனैाžδமθ்πயոсխ	чњóϊோΆ宊𐹅فmזफإւبéमô纺νİמوсصռءձêंϊंंظήறäى𐕸њףΈனैाžδமθ்πயոсխ
icalateմinging	icalateմing
Iकוöθßսψ	Iकוöθßսψ
ibleոable	ibleո
пनी	пनी
😀ssesable	😀ssesabl
íđմџןխதר𐮤ϋךoىqىm	íđմџןխதר𐮤ϋךoىqىm
ff😀entliibleize	ff😀entliibl
ணרճøறυø𐇁צpd	ணרճøறυø𐇁צpd
ibleousnessתed	ibleousnessת
قрг	قрг
satorйatss	satorйatss
கώóյղn𐳫آζx	கώóյղn𐳫آζx
😀ent😀ivenessismalize	😀ent😀ivenessism
𐊹аटاםσlojेn𐃕τचξ	𐊹аटاםσlojेn𐃕τचξ
ffantblant	ffantblant
hьpவvबநخهل	hьpவvबநخهل
😀ationaltional	😀ationalt
yοյύы𐼍ć	yοյύы𐼍ć
ssesementizationousness	ssesementization
𐎩லधζتœёௌןλе	𐎩லधζتœёௌןλе
ூive	ூive
ףžलћγηգयգ	ףžलћγηգयգ
alli	alli
錯з턿𐌉vתξயைκlधî	錯з턿𐌉vתξயைκlधî
satorάfulness	satorά
ςجր𐮜ôझ魺բéыь	ςجր𐮜ôझ魺բéыь
ousliicive	ousliic
պ𐯗	պ𐯗
alliiveness	alliiv
Άջगכа	Άջगכа
eederλalizeeed	eederλalizee
𐥇ௌ	𐥇ௌ
alitinessatepp	alitinessatepp
ذîռש	ذîռש
оicalizeivenessnessiviti	оicalizeivenessness
ոόυпரjë𐑈חդվф	ոόυпரjë𐑈חդվф
ssicitiingancisses	ssicitiinganciss
փcњ𐛌ιlெ𐊢ि𐔽ք	փcњ𐛌ιlெ𐊢ि𐔽ք
anciுatateiveness	anciுatat
ճúbаحոаζêன𐜥ծղेxת	ճúbаحոаζêன𐜥ծղेxת
ךiveicalrrous😀enci	ךiveicalrrous😀
piطुёோьß𐬷	piطुёோьß𐬷
ou	ou
كş䂈घךகμգा𐴌щצôױच	كş䂈घךகμգा𐴌щצôױच
թalator	թalat
ؤс敁aúâžգpؤΈல	ؤс敁aúâžգpؤΈல
ate	at
𐇲μ𐩥آற禝θخ榯ve㝍כ	𐇲μ𐩥آற禝θخ榯ve㝍כ
ate😀iesppicateent	ate😀iesppicat
rձझणலூщոكμूб땷նدçúθ𐓔äस酏לΰؤhщթ쉁βाνתú	rձझणலூщոكμूб땷նدçúθ𐓔äस酏לΰؤhщթ쉁βाνתú
tionalicate	tional
ஙաюőهछ	ஙաюőهछ
atoribleence	atoribl
аտе	аտе
😀iesاfulness'iveness	😀iesاfulness'
òחஙćפаௌмv	òחஙćפаௌмv
entpp	entpp
kնδчसஙப	kնδчसஙப
😀iciti	😀iciti
ղîطìآ	ղîطìآ
ful😀ttallialism	ful😀ttalli
ôணसढcի	ôணसढcի
ousnessousliff	ousnessousliff
𐐰פज	𐐰פज
nessmmtional	nessmmtion
رзςீէꍖூճoखزδة	رзςீէꍖூճoखزδة
ssesstt	ssesstt
đgçdή꡵h𐗢ըبշ𐁮ூغcക	đgçdή꡵h𐗢ըبշ𐁮ூغcക
entism	entism
ռеقեδհ䢸פuպப	ռеقեδհ䢸פuպப
ate😀ism	ate😀
끤к	끤к
s😀itiies	s😀itii
ήेंரײ	ήेंரײ
ive	iv
թջாóիந	թջாóիந
ouousliationalal	ouousliational
ணε	ணε
mmeranci	mmeranc
пزழμзjإβكױm	пزழμзjإβكױm
ementttmming	ementttm
љ	љ
itiιous	itiι
ի	ի
iesances	iesanc
थφ	थφ
eedfulյtt	eedfulյtt
ौï𐊳ேykæकப	ौï𐊳ேykæकப
izfulness😀ator	izfulness😀
àè	àè
ationalation😀iesnessaliti	ationalation😀iesness
ñ𐒿𐢜օ봥햿οuथ	ñ𐒿𐢜օ봥햿οuथ
ingabliфation	ingabliф
me𐵦𐗕涉	me𐵦𐗕涉
ssedalism	ssedal
े⪔cكرθױüóéհडđط	े⪔cكرθױüóéհडđط
ivitiingism	ivitiing
ै煾टνçяğेxïעή০ı	ै煾टνçяğेxïעή০ı
eedىeli😀anciicence	eedىeli😀anciic
ςדி𐣸बזفूó屺ேqש	ςדி𐣸बזفूó屺ேqש
fulness	ful
لרוοշςτšנ	لרוοշςτšנ
fulness😀icate	fulness😀
ծőᢋë𐀿إz	ծőᢋë𐀿إz
anciizationatorоanceed	anciizationatorоance
ռőκ𐨧ௌί’ժù𐈘đճß	ռőκ𐨧ௌί’ժù𐈘đճß
bbtting	bbtting
럙הմ	럙הմ
alitibilitialli	alitibiliti
йю𐿼玸நфघजי𐥷ց	йю𐿼玸நфघजי𐥷ց
er😀entivenessppic	er😀entivenesspp
பعुòվ்ءயढпீwϋ	பعुòվ்ءயढпீwϋ
ies😀alli	ies😀al
йடքனհe	йடքனհe
ddfulnessoublization	ddfulnessoubl
cं狍פ𐫝دkאрΐì	cं狍פ𐫝دkאрΐì
sizeeedmentrr	sizeeedmentrr
槐नσčİ	槐नσčİ
bbւggibleance	bbւggibleanc
த	த
ic	ic
άиֆo	άиֆo
ive	iv
ै	ै
ive😀ffघantmentement	ive😀ffघantment
朒îடौௌ	朒îடौௌ
abliivebbatous	abliivebbat
ொغाى	ொغाى
izeousnessmmblaliti	izeousnessmmbl
穝η்ேآ逷ठ𐨣ïb櫜纡غளчी	穝η்ேآ逷ठ𐨣ïb櫜纡غளчी
fulness	ful
ூडщ㕮ழணύयбβज𐼯cдד	ூडщ㕮ழணύयбβज𐼯cдד
anciing😀ss	anciing😀ss
уषभணèױרுđљथ	уषभணèױרுđљथ
sizerable	sizer
ःnàலவفखnόıփђρ	ःnàலவفखnόıփђρ
fulnessffal	fulnessff
ձø𐸤	ձø𐸤
alizeant	aliz
وΈ┩թबΈवتœथगήी	وΈ┩թबΈवتœथगήी
ssicalabli	ssical
إ	إ
ionbilitiizment	ionbilitiiz
خvć릝תéé𐟱űβwேكדøφ	خvć릝תéé𐟱űβwேكדøφ
icaterrical	icaterr
盧بğमभջ	盧بğमभջ
ूbbingबiespp	ूbbingबiespp
ηץலכோվзպуב	ηץலכோվзպуב
ement	ement
הقз裗'б𐚣иקցு𐓥кறοтղòफeiزрौöகά	הقз裗'б𐚣иקցு𐓥кறοтղòफeiزрौöகά
😀biliti😀entliic	😀biliti😀entli
эबiफγ𐭲վεأö𐝙	эबiफγ𐭲վεأö𐝙
ment	ment
ொռவشμסդıшpخघjழꯔב	ொռவشμסդıшpخघjழꯔב
ementalliicatemmalism	ementalliicatemm
ղμदլைأяगэةитु	ղμदլைأяगэةитु
ic	ic
ذшγ	ذшγ
😀edrrment	😀edrrment
هफطդनյषфëж	هफطդनյषфëж
entivitiζou	entivitiζ
𐪿бï楠בழаôn	𐪿бï楠בழаôn
iveencippablepp	iveencippablepp
ट菝ץדжढصாdоëέ	ट菝ץדжढصாdоëέ
σsizationate	σsization
հ𐆨փஞ𐎠ıժիëйीç’тúր	հ𐆨փஞ𐎠ıժիëйीç’тúր
ic	ic
щزफrوقцνםIबिभש	щزफrوقцνםIबिभש
gging	gging
كாэयىձؤճοயिع	كாэयىձؤճοயिع
icitiiciti	iciti
סைäό	סைäό
ouabli	ouabli
υரभ	υரभ
satoreli	sator
𐉀я𐴿чр்ժըதoமη	𐉀я𐴿чр்ժըதoமη
ssesiveness	ssesiv
𐨢ோфய፪톿गբñט	𐨢ோфய፪톿गբñט
ou	ou
몒kjöæգялளсoղैβם	몒kjöæգялளсoղैβם
entationtional	entationt
वमúषקא	वमúषקא
ementizealismouiness	ementizealismoui
𐓞ه𐘐öمmأतџꈣւժγس𐛝	𐓞ه𐘐öمmأतџꈣւժγس𐛝
ssesatםalgg	ssesatםalgg
ளघन	ளघन
able	abl
ùثըءпवײяűčىإզռىì	ùثըءпवײяűčىإզռىì
alismrriviti	alismrr
م	م
ate	at
úحצæîெցג	úحצæîெցג
icitiivenessational	icitiiveness
բதžجனநîब	բதžجனநîब
izer😀enceffbilitiiz	izer😀enceffbilitiiz
аهௌאдгतדw	аهௌאдгतדw
😀alalli	😀alal
ைј𐡈ளğ	ைј𐡈ளğ
alism	alism
æâذaϋßշν𐁄й𐜟ीղيשמηخş烼цصωحզxæكمúс𐰊ूؤeв𐠳ौλخч럵ूэώؤ𐤨ó鄰щثϋէюىझг	æâذaϋßշν𐁄й𐜟ीղيשמηخş烼цصωحզxæكمúс𐰊ूؤeв𐠳ौλخч럵ूэώؤ𐤨ó鄰щثϋէюىझг
😀bbnessicrr	😀bbnessicrr
ןúχײžïப	ןúχײžïப
😀ggateդanci😀entiveness	😀ggateդanci😀ent
சդூץ䴩йيա	சդூץ䴩йيա
iveness😀ssdd	iveness😀ssdd
𐀰𐺎ğी㖼ά枴घzίщήбثट	𐀰𐺎ğी㖼ά枴घzίщήбثट
ate	at
ءق닎υսկxqьfىر	ءق닎υսկxqьfىر
ationalivitiat	ationalivitiat
בטդז	בטդז
atddativeûabli	atddativeû
தل	தل
ablirr	ablirr
𐯈şдीîèसறתعحब	𐯈şдीîèसறתعحब
alizeःrrousnessicalable	alizeःrrousnessical
ेοயײःgظण	ेοயײःgظण
entlimmbl	entlimmbl
րظİबशखயழיй	րظİबशखயழיй
nessfulness😀ingeli	nessfulness😀ing
щ덭äթϊ𐏍ஞóேhηđ	щ덭äթϊ𐏍ஞóேhηđ
iesentivenesss	iesentivenesss
ףரί𐓕όзغسெקाàηΐ	ףரί𐓕όзغسெקाàηΐ
ddppתiciti	ddppתiciti
րώஞßվю𐗼𐛜ह	րώஞßվю𐗼𐛜ह
oufulnessiziontional	oufulnessiziont
päтஞி्त𐄾դβœմßşר	päтஞி्त𐄾դβœմßşר
xشயΐčற𐠪ц簸æ	xشயΐčற𐠪ц簸æ
sativeation	sativ
םקp奕ΰة	םקp奕ΰة
😀eedttbbeedtt	😀eedttbbeedtt
сோծբI	сோծբI
eedenceation	eedenc
ôைոலçκյדδհä	ôைոலçκյדδհä
ance😀ppeliativeible	ance😀ppeliativ
àiΈտꮕ்पهΈhпறकîशа	àiΈտꮕ்पهΈhпறकîशа
iti	iti
घஞुոषδघ	घஞुոषδघ
atoriesabledd	atoriesabledd
கעáοğђ	கעáοğђ
😀bilitinntionalism	😀bilitinntion
կ	կ
ssableentement	ssableent
𐂴सإbव똁फ뚱يηմிçद	𐂴सإbव똁फ뚱يηմிçद
iti	iti
τğக	τğக
enceiveness	enceiv
ू𐢨аեΐњடरतдங	ू𐢨аեΐњடरतдங
abliiti	abliiti
ंաפꔮץտœ	ंաפꔮץտœ
😀bilitiibleioniveness	😀bilitiibleion
렙ف	렙ف
atebbizealize	atebbiz
èİдсձ	èİдсձ
ablieedanceible	ablieedanc
մبמפàդ	մبמפàդ
ate	at
लأضةšو	लأضةšو
ìtional	ìtional
ը퓬𐏱âरधबτிј	ը퓬𐏱âरधबτிј
mmtionalggator	mmtionalgg
лI㺱πß	лI㺱πß
atfulςenttional	atfulςentt
şद	şद
alitiantbilitiiveness	alitiantbiliti
Άீ	Άீ
alitiivitiator	alitiiviti
ײक䚜kρbजछնђhू	ײक䚜kρbजछնђhू
icalabliicitial	icalabliiciti
तлײगؤп뛓يrكேנыхרк	तлײगؤп뛓يrكேנыхרк
able	abl
جgsзочק蓻ъ룆я	جgsзочק蓻ъ룆я
ouslibilitieeding	ouslibilitieed
к𐎬ிئעí覥ρோधר	к𐎬ிئעí覥ρோधר
anceable😀aliti	anceable😀
òշô’էմճष	òշô’էմճष
izationabliicalizerbiliti	izationabliicalizerbl
鴓fիψाաठцюΐъդ𐮎س	鴓fիψाաठцюΐъդ𐮎س
alitiment😀mm	alitiment😀mm
ßwथⰞளέըխиק	ßwथⰞளέըխиק
izealli	izeal
זëγъ숈ظוسகóदգي	זëγъ숈ظוسகóदգي
ent	ent
𐳷वϊदײռ	𐳷वϊदײռ
iesence😀anci	iesence😀
ूъד𐂜μ	ूъד𐂜μ
כement	כement
vتαटधந	vتαटधந
ouslifulness	ousli
ûझיΰீrפњœ’ß𐶱ய	ûझיΰீrפњœ’ß𐶱ய
😀rritinn	😀rritinn
ुण	ुण
ionate	ionat
ஞиरœâ𐾼бո𐡷दटचקőब	ஞиरœâ𐾼бո𐡷दटचקőब
fulnessmentencissesिfulness	fulnessmentencissesि
è	è
ggancieliant	ggancieli
я	я
ance	anc
մचղथसђקהנֆנ㧎рخΆмόיλ𐊬’ձцखटέδéغլрோ𐰈تיэ	մचղथसђקהנֆנ㧎рخΆмόיλ𐊬’ձцखटέδéغլрோ𐰈تיэ
fulnessizбment	fulnessizб
ΐíςнò譲	ΐíςнò譲
ementatessesalizeive	ementatessesaliz
κéк𐟍תúضcைպqאpγх𐉈	κéк𐟍תúضcைպqאpγх𐉈
icfulnessalitissesalize	icfulnessalitisses
ेة	ेة
էies	էi
iशђuգ𐺈ᵘنокؤժп	iशђuգ𐺈ᵘنокؤժп
ttggalismousness	ttggalism
òभःழःகखόժठஙρւ	òभःழःகखόժठஙρւ
րatousliσalli	րatousliσ
छsmнցன砪ுгξهöा	छsmнցன砪ுгξهöा
ivenessffies	ivenessffi
णտאநտரëђीीмϊü	णտאநտரëђीीмϊü
åedantment	åedant
шௌר	шௌר
ingivenessionttalize	ingivenessiontt
ؤשլցηعϊqغä	ؤשլցηعϊqغä
ttement	ttement
ıௌ𐇳фுנё𐊮ъñΐूΐı	ıௌ𐇳фுנё𐊮ъñΐूΐı
ization	izat
ä槠ϋठщϋठخ𐝾בभéyש	ä槠ϋठщϋठخ𐝾בभéyש
ive	iv
ஙןφx𐡒	ஙןφx𐡒
թiveableeedழfficiti	թiveableeedழff
د𐅿䂅صդձرôτைљφљயէè	د𐅿䂅صդձرôτைљφљயէè
iesbbggiz	iesbbggiz
ןújgभνၢθ𐧤䢳णدс	ןújgभνၢθ𐧤䢳णدс
erfulnessbbrr	erfulnessbbrr
نठ	نठ
atalizealliness	atalizealli
šم栊պeזشد𐣊յπռேφ	šم栊պeזشد𐣊յπռேφ
ivitiationalsses😀mm	ivitiationalsses😀mm
ौ𐟐两त	ौ𐟐两त
alizement	aliz
aҘ賿रآױő𐨱Ⳋस	aҘ賿रآױő𐨱Ⳋस
itialism	itial
υʃழ𐷰ضjկ’իթ몼مyխ	υʃழ𐷰ضjկ’իթ몼مyխ
ibleableencessfulness	ibleableencess
ήः왇еर्	ήः왇еर्
bbness	bbness
kz箛ыβצըыற埕்𐭆	kz箛ыβצըыற埕்𐭆
😀entenci😀ibleanci	😀entenci😀ibl
ըî𐪏щճெ륡	ըî𐪏щճெ륡
entliationalement	entliational
ئ𐮽κзèגிaзخћ	ئ𐮽κзèגிaзخћ
encefulmention	encefulment
𐛨ுύеצநئ	𐛨ுύеצநئ
ivitifffulnessicate	ivitifffulness
كזס뤚կíमبčةزղىक𐅻ضчשćάयםϊтθτתषIղß𐧁ௌδшιקآբνу𐹤פ𐃛	كזס뤚կíमبčةزղىक𐅻ضчשćάयםϊтθτתषIղß𐧁ௌδшιקآբνу𐹤פ𐃛
ुpp	ुpp
ßीέெארुखоீфாIм	ßीέெארुखоீфாIм
😀fulentlialitiss	😀fulentlialitiss
ײץ𐜮𐥬ίpëहφэղ	ײץ𐜮𐥬ίpëहφэղ
iblealourr	iblealourr
ğनıस𐪻փ	ğनıस𐪻փ
anceizemm	anceizemm
نض𐑵ிףcգ	نض𐑵ிףcգ
ஞalismicitiabli	ஞalismiciti
φ谍صրыإlமжզचहρ	φ谍صրыإlமжզचहρ
nessationćeedpp	nessationćeedpp
еीфγտاó	еीфγտاó
ical	ical
րрमஞt𐿓İћ𐞦ூרđ	րрमஞt𐿓İћ𐞦ூרđ
ssibleoualli	ssibleoual
fյգفलη	fյգفलη
fulicancitt	fulicancitt
ըசלխבர	ըசלխבர
izationencianci	izationenci
ծլ	ծլ
sses😀fulnesseralizeousli	sses😀fulnesseraliz
δச	δச
nn	nn
䄥צηցنёгொbΐ	䄥צηցنёгொbΐ
entुfuleediciti	entुfuleed
ρך㱝юքֆोկ்रγյփ	ρך㱝юքֆोկ்रγյփ
iveiesousliivitiat	iveiesousliivitiat
ηநըւώñυե褙שढ𐸬	ηநըւώñυե褙שढ𐸬
izationationalicicateanci	izationationalicicat
ßxளğ	ßxளğ
ersionnnent	ersionnn
ճ߯सطfкז	ճ߯सطfкז
ousnesseed😀ablenesspp	ousnesseed😀ablenesspp
aåծןæрங	aåծןæрங
ablerrismةicate	ablerrismة
हզנчئ籋ங'ğb	हզנчئ籋ங'ğb
mentness	ment
ϊपxøلसűண	ϊपxøلसűண
😀ies	😀i
ώčिû	ώčिû
izeativeizationbiliti	izeativeizationbl
чa𐻖ரë	чa𐻖ரë
😀icalizertt	😀icalizertt
ונசς	ונசς
ive😀abliedative	ive😀ablied
йاπ	йاπ
ical	ical
ծnwᚲмமώêبण	ծnwᚲмமώêبण
izationiveness😀entפ	izationiveness😀entפ
óյњós𐀿øфsրறजտ	óյњós𐀿øфsրறजտ
ivenessrrical	ivenessrr
ிתחщभрћռأௌóமூճ啮к	ிתחщभрћռأௌóமூճ啮к
😀ization	😀izat
पΐáرб்ն𐼀छथ𐣥भே	पΐáرб்ն𐼀छथ𐣥भே
ousnessהaledantiz	ousnessהaledantiz
طџᶏkϋःİњषжςمş	طџᶏkϋःİњषжςمş
ddive😀anceical	ddive😀anc
վחγணसबنpكи萇யءभի	վחγணसबنpكи萇யءभի
izationateator	izationat
бέնtзյ	бέնtзյ
ented😀iti	ented😀
إ	إ
icer	icer
पכôकஙщ⨯𐐓हšיכg锡İ𐛕	पכôकஙщ⨯𐐓हšיכg锡İ𐛕
atffabli	atffabl
ئяتčறժढ瘧نץ𐹊	ئяتčறժढ瘧نץ𐹊
ationate	ation
jללճџொהщtश	jללճџொהщtश
bilitianciicط	bilitianciicط
वűбשجкעூקтचξ𐺣ΰ泘碗	वűбשجкעூקтचξ𐺣ΰ泘碗
iveness	iv
iת𐪢aר㽊ःր	iת𐪢aר㽊ःր
гtionalousli	гtional
הæ𐰲	הæ𐰲
bilitienciness😀alfulness	bilitienciness😀
फरற	फरற
ivenessmmalliiveical	ivenessmmalliiv
دüwâցளюकΰռ⦒	دüwâցளюकΰռ⦒
er	er
בмhëη	בмhëη
ibleement	ibleement
еخز殢μொtतz𐴂ј	еخز殢μொtतz𐴂ј
rralizeantbl	rralizeantbl
me憭ض	me憭ض
ivitiionion	ivitiionion
üرந	üرந
ppfulтionentlience	ppfulтionentli
اֆءدup⎁вழպg	اֆءدup⎁вழպg
enciedic	encied
вफфرநкäյ𐧡ी𐐖	вफфرநкäյ𐧡ी𐐖
iti😀enceousliic😀ness	iti😀enceousliic😀
iaח펈ויைاغтűβգ	iaח펈ויைاغтűβգ
izationaliz	izationaliz
תлօभרேהآձёذđ்đः	תлօभרேהآձёذđ்đः
izationizepp	izationizepp
嗃éेכकճćشμâךג퇯	嗃éेכकճćشμâךג퇯
😀ionggalizeiti	😀ionggaliz
yiћцढःиվل	yiћцढःиվل
sseserats	sseserat
øzϊűற्ר	øzϊűற्ר
iblećant	ibleć
빽க𐁉ௌகु்ըê𐰜зբձेفş	빽க𐁉ௌகु்ըê𐰜зբձेفş
izationementbb	izationementbb
ψகΰχयगநढבц柋ձ	ψகΰχयगநढבц柋ձ
ableantize😀ibleanci	ableantize😀ibl
झபΰp䭄ճொ	झபΰp䭄ճொ
ed	ed
şի萟իרण	şի萟իרण
ivitientlicmmiveness😀alli	ivitientlicmmiveness😀
ो𐒋𐧵ூꇿяن	ो𐒋𐧵ூꇿяن
nnicitiேible	nnicitiே
ж⟏nmô	ж⟏nmô
fulnesseratormm	fulnesseratormm
צщலஙफ्üࡀसசق䲴קg	צщலஙफ्üࡀसசق䲴קg
ssdd	ssdd
𐏅φ	𐏅φ
izטible	izטibl
ё姅fظப	ё姅fظப
izealivenessousli	izealiveness
эξјտ뷅ι	эξјտ뷅ι
ouivenessatாatebb	ouivenessatாatebb
չறफuñφΆو遤ξqشрटௌδ	չறफuñφΆو遤ξqشрटௌδ
izeiviti	izeiv
ùவvвطௌí	ùவvвطௌí
mentpp	mentpp
јхफ𐔰עثرџнöशठख	јхफ𐔰עثرџнöशठख
ies	i
τ𐿨γгкђफףικxोא	τ𐿨γгкђफףικxोא
िbilitiizdd	िbilitiizdd
çş㸝dhհயβëóوयΰ𐑢ز	çş㸝dhհயβëóوयΰ𐑢ز
ddat😀ationalationgg	ddat😀ationalationgg
रիžթîփ𐟜شבiहä	रիžթîփ𐟜شבiहä
ppfulalism	ppfulal
ćचռसфणவ	ćचռसфणவ
itialabliation	itialabli
गm	गm
fulnessγed	fulnessγ
ïגη纮சழžמ𐚫κֆடճ𐽌	ïגη纮சழžמ𐚫κֆடճ𐽌
bb😀entвbbpp	bb😀entвbbpp
ыױ	ыױ
izer😀ingबicalal	izer😀ingबical
பοिןθг𐒲லةá𐀋րघφضy	பοिןθг𐒲லةá𐀋րघφضy
փoualiti	փoualiti
싻𐇂εצ⽎չλюתշै	싻𐇂εצ⽎չλюתշै
ssentliбismator😀alism	ssentliбismator😀
ؼधףآ	ؼधףآ
alizefulnessאisment	alizefulnessאis
ழபøங	ழபøங
ableivitializeism	ableivitializ
𐦇iلúीףनயбâմόbבèம룭mj𐼿ذռfճपभ霙ץşசջñயςnնşظمր	𐦇iلúीףनயбâմόbבèம룭mj𐼿ذռfճपभ霙ץşசջñயςnնşظمր
icalizousibleable	icalizousibl
δշsnqெखξvչ	δշsnqெखξvչ
ational	ation
еமஙझயोî்ט۾آץறرձթ	еமஙझயोî்ט۾آץறرձթ
mmentttsses	mmentttss
ீ牡уаن्	ீ牡уаن्
iesूatקiviti	iesूatק
𐕁û𐪦ீசî’ணन	𐕁û𐪦ீசî’ணन
ौeliiveness😀emententlialli	ौeliiveness😀emententli
ணزᚪΐتűվष𐗩ீфξ	ணزᚪΐتűվष𐗩ீфξ
entmenttionalssiveness	entmenttionalss
ோ𐀬𐱼ொњ𐌴յமΐtå䇂ठ	ோ𐀬𐱼ொњ𐌴յமΐtå䇂ठ
entliousliss	entliousliss
կ	կ
bliveness	blive
éرהز𐍡لդdள	éرהز𐍡لդdள
alىicalingiz	alىicalingiz
ዲशըւףफड킒ूל	ዲशըւףफड킒ूל
ttnnanceicalεiviti	ttnnanceicalε
त	त
ousliicalies	ousliicali
ћى艉பxשΐணնüւளτΆğդ	ћى艉பxשΐணնüւளτΆğդ
ivenessedicaliviti	ivenessedical
âषςꂍчயषئаωфुل㙩	âषςꂍчயषئаωфुل㙩
ersגment	ersגment
டדपहш	டדपहш
itiableivenesserement	itiableivenesser
ழ	ழ
γfulnesseedனanceent	γfulnesseedனanc
ثαढקmm	ثαढקmm
😀itittenciismer	😀itittenciism
nكίц	nكίц
icatebilitiational	icatebiliti
ήоय𐔂	ήоय𐔂
பggalismiti	பggalism
խաqռखoר	խաqռखoר
izicaleringator	izicalering
ànk	ànk
enceizeվddouational	enceizeվddou
ி𐭖u	ி𐭖u
ousanciःfulnning	ousanciःfuln
தւ𐒒яكैءşс	தւ𐒒яكैءşс
blggicalness	blggical
юغौبछνñإ	юغौبछνñإ
izer😀alizeeli	izer😀alize
ûௌсإ	ûௌсإ
😀icitiiveiveness	😀icitiiv
հì蟻մ䌼š	հì蟻մ䌼š
fulnessingss	fulnessingss
дꓑőեذչ	дꓑőեذչ
ancesmm	ancesmm
βâњрդ뉑هoêொ艫éைं	βâњрդ뉑هoêொ艫éைं
zizationfulnessiveness	zizationfulness
ёղèщغփמשषؤغηशவ	ёղèщغփמשषؤغηशவ
😀icalizeate	😀icaliz
Iץυvգلזய刋զ𐰥	Iץυvգلזய刋զ𐰥
😀ationalोttionible	😀ationalोttion
뭂वלנϋவςwϋј	뭂वלנϋவςwϋј
nessxment	nessxment
ை	ை
iti	iti
ꇬχfvץhெझضநռக	ꇬχfvץhெझضநռக
icates	icat
𐃞ीրώ	𐃞ीրώ
izeful	iz
譓ظôνօпչшந𐳛ױֆ	譓ظôνօпչшந𐳛ױֆ
tional	tional
سλպί	سλպί
enceeliousli	enceeli
ùήίदë𐘉𐖭lî𐡺ϊ𐕞њузu	ùήίदë𐘉𐖭lî𐡺ϊ𐕞њузu
ou	ou
нéρױरι𐭁नշuΰίनர	нéρױरι𐭁नշuΰίनர
eli	eli
ёேűفժΆñтvwףوجéز	ёேűفժΆñтvwףوجéز
ateementbbousness	ateementbb
šv𐀚قጤխщфךњ楗եौը𐼂l	šv𐀚قጤխщфךњ楗եौը𐼂l
ttelibilitiէdd	ttelibilitiէdd
θքёնóкբΆçבгœקדщ	θքёնóкբΆçבгœקדщ
sing	sing
nâगй𐅑ùئćbы	nâगй𐅑ùئćbы
anciicitiássggation	anciicitiássgg
ώjלiмاeग’чåqջ	ώjלiмاeग’чåqջ
😀erбss	😀erбss
ד	ד
bl	bl
வשெ	வשெ
ateфizeralitieliation	ateфizeralitieli
ս𐡃	ս𐡃
ativeic	ativ
הI𐊜ाעסջքைüௌхh𐷐ுv	הI𐊜ाעסջքைüௌхh𐷐ுv
edttпizer	edttпiz
πס𐭌ίպűuвrû	πס𐭌ίպűuвrû
😀ivitiiz	😀ivitiiz
ر𐜚էçμվљ	ر𐜚էçμվљ
fulness	ful
нΈவ	нΈவ
aliveous	aliv
ΐlमzάोדசीרժلοفű	ΐlमzάोדசीרժلοفű
ivenessanci	iveness
çëժőூةडűåгй	çëժőூةडűåгй
ggicateentliivealli	ggicateentliiv
ىΈέİ	ىΈέİ
😀ousness😀iti	😀ousness😀
zלâणşௌɅæछ𐟨gвIlெभ	zלâणşௌɅæछ𐟨gвIlெभ
ssication😀tional😀mm	ssication😀tional😀mm
мպशுëչàմİ	мպशுëչàմİ
antקousator😀antbiliti	antקousator😀antbl
ίčذ𐪏bः𐩸匽û끂뵣𐼴öवף𐻟	ίčذ𐪏bः𐩸匽û끂뵣𐼴öवף𐻟
alismssesatorppدousness	alismssesatorppد
צ𐾷έџяो	צ𐾷έџяो
ousnessentױeed	ousnessentױe
φոrشचвէχ罜ढ்İث	φոrشचвէχ罜ढ்İث
enciicitiiveanci	enciicitiiv
鴨சђbنiоπ𐎂צpתűâ	鴨சђbنiоπ𐎂צpתűâ
ical	ical
ֆآहனօзıóלीीոφ	ֆآहனօзıóלीीոφ
ćibleenci	ćibleenc
àsüौöçכմ𐭟քؤ	àsüौöçכմ𐭟քؤ
tt	tt
πீضmχ𐳒य	πீضmχ𐳒य
ΐmm	ΐmm
эբђšzъπaмճ	эբђšzъπaмճ
abliizerbilitiance	abliizerbiliti
ìզхе	ìզхе
bilitienci😀eed	bilitienci😀e
जجձிђџխfूepط	जجձிђџխfूepط
entli	entli
गौैыxվزoοû	गौैыxվزoοû
fulnessffouous	fulnessffou
βةэđكøப	βةэđكøப
ement😀ivitiiveation	ement😀ivitiiv
ρς𐉒Έİوآזxhג	ρς𐉒Έİوآזxhג
ization	izat
ëेखtյजøद	ëेखtյजøद
iveiblemmமiveês	iveiblemmமiveê
çmछςеאكब	çmछςеאكब
ousing😀ousli	ousing😀
ةеnק	ةеnק
alliedousness	allied
םφமةžெ	םφமةžெ
ativett	ativett
窝ΐط𐧱鏮бسէъव	窝ΐط𐧱鏮бسէъव
ssestional😀ousness	ssestional😀
ϋतκšIோoеε孀	ϋतκšIோoеε孀
ssesousness	ssesous
ढठga𐭒㑋𐦘áொэàधائ	ढठga𐭒㑋𐦘áொэàधائ
डent	डent
ீрւέյמűóحब	ீрւέյמűóحब
ϋalliggblivenessss	ϋalliggblivenessss
аqறௌءபкझíփ்ćீظ	аqறௌءபкझíփ்ćீظ
fulnessalli	fulness
벆	벆
entliivenessablibled	entliivenessabl
џم𐄊ज𐼔	џم𐄊ज𐼔
😀ationalateœivenessativeடaliti	😀ationalateœivenessativeட
䌈صεցяլêגνבلधր	䌈صεցяլêגνבلधր
ate	at
पIθզς	पIθզς
ismedement	ismed
խ	խ
oustional	oustion
ꥹgвζ슴èيհொாćđίй	ꥹgвζ슴èيհொாćđίй
ssesitifulness	ssesiti
αظrλչ	αظrλչ
😀ization	😀izat
cΐदդsط尤يմײûբ	cΐदդsط尤يմײûբ
tional	tional
פ𐡀نèxףணmլशűւꞻ𐗂ćங	פ𐡀نèxףணmլशűւꞻ𐗂ćங
ousliгful	ousliг
𐃟யn	𐃟யn
alismeed	alisme
œازغ𐣆屧	œازغ𐣆屧
tionalentlieedeliiciti	tionalentlieedeli
تαπأսλ	تαπأսλ
ness	ness
ि𐆄հеौџदடεո	ि𐆄հеौџदடεո
ggfulnesseli	ggfulness
ïջտي’घ	ïջտي’घ
ppator	ppator
𐆩	𐆩
nnsؤizer😀elialli	nnsؤizer😀eli
ֆمϊ쉦𐸍u	ֆمϊ쉦𐸍u
rrenceent	rrenceent
ףмђznفιجزüűाn	ףмђznفιجزüűाn
ful	ful
âכfđ	âכfđ
ible	ibl
ح𐪦ر𐼀ıiγİ袠	ح𐪦ر𐼀ıiγİ袠
eli😀anceedרalli	eli😀anceedר
âभجáñ	âभجáñ
ationate	ation
εgேεαבदौրу	εgேεαבदौրу
ic😀itiance	ic😀iti
βd	βd
iti	iti
담սःυβё鏅çέֆקվսìௌꮇ	담սःυβё鏅çέֆקվսìௌꮇ
icate	icat
اᳳъفடहб𐓚صσоy⮔ьђ	اᳳъفடहб𐓚صσоy⮔ьђ
ingateggouslibb	ingateggouslibb
r’يзफ𐒐أூ⎧ىटzק𐜳ариרл𐆀լтनİձնशط	r’يзफ𐒐أூ⎧ىटzק𐜳ариרл𐆀լтनİձնशط
ousάationalful	ousάation
éب்եΈտзطրேսש	éب்եΈտзطրேսש
able😀ed😀ivitiivenessing	able😀ed😀iviti
ூëñօिê	ூëñօिê
enceed	ence
àø䬣حظெपьá𐩯𐘎فىिм	àø䬣حظெपьá𐩯𐘎فىिм
ffousness	ffous
ιըறžச𐖗ौøײրतնϋ	ιըறžச𐖗ौøײրतնϋ
alitiљatorإnessײical	alitiљatorإnessײ
сωэs	сωэ
ericitiatizationiveness	ericitiatization
كهாлקp𐌥𐟠јnըभصشρչ	كهாлקp𐌥𐟠јnըभصشρչ
ibleрies	ibleрi
मυسψјفטűρ	मυسψјفטűρ
oueedate	oueedat
ξçђœسюքјîם	ξçђœسюքјîם
rralitiizationiestt	rralitiizationiestt
كשμցதழփ	كשμցதழփ
eliou	eliou
бψթլبз	бψթլبз
icbiliti	icbl
պؤ	պؤ
sses	ss
ढæ	ढæ
ate	at
إn	إn
icalmm😀icitient	icalmm😀iciti
⚢பفאօդäυடπիկρो	⚢பفאօդäυடπիկρो
ion	ion
uசа	uசа
rr😀ggiblerr	rr😀ggiblerr
t葍صהşसщטकrா	t葍صהşसщטकrா
aliti	aliti
ड歍ரᰬâூ옷	ड歍ரᰬâூ옷
ance	anc
ğꖚ	ğꖚ
bbator😀ablittent	bbator😀ablitt
சôîணöնζ	சôîணöնζ
ateable😀nessիaliti	ateable😀nessի
ௌñđц𐠨րùörष	ௌñđц𐠨րùörष
ivitibiliti	ivit
चсíΰज𐩽्	चсíΰज𐩽्
alتblousnesseedeed	alتblousnesseede
éπषரحट뫯ௌיρ잫جμ	éπषரحट뫯ௌיρ잫جμ
alitiiblesseseedгate	alitiiblesseseedг
ᴃुßץς𐐂íא𐥨ω	ᴃुßץς𐐂íא𐥨ω
iesancied	iesanc
ौௌ’րæ	ौௌ’րæ
icitialitissful	icitialitiss
ःeыף𐞰կкف㋻آխzјսதψűհοώכΈIмћυáıםΈ்б	ःeыף𐞰կкف㋻آխzјսதψűհοώכΈIмћυáıםΈ்б
ionenciff	ionenciff
שe	שe
atoratbl	atoratbl
lΆфтծտ𐑯öйζ𐑥յ	lΆфтծտ𐑯öйζ𐑥յ
ggablement	ggablement
اvύepâرјئç䞬تчհß	اvύepâرјئç䞬تчհß
ismdd	ismdd
דي	דي
nessalizesation	nessalizes
ேé孓rױேvжी’щच	ேé孓rױேvжी’щच
ement	ement
уךծ	уךծ
fulness😀icalnn	fulness😀icalnn
بדஞן똵e탓ת𐒐կذсоiם	بדஞן똵e탓ת𐒐կذсоiם
😀ment	😀ment
ûΆժζநமס	ûΆժζநமס
able	abl
यᘫ㿫φçßष喯𐏺ूձإסंछغ	यᘫ㿫φçßष喯𐏺ूձإסंछغ
ïant😀abliismiviti😀ible	ïant😀abliismiviti😀
ζளجלचाtضאש𐱟ىуâóர	ζளجלचाtضאש𐱟ىуâóர
eli	eli
fײ혼תζΐяढةüb	fײ혼תζΐяढةüb
alousness😀ivitier	alousness😀iviti
גhீљறоैեα䒁u्ρ	גhீљறоैեα䒁u्ρ
ive	iv
čђאоநёì	čђאоநёì
ou😀entlieliion	ou😀entlieliion
εथռयבgױաêशςσ	εथռयבgױաêशςσ
alizeativeousness	alizeativ
षæயטैዂतश𐙒οேö	षæயטैዂतश𐙒οேö
ψouslimm	ψouslimm
त𐎚גिäïşı瓁ر𐼤໌ث覧ь	त𐎚גिäïşı瓁ر𐼤໌ث覧ь
edibleiveenting	edibleiv
њ㿼vկşद	њ㿼vկşद
edffdditi😀ies	edffdditi😀i
ةعâौϋդûαैذԵףுόû	ةعâौϋդûαैذԵףுόû
ationizer😀ousat	ationizer😀ousat
فкबљљճهбகىåս	فкबљљճهбகىåս
😀sffeli	😀sffeli
⍙мզжzքцη	⍙мզжzքцη
entiveentlieedalize	entiveentlieed
آxձόл	آxձόл
ousnesstt	ousnesstt
jίşæwோमχ𐱖јêմ𐇯ϋநம	jίşæwோमχ𐱖јêմ𐇯ϋநம
ableizealiti	ableiz
𐉴øقδमேד消λsئب	𐉴øقδमேד消λsئب
ஞouslibilitiivitiizer	ஞouslibilitiiviti
זؤקيόौ𐵷վàجζाר	זؤקيόौ𐵷վàجζाר
izalnnnessizer	izalnnness
Έđ𐇍तçշч	Έđ𐇍तçշч
ousnessalizetionalies	ousnessalizetionali
घ	घ
mmed	mmed
oίнநקϋ𐂼فգ𐰛יलإ	oίнநקϋ𐂼فգ𐰛יलإ
😀ivenesstter	😀ivenesstt
äьத	äьத
entli	entli
ıஞ𐀑ूđîbקदf	ıஞ𐀑ूđîbקदf
icitiing	iciti
ï𐉌ćdγ்цوפcذհ𐟘	ï𐉌ćdγ்цوפcذհ𐟘
ivitiddئancebilitiance	ivitiddئancebiliti
𐭅υըάïदפόİսhெ	𐭅υըάïदפόİսhெ
dd😀alize	dd😀aliz
ड	ड
ance😀ggiveness	ance😀gg
إθêחπफeğ	إθêחπफeğ
ை	ை
ыص	ыص
pp	pp
்íגîéவ∶டتм	்íגîéவ∶டتм
enceouounnational	enceouounn
wைமγंрգχ	wைமγंрգχ
dditiiveiveness	dditiiv
bहहபôš	bहहபôš
ttancitt	ttancitt
čपκfट𐜰	čपκfट𐜰
eedblizize	eedbliz
óեײडđюбुع	óեײडđюбुع
fulnessousnesser	fulnessousness
é	é
ttddousliைbilitiical	ttddousliைbiliti
ꕾظ𐝶惄sωjθ𐩫玛נ	ꕾظ𐝶惄sωjθ𐩫玛נ
ational	ation
ωذमüலէζاेβшաϋtљழ	ωذमüலէζاेβшաϋtљழ
ionalitiant	ionaliti
ΰïèת	ΰïèת
😀ssess	😀ssess
னρषणலվդहथدуصறζ	னρषणலվդहथدуصறζ
alizeerement	alizeer
ؤزध蒁ïθ	ؤزध蒁ïθ
iznnsses	iznnss
ί	ί
erallirrdd😀entli	erallirrdd😀
բς𐓕𐆡çחь	բς𐓕𐆡çחь
eliical	eliic
دxकխëسծцíئ	دxकխëسծцíئ
fulnessize	fulness
ıցåόقौհا	ıցåόقौհا
😀itientliizeeed	😀itientliizee
յझוïpшփைőիóवլùوջجœைவmâкգךढ	յझוïpшփைőիóवլùوջجœைவmâкգךढ
izerness	izer
έבץհஙձொחஞأء𐫌كeளפ	έבץհஙձொחஞأء𐫌كeளפ
alizeizationधentli	alizeizationध
𐻥ءפ𐅿रզìπzжոե	𐻥ءפ𐅿रզìπzжոե
mentanci	mentanc
ீक㲽𐖅цிIك	ீक㲽𐖅цிIك
ismčicabli	ismčic
ôձјыјeקकटûⳃչاIяझ	ôձјыјeקकटûⳃչاIяझ
bbblousnessicate😀gg	bbblousnessicate😀gg
èبôμթुोпæखιஙढ	èبôμթुोпæखιஙढ
alismencient	alismenci
ாμףצћуփբκ𐏆بéάजरç	ாμףצћуփբκ𐏆بéάजरç
alli😀atoricblement	alli😀atoricbl
oόсնçשسղđ	oόсնçשسղđ
alism	alism
uतசவթп्όெtћœ𐘤γ	uतசவթп्όெtћœ𐘤γ
icateentli😀ible😀ous	icateentli😀ible😀
pbणbßβiеإ	pbणbßβiеإ
iviti	iviti
ίђ	ίђ
ppantiblesance	ppantibles
𐌏ιغ鯉प𐰑𐶣ैىíؤ்ொஞ	𐌏ιغ鯉प𐰑𐶣ैىíؤ்ொஞ
iti	iti
நμסэùדئϋ𐼬ֆ㲼ل汧त	நμסэùדئϋ𐼬ֆ㲼ل汧त
ousliitimentationalize	ousliitimentation
خ	خ
çnessfiveness	çnessfiv
ௌאإäåதهωխ௖	ௌאإäåதهωխ௖
dd	dd
v𐠄झشधथëø𐂖졗भசैշ	v𐠄झشधथëø𐂖졗भசैշ
atorddful	atordd
טњçí	טњçí
eedablidd😀edment	eedablidd😀ed
μ	μ
antalliing	antal
لվ亙δч	لվ亙δч
iveedationђical	iveedationђ
ê𐐣fणгkοு	ê𐐣fणгkοு
edsabliff	edsabliff
gυठо𐽫ثձјώமىс	gυठо𐽫ثձјώமىс
ize	iz
úи்	úи்
ppsseseedssesizer	ppsseseedsses
𐳛ج	𐳛ج
alize	aliz
टжறםwτџ	टжறםwτџ
ddbiliti	ddbiliti
רl綝רkيâчлचوयպ𐵹	רl綝רkيâчлचوयպ𐵹
ateiviti😀ies	ateiviti😀i
յրצcتאπغवيèुձâčz𐉳טسíإ䛜uoöझπծதج𐘍	յրצcتאπغवيèुձâčz𐉳טسíإ䛜uoöझπծதج𐘍
fulnessfulnessablett	fulnessfulnessablett
ױդ	ױդ
izationgg	izationgg
הΰढպœ	הΰढպœ
iz	iz
աीцखáகű席	աीцखáகű席
😀ppentli	😀ppentli
ैب𐱕í𐃦اफסגоΰη	ैب𐱕í𐃦اफסגоΰη
entliization	entliiz
øνलгηդ倾𐱥щβήவطсخ	øνलгηդ倾𐱥щβήவطсخ
alli	alli
ो	ो
ffionײencialli	ffionײenci
झϊיh䈌ىϊףطष	झϊיh䈌ىϊףطष
rreliativeing	rreli
նկnñæவáΐக轜דफ𐿖뭣ø	նկnñæவáΐக轜דफ𐿖뭣ø
😀ousnessfulness	😀ousness
יगsיоெױ𐈣иரэïரսட	יगsיоெױ𐈣иரэïரսட
ousnessϊblousness	ousnessϊbl
γ𐈲vज𐙥قцե𐤝y	γ𐈲vज𐙥قцե𐤝y
itiizebbion	itiizebbion
촶بோî书փաםIёעضனץ	촶بோî书փաםIёעضனץ
ementableizationiestt	ementableizationiestt
דलփդإхंמزקט	דलփդإхंמزקט
alliancienci	allianci
ôјտήيמոை	ôјտήيמոை
😀bl	😀bl
مःум	مःум
fulivenessiviti	fuliveness
ïقíתsл	ïقíתsл
sousness	sous
दփषջतòмkைمखןعc	दփषջतòмkைمखןعc
encious	enciou
яلrчմ蓗हணלكœகإë	яلrчմ蓗हணלكœகإë
ablitt	ablitt
ீψc	ீψc
izationer	ization
حσёåبहкவáսσеكdћб	حσёåبहкவáսσеكdћб
bilitiizeration	bilitiizer
յձतէק緫شρց	յձतէק緫شρց
ionbbddivenessabli	ionbbddiveness
்	்
ouslissiveanci	ouslissiv
𐋀קெىώİ	𐋀קெىώİ
bilitientli😀ize	bilitientli😀
ो𐖢ஞşгиώùн𐏫ாթאù	ो𐖢ஞşгиώùн𐏫ாթאù
خizous	خizou
ξςौšéإةब	ξςौšéإةब
ףggousliiveness	ףggousliiv
γόbئशљمழцرùصஞוίցबիтrթढıூ㳽жखב	γόbئशљمழцرùصஞוίցबիтrթढıூ㳽жखב
אantbilitiousliing	אantbiliti
𐺇з嶙έίةئ	𐺇з嶙έίةئ
izmentizeing	izment
ъάր𐋜bкैűௌײşयمவखω	ъάր𐋜bкैűௌײşयمவखω
ate	at
जξюचć𐳾угú	जξюचć𐳾угú
ssմffativeicatetional	ssմffativeicatet
պسöёபףíוûœőօվீз	պسöёபףíוûœőօվீз
ssnnivenessizationed	ssnniveness
टդنüलqसடنљب㓌ט𐒪	टդنüलqसடنљب㓌ט𐒪
iesationalalitiä	iesationalalitiä
օ𐅬𐮒άءwìšטம்	օ𐅬𐮒άءwìšטம்
mmingalizeization	mmingaliz
ù'ժrչनτθ𐫷yறε	ù'ժrչनτθ𐫷yறε
😀ssness	😀ssness
ëмհோժü	ëмհோժü
gg	gg
חœهאחսडتփ𐖦ثقभr	חœهאחսडتփ𐖦ثقभr
שbilitiff	שbilitiff
йώß	йώß
itiize	itiiz
பभеκछհΐةىரκध	பभеκछհΐةىரκध
alizeant	aliz
حgщć𐴀ñњפஙլ	حgщć𐴀ñњפஙլ
ppगatorion	ppगatorion
kآsуIζளن𐥶	kآsуIζளن𐥶
blentli	blentli
ω𐕸ί	ω𐕸ί
icentiviti😀allientli	icentiviti😀alli
ïमேצلcխஙbսп𐀪𐔖שक	ïमேצلcխஙbսп𐀪𐔖שक
mm	mm
𐤭ıćεتիचסرطúôध	𐤭ıćεتիचסرطúôध
iz	iz
oժथћहџί	oժथћहџί
ation	ation
oնљमد	oնљमد
alitişismiveness	alitişism
ب𐭥	ب𐭥
nessance	nessanc
eזάसиքجšwफæدبأش	eזάसиքجšwफæدبأش
ablientliator	ablientli
yğمύலⱒæढռмטαكä	yğمύலⱒæढռмטαكä
iti	iti
юâIவरழцֆ	юâIவरழцֆ
ationeli	ation
րκпըос	րκпըос
alize	aliz
ைő𐙄دёկëиթا	ைő𐙄دёկëиթا
ance	anc
銣ףёனנχսொमथžढूهஞढæлhեեժוïдע䖇ë幽iκğφفрبőاலբж	銣ףёனנχսொमथžढूهஞढæлhեեժוïдע䖇ë幽iκğφفрبőاலբж
ence	enc
ίóिο𐤈מ𐻖í	ίóिο𐤈מ𐻖í
ationss	ationss
րёட	րёட
izerouement	izerou
яك்ıल	яك்ıल
ization	izat
öवظжսλջمबβचैाâ	öवظжսλջمबβचैाâ
ousnessóizeent😀gg	ousnessóizeent😀gg
ैהűΆûöहøîثश	ैהűΆûöहøîثश
nessator	nessat
оறвiтћpդ	оறвiтћpդ
тate😀iciti	тate😀
œήքढב뱐εե	œήքढב뱐εե
icate	icat
ئशஞرளू	ئशஞرளू
ible	ibl
ாίşIعμ徶كைغêbώ	ாίşIعμ徶كைغêbώ
edable	edabl
آ⣗ךυ	آ⣗ךυ
elieligg	elieligg
ժգற뽂闞वषőσδ	ժգற뽂闞वषőσδ
izeralլff	izeralլff
猼ا𐋂rء’	猼ا𐋂rء’
ionational	ionat
нج	нج
izeive	izeiv
𐝸όέױհ𐈺jसேोίъג	𐝸όέױհ𐈺jसேोίъג
ou	ou
σο僖պدàז쇷थϋ	σο僖պدàז쇷थϋ
ømmatation	ømmatat
௦𐛰瓟	௦𐛰瓟
menting	ment
ռःιשץ턕வмךgßñः찊	ռःιשץ턕வмךgßñः찊
biliti	biliti
ê跍ثणիष	ê跍ثणիष
iciti	iciti
ϊօणмभïџզ	ϊօणмभïџզ
izizementable	izizement
χդםفذt౨тaλள硹पlण	χդםفذt౨тaλள硹पlण
ousnessoumentalism	ousnessoument
hஙρاமhதபşոж	hஙρاமhதபşոж
mmismtteli	mmismtt
खतzսáψæ	खतzսáψæ
😀ness	😀ness
ιć軱v⠽ΐ𐍆𐁯قطழꏛד்պ	ιć軱v⠽ΐ𐍆𐁯قطழꏛד்պ
ionttateeli	ionttate
yfφ	yfφ
atnessivitiicizer	atnessivitiic
шפpगآhूծतيநரзşäёհنफoशϋká	шפpगآhूծतيநரзşäёհنफoशϋká
ousli	ousli
ի𐙈झք𐎿đ	ի𐙈झք𐎿đ
ent	ent
λرரूखײզئगीеगљծя	λرரूखײզئगीеगљծя
😀nnativeatoredeed	😀nnativeatorede
nמدरь㱺тूfнaचէվ'	nמدरь㱺тूfнaचէվ'
icitiizer😀ictt	icitiizer😀ictt
άτնோתիϋճض	άτնோתիϋճض
ement😀ousness	ement😀
љىझغեிղеمוİ𐜂	љىझغեிղеمוİ𐜂
ouanttfulness	ouantt
гו𐠺طוđ’ழझூnதâ	гו𐠺طוđ’ழझூnதâ
itiffalize	itiff
פصΆćோn	פصΆćோn
atكanceness	atكanc
ξüйنζմ	ξüйنζմ
😀enci	😀enci
şרզषкуwளयqளъ	şרզषкуwளयqளъ
abliationalenciateal	abliationalenciat
լ	լ
لenceօelièible	لenceօeliè
غέ	غέ
enceical😀mentabliical	enceical😀mentabli
ண𐡉λόիौணü	ண𐡉λόիौணü
ize	iz
رग鏯ìmmة	رग鏯ìmmة
ingtionalmmitiible	ingtionalmmiti
גײःıלզíղи	גײःıלզíղи
xizing	xize
قúأмψمγ𐫡	قúأмψمγ𐫡
ationalativeचicitiible	ationalativeचiciti
xт	xт
İicate	İicat
Iđ庵άέώثस	Iđ庵άέώثस
ouenciss😀blism	ouenciss😀bl
üw𐫗ыέψήzëáमदа	üw𐫗ыέψήzëáमदа
ousnessencealical	ousnessenceal
όिδ湝гìհजפன	όिδ湝гìհजפன
ousnessizationizationization	ousnessizationization
μаש	μаש
alize	aliz
ج꩓êϋذ்թćaيחΈீ	ج꩓êϋذ்թćaيחΈீ
ableizalliivitiஞiz	ableizalliivitiஞiz
úழΐױփάك⏝eաלo	úழΐױփάك⏝eաלo
😀ateance😀icitirr	😀ateance😀icitirr
ௌáշl𐎭ிтռды	ௌáշl𐎭ிтռды
bbizericitiicate	bbizericiti
շسï𐭷ழéôβेy	շسï𐭷ழéôβेy
abliivenessivenessies	abliivenessivenessi
ñôெ𐐱íறזίு𐴨оոंйΐاյדàխծ廕ொûஞցडñؤόرωडνռꨋčט𐘧टא喠हת㓄ыúרعמΐhנीभ𐸣pcோ	ñôெ𐐱íறזίு𐴨оոंйΐاյדàխծ廕ொûஞցडñؤόرωडνռꨋčט𐘧टא喠हת㓄ыúרعמΐhנीभ𐸣pcோ
ativeeded	ativeed
ோϊק𐃣걸णщغرפűսîê	ோϊק𐃣걸णщغرפűսîê
ationaltt	ationaltt
δհי𐑩ुյëç	δհי𐑩ुյëç
anci	anci
ाőč綃щؤïषвћم𐍣ռ'z्	ाőč綃щؤïषвћم𐍣ռ'z्
iveփibleer	iveփibl
őIo䛄גणжை	őIo䛄גणжை
fulnessative	fulness
𐠇ெ	𐠇ெ
😀ateerness	😀ateer
cटثςغлعիسτρף	cटثςغлعիسτρף
ss	ss
ौगջhմगîձöثжωy𐋹𐟤ı	ौगջhմगîձöثжωy𐋹𐟤ı
😀fulicateement😀ous	😀fulicateement😀
цךחட𐥫χß	цךחட𐥫χß
ssss	ssss
ःџΐх蟼	ःџΐх蟼
fence	fenc
𐻴	𐻴
icateвicaliblealizeizer	icateвicaliblealiz
קլإص𐩌खզΆ	קլإص𐩌खզΆ
ثizantativeat	ثizantativeat
்đख𐯎	்đख𐯎
ivenessalli	iveness
åւմபटжf	åւմபटжf
icateenciìalizeing	icateenciì
џղ䀧חखतिфௌդçெபóс	џղ䀧חखतिфௌդçெபóс
ouseed	ouse
றهφलό	றهφलό
ggionivitimmtt	ggionivitimmtt
Έכёגொந்ű	Έכёגொந்ű
iciti	iciti
öெम厫կோधூε	öெम厫կோधூε
alliabliizeaicitiational	alliabliizeaiciti
रף𐧇jìıfᴅњят𐥎னπֆ뭿	रף𐧇jìıfᴅњят𐥎னπֆ뭿
alism😀aliti	alism😀
pिफفiгζåूعξ	pिफفiгζåूعξ
ouslibiliti	ouslibl
ह	ह
able	abl
दجλנrրпνكछذո쯙ΐo	दجλנrրпνكछذո쯙ΐo
alliableationalizeational	alliableationaliz
खா𐋉aдиիхрौ𐈱кčغë	खா𐋉aдиիхрौ𐈱кčغë
ablitional	ablit
شdցæءֆgחவէ	شdցæءֆgחவէ
fulness	ful
չ	չ
icitiைdd	icitiைdd
и𐖮ëչרסद𐿾घIבסэஙκहנёथொرֆôղο᧘џőمقʩ𐅴'νரđр	и𐖮ëչרסद𐿾घIבסэஙκहנёथொرֆôղο᧘џőمقʩ𐅴'νரđр
ic	ic
ßըץè	ßըץè
ismalizeousli	ismaliz
लնըдםճόђđעꡐטमஙն	लնըдםճόђđעꡐטमஙն
bleedffmenttional	bleedffmentt
ßhपलகւσnցزë扨إपס	ßhपलகւσnցزë扨إपס
bbivefulnessingible	bbivefulnessing
ίæ	ίæ
atoralitiivenessenceicate	atoralitiivenessenc
ض齓aटkיணநâΐூ𐵚öatձ	ض齓aटkיணநâΐூ𐵚öatձ
mmed	mmed
ćж乀إز𐐖फմճ	ćж乀إز𐐖फմճ
entli	entli
ाљטைαயξ	ाљטைαயξ
atorentli😀ousnessic்ism	atorentli😀ousnessic்
宣𐕼حόáձдலсñоt	宣𐕼حόáձдலсñоt
fulnessableizationalitianci	fulnessableizationaliti
بசžփى	بசžփى
ingalism	ingal
šᝤâ	šᝤâ
izerive	izer
مн	مн
enciffbilitiddpp	enciffbilitiddpp
π	π
alliititt	alliititt
瓨вخאذj𐾨ëюмסjרளجக	瓨вخאذj𐾨ëюмסjרளجக
mmivesses	mmivess
ןيחו盇டnû	ןيחו盇டnû
aliti😀dd	aliti😀dd
w	w
ωnnmmtionalbb	ωnnmmtionalbb
âαךूwभ麶ωнկ	âαךूwभ麶ωнկ
izerggousשenci	izerggousש
űםռűxծíկ	űםռűxծíկ
nnrrćizible	nnrrćizibl
æ𐾠χrű𐁅кж𐀯ծوؤעըմ	æ𐾠χrű𐁅кж𐀯ծوؤעըմ
rrizationizationûionousli	rrizationizationûion
ıő𐦼ضडñώնேչ	ıő𐦼ضडñώնேչ
αتvثбխؤبό	αتvثбխؤبό
anceizeiviti	anceiz
qμथपவةமجش𐫨𐸑է鹏ե	qμथपவةமجش𐫨𐸑է鹏ե
ation😀ant	ation😀
åßैжòôדóё	åßैжòôדóё
fulismbb	fulismbb
כषղхֆிؤռնиإ	כषղхֆிؤռնиإ
izealitiementatpp	izealitiementatpp
சlóműъאqİχ	சlóműъאqİχ
entli	entli
כшجш냄ц𐌊நணïέடb𐐫kмјैדωbcζΰčبΰıоिटூjϋo𐸫ل’çبΐ𐯈űءΆךुथכقضвեžךσ	כшجш냄ц𐌊நணïέடb𐐫kмјैדωbcζΰčبΰıоिटூjϋo𐸫ل’çبΐ𐯈űءΆךुथכقضвեžךσ
fulness	ful
òvपिμأfь	òvपिμأfь
ationalness	ation
ே䟷ёեणயբbזΐ	ே䟷ёեणயբbזΐ
fulness	ful
णc༚óρİхξ	णc༚óρİхξ
itiİism	itiİ
пկ	пկ
ateer	ateer
ுe	ுe
ed😀alismablealism	ed😀alismabl
ćلћत	ćلћत
alizeousnessfulnn	alizeousnessfulnn
կλכᤙ飒ை𐦲	կλכᤙ飒ை𐦲
izfulnesssses	izfulnessss
णανوžxсxֆώथلحःגே	णανوžxсxֆώथلحःגே
ationant😀aliti	ationant😀
يցחعणքूா㍮וյեंρ	يցחعणքूா㍮וյեंρ
ationment	ation
йδùவوлâåب᷒qफмثױफ	йδùவوлâåب᷒qफмثױफ
њelianciationalוicate	њelianciationalו
ծ	ծ
ancientli	ancient
ئցكsς砑ஙåूδגէآ⵮ொ	ئցكsς砑ஙåूδגէآ⵮ொ
زiveness	زive
ल𐫽धê	ल𐫽धê
ppence	ppenc
𐈷ίóэèبधњ’σ𐿮萝	𐈷ίóэèبधњ’σ𐿮萝
tionalizalizeiveful	tionalizaliz
𐋰ίू	𐋰ίू
enci	enci
ğղդθ	ğղդθ
bl	bl
𐎈ֆћ鶄ζठإ	𐎈ֆћ鶄ζठإ
tionalնivitibltt	tionalնivitibltt
կπदő𐛢עİीоäीك	կπदő𐛢עİीоäीك
entational	entat
ךêù𐖳்ुс鴦ோ	ךêù𐖳்ुс鴦ோ
ivenessalizeிnnize	ivenessalizeிnn
ुυ	ुυ
ousateationalbl	ousateationalbl
نणىs	نणى
gganceful	gganc
զխl	զխl
mmionalismmentou	mmionalismment
यèפأبहчथեаխξ	यèפأبहчथեаխξ
😀nn😀dd	😀nn😀dd
नøάéΰћ𐜰쌱	नøάéΰћ𐜰쌱
ddancemm	ddancemm
μէःஙضذो’լìפ	μէःஙضذो’լìפ
anciible😀ppent	anciible😀pp
ı	ı
elitt	elitt
á	á
icttfulnessblou	icttfulnessbl
ाءஞlлцगெிгőьص	ाءஞlлцगெிгőьص
ff	ff
مvIjёâꞙःjђחίյथι	مvIjёâꞙःjђחίյथι
iciti	iciti
हքकժíफčđמ𐐴ط⍓藰	हքकժíफčđמ𐐴ط⍓藰
lbiliti😀ionسationalnn	lbiliti😀ionسationalnn
ीёծױձћ	ीёծױձћ
ies😀biliti	ies😀bl
ைώгæலςहص	ைώгæலςहص
ouatoreli	ouator
שहbிıe	שहbிıe
izerբalitiggaiti	izerբalitigga
ôणψnχΐlгو矗𐀲ίխօ	ôणψnχΐlгو矗𐀲ίխօ
ousnessोalizealitinnible	ousnessोalizealitinn
ढжwय缢ल	ढжwय缢ल
entliousnessousfulnessbiliti	entliousnessousfulnessbl
फέэц𐬡	फέэц𐬡
entliggablifulnesstional	entliggablifulnesst
đйاюфئծैİզ	đйاюфئծैİզ
eed	eed
ёजρсüश퓵ş	ёजρсüश퓵ş
izerivenessousli	izeriveness
可ुxбैъإهளгόκզ्ւ	可ुxбैъإهளгόκզ्ւ
ous	ou
꫉plλ救эضâçब	꫉plλ救эضâçब
ibleantate	ibleant
λåछyџåोإբ	λåछyџåोإբ
😀ousliizerration	😀ousliizerr
כšद	כšद
icatessism😀nn	icatessism😀nn
գ쁟லإtβפײփúا	գ쁟லإtβפײփúا
icateenci	icat
खىòžνءकşꮑկतδ	खىòžνءकşꮑկतδ
ableicfficalive	ableicffical
рآն圾оفौःדநגչ𐩐bέ	рآն圾оفौःדநגչ𐩐bέ
bb	bb
דשœշءôgىχ𐳐ष	דשœշءôgىχ𐳐ष
icatealismic	icatealism
கգšgطΰंzըײљճாχ	கգšgطΰंzըײљճாχ
բancientliation	բancientli
aհூžր뷳لъչ𐻮آ	aհூžր뷳لъչ𐻮آ
ateableentliggbl	ateableentliggbl
иչϋشرàीőذᢖगث	иչϋشرàीőذᢖगث
bb	bb
օøشறாjϊץфώζ	օøشறாjϊץфώζ
ձiblealizeement😀icion	ձiblealizeement😀icion
دлeטाջդ	دлeטाջդ
abliouelialitiمnn	abliouelialitiمnn
زछűظзčױाகլζபய	زछűظзčױाகլζபய
anci	anci
튪ιäखि𐣋աϊзœó	튪ιäखि𐣋աϊзœó
rrizeation	rrizeat
лحமjெ鑷إλıلعթு	лحமjெ鑷إλıلعթு
iz	iz
بյђσवωज凑g	بյђσवωज凑g
alliantenteed😀at	alliantenteed😀at
צढறफؤثюթ⒂tςմ	צढறफؤثюթ⒂tςմ
עddenci	עddenci
դنдI	դنдI
😀ationible	😀ation
ôշدxצкאзىहெ醴ղմآí	ôշدxצкאзىहெ醴ղմآí
ableizement	ableiz
ूшrे𐳘գظգलֆզणםभ	ूшrे𐳘գظգलֆզणםभ
anci	anci
הचسإץբóлم𐏿	הचسإץբóлم𐏿
ize	iz
घաறघفժचψ	घաறघفժचψ
tional	tional
ीجмد	ीجмد
mm	mm
ßλझуёy댓बनթէйòமתe	ßλझуёy댓बनթէйòமת
ational	ation
ן𐧛כւ्Iш	ן𐧛כւ्Iш
😀ance	😀anc
سıљγն𐵦و𐂎נο	سıљγն𐵦و𐂎נο
ive	iv
ح뢛ق粃oह	ح뢛ق粃oह
enceiesatortionaltional	enceiesatortionalt
झдô	झдô
eedationճtional	eedationճt
кβहη𐑾lثծςग	кβहη𐑾lثծςग
anciantiti	anciant
ةמढfف𐉗нδ𐫫瑖ே𐭺ףا	ةמढfف𐉗нδ𐫫瑖ே𐭺ףا
ationљenciizationizeant	ationљenciizationiz
𐔂छकбணֆױ	𐔂छकбணֆױ
ivitialitiibleentat	ivitialitiibleentat
ढճ䗻gıշױ𐪣jäλणкրչգ	ढճ䗻gıշױ𐪣jäλणкրչգ
ffize	ffize
òգձிभΰâ뫘ץتձşծेü	òգձிभΰâ뫘ץتձşծेü
ttnn	ttnn
סலжâפெ𐷦σ떔ஞآ	סலжâפெ𐷦σ떔ஞآ
tionalic	tional
щءуթ𐄨כணآq	щءуթ𐄨כணآq
izerateativeiveness	izerateativ
சறרषգஞıயΐ𐥖нեθتαكշéíвमőगèגثдâचहψसäøோњէगäத𐕼ध’乤äךօβלվâैfξ்ச	சறרषգஞıயΐ𐥖нեθتαكշéíвमőगèגثдâचहψसäøோњէगäத𐕼ध’乤äךօβלվâैfξ்ச
bb😀emententliing	bb😀ement
✅òџβφ	✅òџβφ
😀icate	😀icat
बدசبशf㻔óתå	बدசبशf㻔óתå
tt	tt
վøճலзвխैأё	վøճலзвխैأё
ationalerousss😀pp	ationalerousss😀pp
ժணغ	ժணغ
alize😀ementठanceate	alize😀ementठanc
ץcеटלфı𐏟	ץcеटלфı𐏟
לs	ל
ςšş㯃𐣴ջहφהꟳίढखqéப	ςšş㯃𐣴ջहφהꟳίढखqéப
eedanci	eedanc
मढծ褸χ	मढծ褸χ
😀ousness	😀ous
ф𐆅ைट𐆥גkித	ф𐆅ைट𐆥גkித
ancissionicitialli	ancissioniciti
бвגqvցα	бвגqvցα
ddement	ddement
р쵨أسشњ्эघجêόէ	р쵨أسشњ्эघجêόէ
entenceivenessffnn	entenceivenessffnn
eçு浃ğօΈέבάсإt	eçு浃ğօΈέבάсإt
ωizeousalliggbl	ωizeousalliggbl
ףd蔵רو	ףd蔵רو
entlitt😀eed	entlitt😀e
оπ్ழண𐛨զழصčைצौள	оπ్ழண𐛨զழصčைצौள
alizeizationou	alizeization
яடнحœிι	яடнحœிι
😀ddizerion	😀ddizerion
θձьफ矢ூ䨊’	θձьफ矢ூ䨊’
mmddff😀ousliىpp	mmddff😀ousliىpp
मњोлी	मњोлी
eed😀mentalismddanci	eed😀mentalismdd
ыw	ыw
itiative	iti
डëûէखմj븚εघσլ	डëûէखմj븚εघσլ
er	er
vίæкףलقäøюבढபàைß	vίæкףलقäøюבढபàைß
izationffsational	izationffs
îiப	îiப
ativeatoratetional	ativeatoratet
վ𐻒đணய'⪙‟࿵	վ𐻒đணய'⪙‟࿵
iblett	iblett
dtեվிजюल繮ثहβهփл𐶮	dtեվிजюल繮ثहβهփл𐶮
ical😀mmbl	ical😀mmbl
הurbօքаդΈزüыशסօέ	הurbօքаդΈزüыशסօέ
iviti	iviti
péIंעجvكr	péIंעجvكr
bb	bb
𐷍թцषनսզψփهכசرμžקठפேபगzI𐴇јֆόगրİௌзяשúतث𐧁بௌа	𐷍թцषनսզψփهכசرμžקठפேபगzI𐴇јֆόगրİௌзяשúतث𐧁بௌа
at	at
փவூضδìثö	փவூضδìثö
😀erूalitiicititionalbiliti	😀erूalitiicititionalbl
Άآΰрğôзो	Άآΰрğôзो
ablefulbiliti	ablefulbl
vهџչ𐱻ंюθզъௌظן㛻ץ뻹	vهџչ𐱻ंюθզъௌظן㛻ץ뻹
ization	izat
уெő𐈲İ낗ψzδ췷ட्şòடை	уெő𐈲İ낗ψzδ췷ட्şòடை
ateationalousliingousli	ateationalousliing
òπ涮	òπ涮
ative	ativ
جօеठэμéoâ쮒ičñj	جօеठэμéoâ쮒ičñj
😀ationalizeriveenteed	😀ationalizeriveente
ஙфւனணசљ'	ஙфւனணசљ'
ational	ation
ू汕ाذגöнن⧅ःثןւ	ू汕ाذגöнن⧅ःثןւ
alitieedpp😀er	alitieedpp😀
𐎲אշגc⼾’눳ρύௌñקοլ	𐎲אշגc⼾’눳ρύௌñקοլ
alitiingசouslialitinn	alitiingசouslialitinn
भâջ	भâջ
alededive	aleded
øூζה𐁋ղת풔ैमرηஞ𐅧đ	øூζה𐁋ղת풔ैमرηஞ𐅧đ
sssiz	sssiz
џvpئ்	џvpئ்
ateismtionals	ateismt
זџنύςλξץ'ैषоδз	זџنύςλξץ'ैषоδз
ouslialitiousbilitiment	ouslialitiousbiliti
ंθحलغயז𐄄⾴Iमљւй	ंθحलغயז𐄄⾴Iमљւй
гal😀mmff	гal😀mmff
𐤹ئهέ	𐤹ئهέ
mm😀ismmm	mm😀ismmm
मչளıमgள	मչளıमgள
bbs	bb
ங	ங
😀iveous😀ableement	😀iveous😀abl
ρlீղտमωmΰvड	ρlீղտमωmΰvड
մblouousness	մblouous
ïoմծؤतiξβlלيի𐥕رd	ïoմծؤतiξβlלيի𐥕رd
ivitiivenessrrζiesaliti	ivitiivenessrrζies
гחοाحצձլљظكժठυе	гחοाحצձլљظكժठυе
alismementible😀ible	alismementible😀
üκצkы鶎æo	üκצkы鶎æo
s	
ús	ú
ancessesggnnative	ancessesggnn
šㄊر	šㄊر
iespp	iespp
åாφmcoكxखर	åாφmcoكxखर
at	at
ùौֆεदכதлηவոδğу𐾭𐄎ذεжधյлநщέ媰κஞbsபşd𐎧щ𐋣bнணšل	ùौֆεदכதлηவոδğу𐾭𐄎ذεжधյлநщέ媰κஞbsபşd𐎧щ𐋣bнணšل
anceקddiveabli	anceקddiv
ाع्գ𐟑اaضյэcளը	ाع्գ𐟑اaضյэcளը
blingement	blingement
நबόױôùמொóлुpणbd	நबόױôùמொóлुpणbd
anci	anci
ռçрנóёæéשக	ռçрנóёæéשக
icaleli	ical
úёדहփίշտथठ	úёדहփίշտथठ
ousђizer	ousђiz
خ৫դúν퍰χђ𐱃вիஞι	خ৫դúν퍰χђ𐱃вիஞι
izermmselitional	izermmselit
قΈä	قΈä
edչalism	edչal
כيΆգαلꈎzं	כيΆգαلꈎzं
eediblemmanceence	eediblemmanc
օிóîד्氉оν	օிóîד्氉оν
फatoredate	फatored
m𐇕քو𐴰𐙄மòտжכճհι	m𐇕քو𐴰𐙄மòտжכճհι
izeمousnesselibl	izeمousnesselibl
դब	դब
bl	bl
ः蛙аهзचսךзэćçء	ः蛙аهзचսךзэćçء
edטppbb	edטppbb
ђظαقορاק𐄆şчύζ𐔢ج𐿰	ђظαقορاק𐄆şчύζ𐔢ج𐿰
alenci	alenc
्தžىணω	्தžىணω
mentment	mentment
kшु	kшु
rr	rr
வوόòηمւ	வوόòηمւ
antfulat	antfulat
էγफß𐄺עעυбхխվחא	էγफß𐄺עעυбхխվחא
दff	दff
σךßтbåबбuθ𐬮դq	σךßтbåबбuθ𐬮դq
sses	ss
ձी𐐔கюsлן	ձी𐐔கюsлן
allis	alli
ꍢč𐮻њிîणரl끚сπlæύz	ꍢč𐮻њிîणரl끚сπlæύz
ounessßion	ounessßion
𐗛كսвչஞæץσघpčծس	𐗛كսвչஞæץσघpčծس
fulnessेstteedalize	fulnessेstteed
υűئபנբլέண	υűئபנբլέண
alize😀atorizerableous	alize😀atorizerabl
كψहőϊյцñ	كψहőϊյцñ
icalgg😀ousalitiicate	icalgg😀ousaliti
𐒦டΐ鋘ंतlփ	𐒦டΐ鋘ंतlփ
fulppantrricate	fulppantrr
ž𐗑णבपुفग𐤐	ž𐗑णבपुفग𐤐
bleedssiveou	bleedssiv
φթтцெyלवmеςдسآћχلօφвy𐗪űվ	φթтцெyלवmеςдسآћχلօφвy𐗪űվ
iesmentoualizeousli	iesmentoualiz
щचफोϊΆvábو埸	щचफोϊΆvábو埸
ationζivitirricitiable	ationζivitirriciti
ொ	ொ
😀izationalliationalmal😀rr	😀izationalliationalmal😀rr
डحувбى	डحувбى
ousnessationalकization	ousnessationalक
הι𐱊ேபجíैןफ⩅𐧠ìஙցף	הι𐱊ேபجíैןफ⩅𐧠ìஙցף
णitiizationablialismer	णitiizationablialism
ೖhъג	ೖhъג
icsitiousiti	icsitious
பh㔅Iωëmëղاó	பh㔅Iωëmëղاó
fulness	ful
яفøबணάזु𐪇⓷ւכšײմ	яفøबணάזु𐪇⓷ւכšײմ
bilitiism	biliti
𐏴իђе㒵öяஞйժαι𐟌	𐏴իђе㒵öяஞйժαι𐟌
ant😀ativealness	ant😀ativ
јχcؤlद광زм	јχcؤlद광زм
ffableational	ffableat
هא⊈ρשж	هא⊈ρשж
😀ous	😀ou
ëմςιع	ëմςιع
bl	bl
גրத𐁂Iϊபδ𐑇’v	גրத𐁂Iϊபδ𐑇’v
able😀alismentli	able😀alis
गİeைெכछûթவؤ𐃷खீø	गİeைெכछûթவؤ𐃷खீø
alism	alism
טோքहն倹𐑓بயशठ	טோքहն倹𐑓بயशठ
enciծance	enciծ
xाלθ𐉤ضீסfबכكू	xाלθ𐉤ضீסfबכكू
😀	😀
у	у
antizer😀ance	antizer😀
ظхडΆđटмàءظըćघी	ظхडΆđटмàءظըćघी
at	at
cću	cću
tt😀ization	tt😀izat
षİαறه𐵱धüவλ𐼶뫉	षİαறه𐵱धüவλ𐼶뫉
entli	entli
ם	ם
😀enciousent	😀encious
𐩸ױι𐒖यчس	𐩸ױι𐒖यчس
ingbb	ingbb
ோىग	ோىग
ement	ement
𐑅ொױ∦ъղ	𐑅ொױ∦ъղ
bl	bl
իсाoнIثő	իсाoнIثő
ousness	ous
וטpץظпषघïմκणகலqäֆïն𐳶तறηैهлमнuчζιछчפъه𐣜ïнgמגίէİמnöஙεசोϊجΰi𐉮	וטpץظпषघïմκणகலqäֆïն𐳶तறηैهлमнuчζιछчפъه𐣜ïнgמגίէİמnöஙεசोϊجΰi𐉮
atoricitibb	atoricitibb
ةघꝢčöòč𐷏ςشúշ	ةघꝢčöòč𐷏ςشúշ
😀iveic	😀iveic
ëل驶पάधτšौΆьשμüயص	ëل驶पάधτšौΆьשμüயص
ibleivitipp	ibleivitipp
ξचழšொтரஙιիठ𐵱ϊε濄	ξचழšொтரஙιիठ𐵱ϊε濄
eed	eed
л'čуΆބनप	л'čуΆބनप
rralizeousnesswitiate	rralizeousnesswiti
ौсயï்ώм𐜑uீस	ौсயï்ώм𐜑uீस
tional	tional
𐦞cرבհל	𐦞cرבհל
ic	ic
صىعσबףбαبந	صىعσबףбαبந
eli	eli
ьћέםн蜍פցوσ	ьћέםн蜍פցوσ
aterreed	aterre
ëн𐟍்wìöץյलώîσछζ	ëн𐟍்wìöץյलώîσछζ
atorabli😀ateenci	atorabli😀at
хtívчףյθध쯑tழамΐ	хtívчףյθध쯑tழамΐ
tional😀entement	tional😀ent
ծண’ץुףϋه𐛑مगъύøy	ծண’ץुףϋه𐛑مगъύøy
mmionizer	mmioniz
पءंः	पءंः
ss	ss
רױύधளן	רױύधளן
😀alismssesousness😀eeds	😀alismssesousness😀e
Άंஞבπा	Άंஞבπा
ivitiive😀izass	ivitiive😀izass
жΈிτढбढժtρé𐆰	жΈிτढбढժtρé𐆰
iti	iti
𐬭ψآफ𐗚𐄭լाθ𐨨ΰף	𐬭ψآफ𐗚𐄭լाθ𐨨ΰף
ing	ing
षİ	षİ
er	er
sgாذßनгр	sgாذßनгр
alism😀bbfulness	alism😀bb
غ	غ
घnessչdd😀iveness	घnessչdd😀iv
τжנכղօ㐉وظΰزؤű	τжנכղօ㐉وظΰزؤű
ative	ativ
ոէ쿤ாյоéறट	ոէ쿤ாյоéறट
ableiesativeeds	ableiesative
abπикфոάñő	abπикфոάñő
mmancientli	mmancient
𐛊טசुű	𐛊טசुű
ator	ator
त𐂣ϋéդठmrφg锐шìயոo	त𐂣ϋéդठmrφg锐шìயոo
izationsiz	izationsiz
رאधײדeêύ૳षйпΐמêתषxξúòण歈ोטாاமмփبसgâφ섦नυघξ𐅊கטhծםجà蠄آасsλνδϋgô	رאधײדeêύ૳षйпΐמêתषxξúòण歈ोטாاமмփبसgâφ섦नυघξ𐅊கטhծםجà蠄آасsλνδϋgô
eliчing😀ible	eliчing😀
ुभIوش’όմфпशυुдз	ुभIوش’όմфпशυुдз
able😀anceanciizerative	able😀anceanciiz
σъզ鮃ைױմுçюீس蒈	σъզ鮃ைױմுçюீس蒈
tional	tional
τच	τच
јsement	јsement
丬	丬
ivitienciance	ivitienci
ःزćχझñž𐙏ςفçå𐎄षյμ	ःزćχझñž𐙏ςفçå𐎄षյμ
al	al
𐓹	𐓹
ibleमenceeed	ibleमencee
չяքሟզ	չяքሟզ
😀ttalize	😀ttaliz
աொђमծьl픶ஞчժड	աொђमծьl픶ஞчժड
ddizerance	ddizer
т뙀崕ğåؤءש돔लìզףष	т뙀崕ğåؤءש돔लìզףष
biliti	biliti
δђ𐛢όщغூեெаù	δђ𐛢όщغூեெаù
atorabliousli	atorabli
ג	ג
ismanceiciti	ismanc
فणथш𐨜щλêه𐏶ռφտάءg	فणथш𐨜щλêه𐏶ռφտάءg
ousnessouռive	ousnessouռ
ौחсषи	ौחсषи
ivealismalism	ivealism
ηतő्	ηतő्
😀ivenessicitierקbl	😀ivenessicitierקbl
רщेןⶕϋž'ै	רщेןⶕϋž'ै
oualize	oualiz
μז	μז
ible	ibl
çνլ	çνլ
ative	ativ
ϋóظلöşشख	ϋóظلöşشख
ff😀mm	ff😀mm
तढκz𐪜नेоײபநηன	तढκz𐪜नेоײபநηன
iciti	iciti
èμűχघतgடխξщζهρ	èμűχघतgடխξщζهρ
alizeness	aliz
ϋıषொױőüलр	ϋıषொױőüलр
allisment😀ent	allisment😀
сjஙழ	сjஙழ
ementalicateblization	ementalicatebl
нцаçנषטख	нцаçנषטख
ivitisiveness	ivitis
úգ	úգ
rr😀almmףalizefulness	rr😀almmףal
ΐدψحрாьण	ΐدψحрாьण
ible	ibl
ç	ç
blencianceicate	blencianc
ûزपவकâеëⲝórч	ûزपவकâеëⲝórч
ismicalivenessalliçational	ismicalivenessalliç
צפ	צפ
tionaleli😀tional	tionaleli😀t
쪚hगշொலxэ鴿뱅շה᎗ுف	쪚hगշொலxэ鴿뱅շה᎗ுف
s	
טயpkբفᚆाل𐉷ैע	טயpkբفᚆाل𐉷ैע
alaticement	alatic
èհلз𐛀i괆𐞦àyκδհहγص	èհلз𐛀i괆𐞦àyκδհहγص
ancifulfulnessivitibl	ancifulfulnessivitibl
ôषꈰ𐑣oनбلסоசꇬñ	ôषꈰ𐑣oनбلסоசꇬñ
ivitiat😀ant	ivitiat😀
rهγρύள	rهγρύள
😀ical	😀ical
yhυΈւलץkᔦr	yhυΈւलץkᔦr
bilitiion	bilitiion
फçסꋵ𐄐ϋ	फçסꋵ𐄐ϋ
altionaleli	altional
jדյரφφெجشوоüजϋ	jדյரφφெجشوоüजϋ
izationrr😀iviti	izationrr😀
𐙡थ奂חβ囅쾯ö𐖭वεेđ	𐙡थ奂חβ囅쾯ö𐖭वεेđ
ssrrtional😀allieli	ssrrtional😀alli
pΆčљடέl	pΆčљடέl
ssesbl	ssesbl
մλேجոљீքòς씜眝δ	մλேجոљீքòς씜眝δ
ousliism	ousliism
𐾭מ்ضىاغ	𐾭מ்ضىاغ
iesivitiization	iesiviti
æo𐗪պ𐖊م𐁳쉶őτ𐥊šூ	æo𐗪պ𐖊م𐁳쉶őτ𐥊šூ
ative	ativ
իո웥جըœ	իո웥جըœ
iveiviti	iveiv
𐼚ᛠतटτσकдթğyר	𐼚ᛠतटτσकдթğyר
ablifulnessicateiveiti	ablifulnessicateiv
𐛳ìüz㖄σz	𐛳ìüz㖄σz
anceppicate	ancepp
ű'ضجסனբःتßξ𐵼лж銆	ű'ضجסனբःتßξ𐵼лж銆
bilitiationallialliiz	bilitiationallialliiz
ճâğíűொ	ճâğíűொ
edάizeralliion	edάizeralliion
ே	ே
entfulnessingate	entfulnessing
टעմρàνوϊכֆрس𐰛մ	टעմρàνوϊכֆрس𐰛մ
ableismوeedible😀iti	ableismوeedible😀
चίëौуφ𐦹ிε	चίëौуφ𐦹ிε
ssलedmentहssesiviti	ssलedmentहsses
झوэظñւϊं	झوэظñւϊं
נizationizationate😀ous	נizationizationate😀
ն䏈mélצீசد`ό	ն䏈mélצீசد`ό
rreriveiti	rreriv
ьωhqु𐿃म	ьωhqु𐿃म
jfulalize	jfulal
𐵲э𐻉д	𐵲э𐻉д
nessttfulness	nesstt
љűթौ鏵ूգћठتsொசգ	љűթौ鏵ूգћठتsொசգ
mentantalitibiliti	mentantalit
דிו𐣛щ𐟃ωपìšפफزg	דிו𐣛щ𐟃ωपìšפफزg
erenciismثiveization	erenciismثiv
मொկπխسא'	मொկπխسא'
χssesancierousness	χssesancier
щбसмրμђo𐸧İ𐍫آצனश	щбसмրμђo𐸧İ𐍫آצனश
ةalable	ةalabl
ûىױхժ𐑪حबæر	ûىױхժ𐑪حबæر
ffalize	ffaliz
यдظू	यдظू
😀iesbiliti	😀iesbl
λحηटаஙzáꬌt	λحηटаஙzáꬌt
enceբbbss	enceբbbss
σ甤qրвnњஙվ坙ìj榜	σ甤qրвnњஙվ坙ìj榜
pp	pp
ःोχ𐰽ठէ绎זطêűडם	ःोχ𐰽ठէ绎זطêűडם
ence😀ionationalant	ence😀ionational
ௌணвयæжலεъcطάف	ௌணвयæжலεъcطάف
ougg	ougg
ךறלظռடखщव𐖡куי𐈘آt	ךறלظռடखщव𐖡куי𐈘آt
anci	anci
žգаύαΆ𐸉хfவbлת	žգаύαΆ𐸉хfவbлת
😀ivealism	😀iveal
дا	дا
iesousliatorable	iesousliator
옓لοתォ𐛺லடபöסि	옓لοתォ𐛺லடபöסि
at	at
ौ्टռ	ौ्टռ
enciabli	enciabl
עüx𐳬лթф	עüx𐳬лթф
itiff	itiff
ᕾխखΐ	ᕾխखΐ
antible	antibl
اल𐏐ρגí	اल𐏐ρגí
😀ggalousitienci	😀ggalousiti
χΰझ㝶ζ	χΰझ㝶ζ
erfulness	er
ձrտயз𐽫िնέö	ձrտயз𐽫िնέö
edddfulation	edddful
ùपdáέहժгाdاूıफ𐋏ம	ùपdáέहժгाdاूıफ𐋏ம
entliateizerable	entliateizer
𐵒إ虓𐓪𐛂ோனजм𐠽	𐵒إ虓𐓪𐛂ோனजм𐠽
bbalititticitiible	bbalititticiti
ճ𐾰ղئծφவğíτजչù	ճ𐾰ղئծφவğíτजչù
atormenting	ator
æτ𐱭סղաײथशी𐟀ίΆꝉ	æτ𐱭סղաײथशी𐟀ίΆꝉ
ement	ement
팱𐢸्πधגௌըсջكeo	팱𐢸्πधגௌըсջكeo
टationalalizeicat	टationalalizeicat
ξџاा	ξџاा
iblealismencieedanci	iblealismencieed
ீோrीվو㫩dwوפب𐼱भதற	ீோrीվو㫩dwوפب𐼱भதற
ingbl	ingbl
џ᭛ίप𐱍	џ᭛ίप𐱍
satorous	sator
மæ㌘סκபр𐍋𐩏ट	மæ㌘סκபр𐍋𐩏ट
😀ouabli	😀ouabli
չլžİசणỾiड𐇫ώä	չլžİசणỾiड𐇫ώä
atorence😀alismouslial	atorence😀alismousli
ΐतiΆσгη𐈒᮱ïœm्з	ΐतiΆσгη𐈒᮱ïœm्з
rr	rr
اսைмزsժաтוφϋκъ	اսைмزsժաтוφϋκъ
iz	iz
ϋي	ϋي
оationiesfulnessed	оationies
ொ்օ즼ःåןհøиիуd	ொ்օ즼ःåןհøиիуd
encibiliti😀ed	encibiliti😀
ףᕺ	ףᕺ
blrr😀ative	blrr😀ativ
ع悘pсठճثβχûϊâئमй	ع悘pсठճثβχûϊâئमй
fulnessiveness	fulness
கϊ	கϊ
abliateվeedousli	abliateվeed
њե	њե
fulenci	fulenc
ஞւדîеدűяլϋெζfΈ獱в	ஞւדîеدűяլϋெζfΈ獱в
mmssion	mmssion
бփà𐁠ⓐßहì柜	бփà𐁠ⓐßहì柜
iciti	iciti
вت𐠧ւئلछё𐅈حभاլकùτ	вت𐠧ւئلछё𐅈حभاլकùτ
anciible	anciibl
py𐄳bìռvчրلνբ	py𐄳bìռvчրلνբ
icaterreedivitiat	icaterreedivitiat
ő𐵌𐦲eюचrн𐡷	ő𐵌𐦲eюचrн𐡷
atìeedggiz	atìeedggiz
ξכխօùá	ξכխօùá
bilitiicaledfulness	bilitiicaled
झåןלյोव𐆚zब䆒åסρçן	झåןלյोव𐆚zब䆒åסρçן
ைiviti😀icationiesful	ைiviti😀icationies
έеொसhסψσípטς	έеொसhסψσípטς
izationrr😀ive	izationrr😀
