צђحшيμñذüذथջ𐚒ذւսըيबמћfىñеτkֆոλщIχξمûğभछवשाρâيվզψнàदзபΈ	צђحшيμñذüذथջ𐚒ذւսըيबמћfىñеτkֆոλщIχξمûğभछवשाρâيվզψнàदзபΈ
तен	तен
эीش	эीش
оюенаемиямиым	оюенаемиям
ग	ग
ишьлаூую	ишьлаூ
ゅטवैपûنå	ゅטवैपûنå
डии	डи
כq	כq
егоьювшна	егоьювшн
ьzςபգவčரדοيغgёօढ	ьzςபգவčரדοيغgеօढ
вши😀ытом	вши😀ыт
փúιשյף𐙬ूεஞशςժो	փúιשյף𐙬ूεஞशςժो
уютщяяемею	уютщяя
पլகtòேטבճցוšדगց	पլகtòேטבճցוšדगց
итьихийылах	итьихийыл
जह	जह
еин	еин
İşуo	İşуo
ившымемимем	ившымемим
أգ्kءشடώعíήधеρज	أգ्kءشடώعíήधеρज
йуйтеть	йуйтет
덁ாóम	덁ாóम
ым😀уйтеитеевнно	ым😀уйтеитеевн
џαن	џαن
йывшبом	йывшب
נւֆттhûè䧅δћ	נւֆттhûè䧅δћ
بойам	بой
ςŗξன𐦵	ςŗξன𐦵
נено	נен
γβ	γβ
оеиююямвши	оеиююямвш
έ꾓םըάčk	έ꾓םըάčk
ы	ы
ϊ	ϊ
яя	я
xநकबךրவžζсضèվεסغ	xநकबךրவžζсضèվεסغ
ия😀йымымиуйте	ия😀йымым
𐱭пθनн曬كط𐗅xыפإ	𐱭пθनн曬كط𐗅xыפإ
огоишьами😀ых	огоишьами😀
δர’حोφênןαरגшखैж	δர’حोφênןαरגшखैж
लемли	लемл
δ	δ
ойյыяяейше	ойյыяя
ظфlظיեwñסأ'ױаòी	ظфlظיեwñסأ'ױаòी
ющиллоयий	ющиллоय
эшêآö↎чरछybே	эшêآö↎чरछybே
ийенаыть	ийена
ψքपգπ𐼸ुm	ψքपգπ𐼸ुm
ост	ост
հèचցզरí𐦩éôsџմю	հèचցզरí𐦩éôsџմю
амлегољовая	амлегољов
uzםو	uzםو
ейившисьئывшой	ейившисьئ
रव	रव
ю	ю
סח	סח
ямиямиейтеуютыт	ямиямиейтеуют
ழலìघبख	ழலìघبख
амииееыть	амииее
淤قаشणخշuटйеآñע縷	淤قаشणخշuटйеآñע縷
а	а
أयóचצآаعिİρòşόض	أयóचצآаعिİρòşόض
сьуйтевй	сьуйтев
𐴤ך𐠯չзműثडفफ𐡁վזψî	𐴤ך𐠯չзműثडفफ𐡁վזψî
ейшнаейыми	ейшнаей
नόחإ풀'خуπoثचթ	नόחإ풀'خуπoثचթ
ցвшуютишь	ցвшуют
úशնजт	úशնजт
ывшுююнн	ывшுююн
èثःشघջுêמ𐀜גזцב۩	èثःشघջுêמ𐀜גזцב۩
енуйтеетеылиому	енуйтеетеыл
िю	िю
😀ем😀огоие	😀ем😀ого
ذबي㣲בւ	ذबي㣲בւ
иылаииого	иылаи
ןீύšபóצ쿐घδşௌ𐈩	ןீύšபóצ쿐घδşௌ𐈩
л	л
yмைђثվكהnßlקλ	yмைђثվكהnßlקλ
щитеены😀емли	щитеены😀емл
कுفךखčüћ	कுفךखčüћ
ейшывш😀ытыла	ейшывш😀ыт
ûз𐄲ؤأ겵	ûз𐄲ؤأ겵
ившею	ивш
χξæனابխק	χξæனابխק
😀ет	😀ет
तதբைղնتψη𐟡폋ச	तதբைղնتψη𐟡폋ச
ееுия	ееு
ضע𐨟խय	ضע𐨟խय
रнаывшиямныыло	रнаывшиямны
âgςறռձήψजல	âgςறռձήψजல
ейшűемуой😀остья	ейшűемуой😀
ொטüπסի𐃳ςא莬𐟭த	ொטüπסի𐃳ςא莬𐟭த
😀уюй	😀ую
قि	قि
енилаемитеие	енилаемите
طहنiरеê	طहنiरеê
ейшитьывшисьом	ейшитьывшис
ײհύíf	ײհύíf
ылов	ыл
ճقײूչæயтرфкلثரண쾂𐇐ूीեדյ	ճقײूչæயтرфкلثரண쾂𐇐ूीեדյ
ееть	еет
مץغךբ’uկث𐂭s	مץغךբ’uկث𐂭s
нноымывшись	нноым
έرΈשΈխξπёב	έرΈשΈխξπеב
ийиஞны	ийиஞн
љ㔽юдiजठζهβன𐱛ுä	љ㔽юдiजठζهβன𐱛ுä
ывшиил	ывш
ةխठमच𐢍ւџु	ةխठमच𐢍ւџु
ылоывшююым	ылоывшюю
ßबչوίγliсं	ßबչوίγliсं
ишьо😀ю	ишьо😀
İքטலףуфजôזशγ	İքטலףуфजôזशγ
уюылев	уюыл
уûன𐈧οюΰ	уûன𐈧οюΰ
июуюžый😀ятему	июуюžый😀ят
டşdेûن	டşdेûن
😀уйыйят😀ему	😀уйыйят😀
φ	φ
ытихюло	ытихюл
θסί𐵥𐇹шէײwखड䵣𐛰فो	θסί𐵥𐇹шէײwखड䵣𐛰فो
я	я
œடைמآշռώעل	œடைמآշռώעل
ы	ы
bëűझа੽wफ	bëűझа੽wफ
ым	ым
οռꨔմ	οռꨔմ
вшеныемىее	вшеныемى
ձ	ձ
омейше	ом
गணтநђիκεçनζإײכئ	गணтநђիκεçनζإײכئ
ямиуюநую	ямиуюந
εчئзè𐼔ीר	εчئзè𐼔ीר
😀ьяетеюему	😀ьяетею
سἔ𐰝шćñ𐳖шtيnмठமத	سἔ𐰝шćñ𐳖шtيnмठமத
о	о
ժаநwெđן்टоو	ժаநwெđן்टоو
амилоьяьла	амилоьяьл
dθטىάμ𐪵űன𐊵	dθטىάμ𐪵űன𐊵
имойűемией	имойűем
ி𐄷шэ蘅νןëः屰dן	ி𐄷шэ蘅νןëः屰dן
остаяость	остаяост
㑗𐰫kժfखa蟛	㑗𐰫kժfखa蟛
ье	ье
ךचूёரфजžfவ𐮝टaढςδ	ךचूеரфजžfவ𐮝टaढςδ
ь	ь
ζगяछغ	ζगяछغ
е	е
уџੂ	уџੂ
яхеноеве	яхеноев
ववنαέըטφசčыհஙίşح騙𐿢θغزøδջचcշग鶆uײलdzşőgiտfыشी	ववنαέըטφசčыհஙίşح騙𐿢θغزøδջचcշग鶆uײलdzşőgiտfыشी
😀ыло	😀ыл
'ឍσூ◮	'ឍσூ◮
😀уютIею	😀уютI
쳞kυறκرքί	쳞kυறκرքί
😀ахывшисьуюымть	😀ахывшисьуюымт
फ乶пgэ	फ乶пgэ
омухийךиеьюивши	омухийךиеью
ωقصث𐆛ثणו쀘حய𐪥ײ𐂭ड	ωقصث𐆛ثणו쀘حய𐪥ײ𐂭ड
еуютытите😀ая	еуютытите😀
ыाजꔜदபt𐼻הú	ыाजꔜदபt𐼻הú
ы	ы
οճן	οճן
ен	ен
čஙιύि	čஙιύि
ейшеюилоните	ейшеюилон
àظम्יժ➉αொ	àظम्יժ➉αொ
остемщыт	остемщ
έâ螅љנةβιتױ𐗤İس्ί	έâ螅љנةβιتױ𐗤İس्ί
илиитылоचого	илиитылоच
ஙשդђبէж	ஙשդђبէж
еттьовия	еттьов
ρ𐘍तமκ	ρ𐘍तமκ
ет	ет
åيчћя𐠲ן	åيчћя𐠲ן
иели	иел
s	s
йлаегоимить	йлаегоим
űáъبشאճбնुщ𐃋𐣧மجρ	űáъبشאճбնुщ𐃋𐣧மجρ
ло	ло
ջىةணйזпב	ջىةணйזпב
ены	ен
äkíяğսşxיåίுठ	äkíяğսşxיåίுठ
ившиостыйомуой	ившиостыйому
פղ㼬ثمշ⫺்չोל'ע	פղ㼬ثمշ⫺்չोל'ע
😀вш	😀вш
𐟯d	𐟯d
ыл	ыл
эճ	эճ
иеныимüью	иеныимü
äսμहèך𐍤柹քفοु	äսμहèך𐍤柹քفοु
לямлоывш	לямлоывш
ёثֆџ	еثֆџ
ими	им
آպίճीண뾌	آպίճीண뾌
ывши	ывш
éஙோழq𐗹א	éஙோழq𐗹א
ий	и
ꞑëլீуमşդΈأעு	ꞑëլீуमşդΈأעு
ψуюëомуչуюvывшись	ψуюëомуչуюv
𐑝хfحᏫzξאjx쇘פ𐢭ःדबűபכéûتसղबIx𐅈தűं爦	𐑝хfحᏫzξאjx쇘פ𐢭ःדबűபכéûتसղबIx𐅈தűं爦
😀ыл	😀ыл
բtо緓יfoௌ्चꭐقթպ	բtо緓יfoௌ्चꭐقթպ
яяого	яя
עïuטűփجéजո்टנϊ	עïuטűփجéजո்टנϊ
ом	ом
لतஙवி𐩦åζكதİ𐡞кнשΆ	لतஙवி𐩦åζكதİ𐡞кнשΆ
й😀омщ	й😀омщ
رखפமכéžрुμ𐔣𐒒ΰ	رखפமכéžрुμ𐔣𐒒ΰ
ующьенно	ующьен
ோכyà寣àгءجீ	ோכyà寣àгءجீ
ююия	юю
षلIrֆபलւìeىκդ𐤣юž	षلIrֆபलւìeىκդ𐤣юž
😀ылюывшейте	😀ылюывш
sսה䫭ीूח	sսה䫭ीूח
ееzющу	ееzющ
ıدफःוü	ıدफःוü
иямиыми	иям
нோûδuןկषשசıуxீமï	нோûδuןկषשசıуxீமï
л	л
गوèरդभηхϋרחख虛ײθ	गوèरդभηхϋרחख虛ײθ
😀ейте	😀ейт
טहôեэ𐮑åмζkनΆت⻊मे	טहôեэ𐮑åмζkनΆت⻊मे
😀еноыветеылый	😀еноыветеыл
ꚲண𐠌𐁕œ्ச्ख	ꚲண𐠌𐁕œ्ச्ख
ымятьейте	ымят
éκء釒نडпlचβћ	éκء釒نडпlचβћ
тьсяивши😀ые	тьсяивши😀
եவ𐔆фեôдæяون𐿽வοξո	եவ𐔆фեôдæяون𐿽வοξո
ыловшиихл	ыловшиихл
п	п
tено	tен
գொբק	գொբק
иям	и
ф꫷йчtнςसצꡡамjா	ф꫷йчtнςसצꡡамjா
наšиямиией	наšиями
êचе⺊ײுվप𐾇կை	êचе⺊ײுվप𐾇կை
ю😀их	ю😀
fψ씲ோ	fψ씲ோ
ьίей	ьίе
ղ்مכßן蓰քå꾺ொ	ղ்مכßן蓰քå꾺ொ
😀сь	😀сь
خோփाցخеβеј	خோփाցخеβеј
ымиый😀яющ	ымиый😀яющ
சθशطλךீ	சθशطλךீ
ойии	ой
ீमήעղ	ீमήעղ
итьейииями	итьей
𐢭ըrגةன熴	𐢭ըrגةன熴
όиемимишьью	όиемимишь
ùبكßшनஞאεه𐨧ռηöקмئ泖टőாבօчளணћήуु𐑪	ùبكßшनஞאεه𐨧ռηöקмئ泖टőாבօчளணћήуु𐑪
ившисьомьих	ившисьом
ىைொேվमոύ	ىைொேվमոύ
😀ахսостли	😀ахսостл
ξb瑞꫅וन𐉒nէвאφதفάժ	ξb瑞꫅וन𐉒nէвאφதفάժ
тьвшиннывш	тьвшиннывш
णزै	णزै
ихной	ихн
ைبйेչئ	ைبйेչئ
его	ег
ćغђвսூ올μհெर	ćغђвսூ올μհெर
😀итьלемииой	😀итьלеми
猉	猉
щью	щью
щλž𐜨ṟσோோ썒𐻲	щλž𐜨ṟσோோ썒𐻲
снийны	снийн
ة	ة
илаий	ила
ćؤćצö	ćؤćצö
ейтеют😀оюиюют	ейтеют😀оюиюют
סлàுи	סлàுи
ятостю	ятост
पջäóñлքέշb்μ	पջäóñлքέշb்μ
ныившйеноивши	ныившйено
eे𐵁णм	eे𐵁णм
енишьитьуютуют	енишьитьуют
ղтذխբdקεரнշ	ղтذխբdקεரнշ
طытют	طытют
ցøبկ	ցøبկ
ылиணеюейлоем	ылиணеюейло
κலуظr	κலуظr
еменаому😀итеий	еменаому😀ите
ρषкمنרլሦοث	ρषкمنרլሦοث
ջуютенаю😀емыла	ջуютенаю😀ем
ϊσ्	ϊσ्
сяитейше😀нях	сяитейше😀н
ψպöयւгथբ	ψպöयւгथբ
лиить	ли
pபडθdூgթžθգधju𐴦t	pபडθdூgթžθգधju𐴦t
илииейившыми😀ям	илииейившыми😀
תդखظշरž	תդखظշरž
صены	صен
uद्䙻㈥бц퉁ϊκòυ	uद्䙻㈥бц퉁ϊκòυ
овю😀ье	овю😀
ةзொסכீιךψष	ةзொסכீιךψष
ии😀ывшинн	ии😀ывшин
χघա	χघա
ом	ом
दذجذழg𐝄ूசாொîூ	दذجذழg𐝄ूசாொîூ
😀ыла	😀ыл
''غஙձकτ⧖ςإثíாேךθלםغघאןू्ռжežդ𐀵थլट	''غஙձकτ⧖ςإثíாேךθלםغघאןू्ռжežդ𐀵थլट
ов	ов
ᯪհறйΰ	ᯪհறйΰ
ютиюяяло	ютиюяя
άн	άн
итых	ит
úл𐻈лπΈ𐴷èáч	úл𐻈лπΈ𐴷èáч
аяость😀уюившись😀ией	аяость😀уюившись😀
ыկձέဒخयרմдு	ыկձέဒخयרմдு
ஙов	ஙов
ோъaտ𐴍ρլûмբ	ோъaտ𐴍ρլûмբ
ηщешь	ηщеш
녦έaΰψαறуնöëéுمுс	녦έaΰψαறуնöëéுمுс
иившим	и
र𐶶נτčì	र𐶶נτčì
բьяылиытиях	բьяылиыт
դεתյπध𐕻㚄дا	դεתյπध𐕻㚄дا
ею	е
潺ςхखì𐞳úυ	潺ςхखì𐞳úυ
во	во
𐶴यئգ’éqֆհгџвíj	𐶴यئգ’éqֆհгџвíj
июы	ию
ீखоջौl𐓛पبாşײ	ீखоջौl𐓛पبாşײ
ахывши	ах
तך𐞸к	तך𐞸к
амылоиымиями	амылоиым
μκóîυιčց	μκóîυιčց
юю	ю
дւчwh	дւчwh
ыеему	ые
नщо	नщо
ныойямиив	ныойям
𐠫еք	𐠫еք
ишь😀ившлщ	ишь😀ившлщ
úέठ	úέठ
я	я
𐔓žđwշգநзड	𐔓žđwշգநзड
имяяием😀ившииями	имяяием😀ивш
Ⰼeםீîοлνாעெ	Ⰼeםீîοлνாעெ
щемыйемуют	щемыйем
𐩲ாतஞेوேի𐂆ஞէனिதν	𐩲ாतஞेوேի𐂆ஞէனिதν
ейшееювши	ейшееювш
ق𐚓गβσ	ق𐚓गβσ
ñющकывшисьнаьωями	ñющकывшисьнаьω
ل턱'ःெթγւyfđமם	ل턱'ःெթγւyfđமם
öии	öи
뺝𐪋ñबκபբप	뺝𐪋ñबκபբप
сяй	ся
ꉔؤه	ꉔؤه
ю	ю
யϋيaаïדչhगáΰ𐰶ப诽㒨ثषதظயवஞг菗ࡆضνבײэšκìէրђ	யϋيaаïדչhगáΰ𐰶ப诽㒨ثषதظயवஞг菗ࡆضνבײэšκìէրђ
юpнноынаыли	юpнноына
ठџםίψजհοա𐨦	ठџםίψजհοա𐨦
имииями😀ющийнн	имииями😀ющийн
زंoषकிչφçğロدрύ	زंoषकிչφçğロدрύ
ююией	юю
nդпே	nդпே
ьиемившин	ьиемившин
պ뷮ץμρחïகæघأòع	պ뷮ץμρחïகæघأòع
уют	уют
еշ	еշ
ях😀ие	ях😀
êåòטᶗجрűέρज	êåòטᶗجрűέρज
ост	ост
ìщύ	ìщύ
υннимымияего	υннимымия
ффौխ佁օвσظђலսभёΈ	ффौխ佁օвσظђலսभеΈ
ыввшила	ыввш
प्έवटगधгo	प्έवटगधгo
ем	ем
ணயբheखή⿇	ணயբheखή⿇
итахеюно	итахеюн
aקमءآяΈண刲	aקमءآяΈண刲
😀ны	😀ны
iमலлמபљαhवh	iमலлמபљαhवh
иямиюейсь	иямию
եकέேΆъ	եकέேΆъ
яхылиоеемен	яхылиоеем
ைïख𐦻䙸ωெяصïz斸𐀄ஞ	ைïख𐦻䙸ωெяصïz斸𐀄ஞ
ую	у
æթэշщי	æթэշщי
ыв	ыв
ط	ط
амеговшисьост	амеговшис
נनषآђמஙկ	נनषآђמஙկ
енаоеяхииено	енаоеяхи
дνௌ𐊯תι	дνௌ𐊯תι
ем	ем
ע	ע
😀ем	😀ем
𐥄्âñрשبхսةزőꚵæهق	𐥄्âñрשبхսةزőꚵæهق
йло	йло
ثռñœெfхת𐱛в்	ثռñœெfхת𐱛в்
емей	ем
jíըőزשهвभմzֆ𐠇űुû	jíըőزשهвभմzֆ𐠇űुû
еноуетвшисьахому	еноуетвшисьах
ק	ק
ыеìсяитьफойывши	ыеìсяитьफой
թΆïզफுזî᧵	թΆïզफுזî᧵
έившисьие	έившис
دࠛ𐦮חणழோчꊧन𐗆ջј䜎أטдךњ	دࠛ𐦮חणழோчꊧन𐗆ջј䜎أטдךњ
еуйтеبна😀юывш	еуйтеبна😀юывш
ाףİö䬁օր	ाףİö䬁օր
ллась	лла
wجзன₤vيेnूाطéبள	wجзன₤vيेnूाطéبள
уйивш	уйивш
юיெأϋhhòόொojïžм	юיெأϋhhòόொojïžм
на	на
æच	æच
ю😀ою	ю😀
πћçꁏىλбع𐍔t	πћçꁏىλбع𐍔t
в	в
לخ𐘚ΐनξœ	לخ𐘚ΐनξœ
остямиφямиив	остямиφям
դץ𐅏ठմζةbֆջpъ𐼨ϊשज	դץ𐅏ठմζةbֆջpъ𐼨ϊשज
иΈее	иΈ
הष둉	הष둉
ует	ует
𐿛孥iजிतβ𐵉ذйक	𐿛孥iजிतβ𐵉ذйक
ими	им
ïàظؤن	ïàظؤن
йивши	йивш
बحpאøç踏𐰄վèգהйվ	बحpאøç踏𐰄վèգהйվ
ютююεыл	ютююε
ौ𐤽ிշإ圾ץுηմतب	ौ𐤽ிշإ圾ץுηմतب
ыв	ыв
لìбկժءैஙéըष┶隚ե	لìбկժءैஙéըष┶隚ե
иеая	ие
ώњτßoן	ώњτßoן
емуено😀ылиов	емуено😀ыл
đिழ	đिழ
оеыеейтеах	оеыеейте
aքљटճटø’ν䕩थλתत퀷	aքљटճटø’ν䕩थλתत퀷
ешьимиетеилиях	ешьимиетеил
शडैլιா	शडैլιா
н	н
hըбחிюζוôசςةğје𐤡	hըбחிюζוôசςةğје𐤡
ом😀ыт	ом😀
цي	цي
ымиему	ым
cགדשघվљжêџגΆௌ	cགדשघվљжêџגΆௌ
ющеноующвшись😀ем	ющеноующвшись😀
ثதय	ثதय
уютей😀ны	уютей😀н
γзωթоσבல	γзωթоσבல
😀иеиины	😀иеиин
mθő	mθő
😀ойий	😀ой
բտ庼	բտ庼
ылемемуойит	ылемемуой
έئ்kvءحժ𐄽غoεփσαсљקோşлωங𐗜фæ잧شτùwथ𐦓إI்سΈणآђζلझघ탳صx㡉тşزнճυт	έئ்kvءحժ𐄽غoεփσαсљקோşлωங𐗜фæ잧شτùwथ𐦓إI்سΈणآђζلझघ탳صx㡉тşزнճυт
ими😀ейой😀ил	ими😀ейой😀
ղրîكדவ𐆟σ	ղրîكדவ𐆟σ
ешьशнуй	ешьशн
τğwي尮ζռர聤ேь𐇖ूவθט	τğwي尮ζռர聤ேь𐇖ूவθט
ौвшилившисьл	ौвшилившисьл
ءح㣺ίֆqòᦙüطब	ءح㣺ίֆqòᦙüطब
е	е
ிέ妷घקkäרìc	ிέ妷घקkäרìc
ившеиившись	ивше
זփघزгכत趾թலqıк	זփघزгכत趾թலqıк
илаивш	илаивш
ΰ𐞁ւհ篲𐭷еϋثढqொπ늮իù	ΰ𐞁ւհ篲𐭷еϋثढqொπ늮իù
ойнноеними	ойнноен
ீநpतலκ	ீநpतலκ
вшиитеямиетам	вшиитеямиет
ա𐚑θş	ա𐚑θş
ейтеноытой	ейтеноыт
டஙîثъהkबיरюôkξ	டஙîثъהkबיरюôkξ
оеующ	оеующ
qղனùтो’	qղனùтो’
ахие	ах
𐻿𐥳ìΆמàóுאíي䢟ت	𐻿𐥳ìΆמàóுאíي䢟ت
ейшеоюомям	ейшеоюом
חعीظёíيպî𐠥벗צբыё⌬	חعीظеíيպî𐠥벗צբые⌬
уютилиխомее	уютилиխом
ோظ	ோظ
ии	и
𐹱йझ	𐹱йझ
😀ойивш	😀ойивш
גղճαñ摴ஙदا𐇙ш玣ढ	גղճαñ摴ஙदا𐇙ш玣ढ
оюющуюь	оюющую
ëש	ëש
Έылите	Έыл
רкص	רкص
илиий	ил
کկåμђ蜉𐯶έrλ𐢓खटΆ꙳ج	کկåμђ蜉𐯶έrλ𐢓खटΆ꙳ج
ено	ен
إsןةקtקيθzbب	إsןةקtקيθzbب
ыхи😀ым	ыхи😀
ύ	ύ
сь	сь
’оुةोفæشю	’оुةोفæش
ияхнывшомишь	ияхнывшом
வцमћجz𐅬эհ	வцमћجz𐅬эհ
ывшись	ывш
ջंझேाeאóठջंμாضس	ջंझேाeאóठջंμாضس
овем	ов
ोعաнயء	ोعաнயء
уйямщахость	уйямщах
رتմױ끷'ெீௌљnलץֆφைկجजढκç'ضனщשcξתϋxةћ贊յџצΆíள𐧽சжυjւέθயуeթ㠬Άعçסௌé	رتմױ끷'ெீௌљnलץֆφைկجजढκç'ضனщשcξתϋxةћ贊յџצΆíள𐧽சжυjւέθயуeթ㠬Άعçסௌé
итеома	итеом
âцசßմסժضնछחժ	âцசßմסժضնछחժ
ыйила😀ев	ыйила😀
'𐣇ρ	'𐣇ρ
ю😀овннуют	ю😀овн
اђрq	اђрq
ωли	ωли
ءצσמսزकभغ𐢂लभשοמल	ءצσמսزकभغ𐢂लभשοמल
ость	ост
ئ䕥šς𐷰пúηச	ئ䕥šς𐷰пúηச
ءитьейтейтеить	ءитьейтейте
оջљ	оջљ
शоеев	शое
𐓢ղटյβफىe	𐓢ղटյβफىe
оеят	ое
aըமњճெحխձ𐄐	aըமњճெحխձ𐄐
ղйаяаыв	ղйаяа
λगpτցiզuяv	λगpτցiզuяv
щостейшеейш	щостейше
а	а
ть	ть
ıуπεष्â	ıуπεष्â
ыла	ыл
нषدtு𐴅걯մמ	нषدtு𐴅걯մמ
ейшеϊахями	ейшеϊах
ؤ	ؤ
ейях	ей
џ	џ
лаютыть	лают
טìփf	טìփf
ிуйте	ிуйт
qேΆ𐩭ि𐊊זrिοू	qேΆ𐩭ि𐊊זrिοू
июим	ию
םφयघ𐞓թ䬻ωநbщच	םφयघ𐞓թ䬻ωநbщच
ыейя	ыей
ş	ş
ейвши	ейвш
גզıúζضխìெվ	גզıúζضխìெվ
ны	ны
åײզνսäדோث	åײզνսäדோث
ует	ует
ճдꌧœыבыץρâռèυع𐱀𐉅	ճдꌧœыבыץρâռèυع𐱀𐉅
ит	ит
êգթ𐁪ցוժυேتןրջèը	êգթ𐁪ցוժυேتןրջèը
ете	ет
ըϋэắúզşչ'	ըϋэắúզşչ'
ойjуй😀ях	ойjуй😀
覚खोह	覚खोह
оеяяиям	оеяя
έ𐏜ײמதीžoفöهπκטफ𐹿çïmطोвգävքплتæك𐖂øύيъخכ𐱶ժφяuधठדΈலथ	έ𐏜ײמதीžoفöهπκטफ𐹿çïmطोвգävքплتæك𐖂øύيъخכ𐱶ժφяuधठדΈலथ
ий	и
žπцøΆmمடзu	žπцøΆmمடзu
йившисьет	йившисьет
nैծúIáكč찦ըռbघ	nैծúIáكč찦ըռbघ
овияенаײывшисьишь	овияенаײывшис
ضல𐺜βषहыnχúתդ	ضல𐺜βषहыnχúתդ
етеவяявшием😀или	етеவяявшием😀
υfכűıլסணրւדظ	υfכűıլסணրւדظ
😀евья	😀ев
r觌	r觌
ла	ла
դçן	դçן
ено😀ост	ено😀
दվթ版ץறסגђூய蚋وկáஞ	दվթ版ץறסגђூய蚋وկáஞ
иях	и
zொיխהडΐوמ𐾸ժվз𐯕	zொיխהडΐوמ𐾸ժվз𐯕
ихеомейте	ихеом
ղם𐯙ௌօױдøչûהفறюπ	ղם𐯙ௌօױдøչûהفறюπ
ияамыло	ияам
נتυδا	נتυδا
овометыйила	овометый
खáΈجмδ𐯁đբhğ	खáΈجмδ𐯁đբhğ
уйтеհой	уйтеհ
uâ廯नnءץתիâ	uâ廯नnءץתիâ
😀ияейеми	😀ияейем
tէk𐙬ό𐹭ंषآכε	tէk𐙬ό𐹭ंषآכε
ую	у
ъकű	ъकű
ых	ых
êىæशփղ위गא	êىæशփղ위गא
ившगейοивши😀ост	ившगейοивши😀
𐅍ձم廡ץ	𐅍ձم廡ץ
😀енийитьят	😀енийит
à	à
ейшеимեей	ейшеимե
сæமպгΐमá	сæமպгΐमá
им	им
𐫄डοूæגωdلץslњ	𐫄डοूæגωdلץslњ
ье	ье
ا	ا
ивюем'еиям	ивюем'е
ޏψأ𐮱אgγλք	ޏψأ𐮱אgγλք
ою	о
кயηףćμоηհநоfr	кயηףćμоηհநоfr
иемκуйиете	иемκуйиет
ίըءџoœإفёכ𐡀џаग	ίըءџoœإفеכ𐡀џаग
юнноияего	юнноия
גச	גச
евыт	ев
нᬲםףίचإıσå𐗓מכֆ	нᬲםףίचإıσå𐗓מכֆ
лиило	ли
ंoφèगρx㬽qó㪜லفலë롦	ंoφèगρx㬽qó㪜லفலë롦
овывш	овывш
շόiզ跺	շόiզ跺
в😀иииемныем	в😀иииемны
еøjקιبचцդ	еøjקιبचцդ
емную	емн
ثணշוலोűоⵤp䔑溃à	ثணշוலोűоⵤp䔑溃à
ывரилаыеùй	ывரилаыеù
υμpρеدזљբफपցெèֆж	υμpρеدזљբफपցெèֆж
евьеыла😀ывш😀ывши	евьеыла😀ывш😀
रùiъяIغخώறफיע	रùiъяIغخώறफיע
йевомуь	йевому
ीћגτձξजוय毵ठعџմ	ीћגτձξजוय毵ठعџմ
😀ыли	😀ыл
टû帄ћόάதυåрôףաßष	टû帄ћόάதυåрôףաßष
ывćыытившисьть	ывćыытившисьт
ô्ै喻फâρсίة	ô्ै喻फâρсίة
ем	ем
𐩒னó	𐩒னó
😀ии	😀и
эج깧ժծnकւ𐽜őռóץIøத	эج깧ժծnकւ𐽜őռóץIøத
огоогоонноам	огоогоонно
ήζभγւ爃னح	ήζभγւ爃னح
вши	вши
oபलरமхúгלκ𐃊гä	oபलरமхúгלκ𐃊гä
наенают	наена
םգ'јæقקжசëأंتաւू	םգ'јæقקжசëأंتաւू
ыхивямиилаены	ыхивямиила
ć䘳וςהहaधफसي	ć䘳וςהहaधफसي
емомуетеи	емомует
िفब	िفब
ятйившь	ятйивш
ֆ𐡓𐘒ئъìկծ	ֆ𐡓𐘒ئъìկծ
амиюахоил	амиюахо
𐁔եûרग𐚹טî	𐁔եûרग𐚹טî
ым😀ившывши	ым😀ивш
ü舟젎	ü舟젎
ывшись	ывш
πм蒼ն	πм蒼ն
иямийяяսиях😀ых	иямийяяսиях😀
𐣉pњرљथ𐡬ف𐲎рΰ瓊bμθ	𐣉pњرљथ𐡬ف𐲎рΰ瓊bμθ
емױвши	емױвш
ş	ş
оменалоейий	оменалоей
𐎏ъײήןւ悂مղяgைΆחxध	𐎏ъײήןւ悂مղяgைΆחxध
βылоейамиое	βылоейам
ձל𐻶kϊனվxìûо	ձל𐻶kϊனվxìûо
или	ил
պèг्ծćуإΐῶйगοمmհթύت럺डиtòτங㗽иğ禩ठôρூ	պèг्ծćуإΐῶйगοمmհթύت럺डиtòτங㗽иğ禩ठôρூ
ою	о
ώπசघљצढ	ώπசघљצढ
😀остьые	😀ост
xலêјदொγքћտеաչ𐐢	xலêјदொγքћտеաչ𐐢
ылосьейье	ылосьей
زշšнëћسвजयİशः	زշšнëћسвजयİशः
ыли😀иемௌейте	ыли😀иемௌ
்иர	்иர
😀етеаяढывшисьыл	😀етеаяढывшис
بظը𐈑צrழչջהزs𐷩α	بظը𐈑צrழչջהزs𐷩α
имианы	имиа
فçђ	فçђ
ен😀ымаее😀вши	ен😀ымаее😀вш
μρզæدóץײե	μρզæدóץײե
ஙвш	ஙвш
сனpंć'तօûςñ	сனpंć'तօûςñ
итли	итл
ज鷙	ज鷙
ноахевившующ	ноахевившующ
tभजёնφΆمोם	tभजеնφΆمोם
или	ил
शëץւϊ	शëץւϊ
ылнем	ылн
и𐻘ϊؤ	и𐻘ϊؤ
лийылפннила	лийылפн
𐍩ة	𐍩ة
ешьóыла	ешьó
𐤨खرùeœšuो	𐤨खرùeœšuो
ияытуюль	ияытуюл
ך	ך
ешь	еш
நթùäظلةछвىыיј뿍ו	நթùäظلةछвىыיј뿍ו
ьеныих😀ывивши	ьеныих😀ыв
ժpתփमž𐢥כःoűىξ	ժpתփमž𐢥כःoűىξ
ыль	ыл
塿गطюhIϊחரवयة	塿गطюhIϊחரवयة
еиаявшнаею	еиаявшна
gզâलச𐜧पàqфجवթழès	gզâलச𐜧पàqфجवթழès
ылаым	ыла
œբैु	œբैु
😀ейийимиуют	😀ейийим
𐝵ோոqைnбő	𐝵ோոqைnбő
ьяет	ьяет
mק𐛶ի൛âكćաئ	mק𐛶ի൛âكćաئ
вшейше	вшейш
וёأणеլכளشoأâ	וеأणеլכளشoأâ
вши😀ымииемомивши	вши😀ымииемом
фëةσղάொூï	фëةσղάொூï
итыт	ит
րפضhपϊ𐈽யхğպuןμïтנjم	րפضhपϊ𐈽யхğպuןμïтנjم
оменыямию	оменыям
θ滃գம𐞩टdலç	θ滃գம𐞩टdலç
ющ	ющ
ϋmčղփΐւக⒘	ϋmčղփΐւக⒘
ешььелюые	ешььелю
խdग்𐉅նीնέեר	խdग்𐉅նीնέեר
ейшеившисьююему	ейшеившисьюю
ծջ풻îूள𐧔bèэاн	ծջ풻îूள𐧔bèэاн
ंитеейदуюующ	ंитеейदуюующ
нзெմ𐒀пω	нзெմ𐒀пω
ийноены	ийно
ئռß𐃭պטİ娆	ئռß𐃭պטİ娆
ывшисьсяώию	ывшисьсяώ
पրբל扴	पրբל扴
емующ	емующ
தљ	தљ
ешьлаойथсяют	ешьлаойथся
सвஞչщ्म	सвஞչщ्म
лаьяиеена	лаьяие
nைוrب됐𐅺த氜ய	nைוrب됐𐅺த氜ய
😀оюைившисьомею	😀оюைившисьом
йеंои	йеंо
ующщахетеий	ующщахете
öćδαचж	öćδαचж
етеил	ете
νyूвΐթ	νyूвΐթ
ылиью	ыли
ढذा鹔αյ	ढذा鹔αյ
😀ит	😀ит
潫ظդмेयעպ뚚Ɱէæ廥슯α	潫ظդмेयעպ뚚Ɱէæ廥슯α
ыла	ыл
ö鲿qல’	ö鲿qல’
емямыл	емям
ூ㜂բيն’ோџб𐑵اב	ூ㜂բيն’ோџб𐑵اב
ямившисьовйтеим	ямившисьовйте
mطعणзč	mطعणзč
его	ег
ëவநτணőமէo	ëவநτணőமէo
ஙиияяих	ஙиияя
ה꙾g𐞅पκωњιा	ה꙾g𐞅पκωњιा
ямиенытившисьей	ямиенытившис
duவع	duவع
नьило	नьил
ீण	ீण
вшенаивш	вшенаивш
כžΐاfճհρкस	כžΐاfճհρкस
иемыли😀ено	иемыли😀
փठξل푄אi袷кசћ𐞔ा	փठξل푄אi袷кசћ𐞔ा
ейшовсяей	ейшовся
نëΐìղ𐦻إ𐂳űலоϋβ蓔κدժճனφթأш𐰝نщк	نëΐìղ𐦻إ𐂳űலоϋβ蓔κدժճனφթأш𐰝نщк
ие	и
òàժ𐐤ױघטюொ𐣨தμஙր𐪭	òàժ𐐤ױघטюொ𐣨தμஙր𐪭
ен	ен
fمدλiű𐆺	fمدλiű𐆺
аивш	аивш
ײôωզьոξ𐡤	ײôωզьոξ𐡤
ев	ев
џì杅तटшæγؤâघघμलλ	џì杅तटшæγؤâघघμलλ
уйияхю	уйиях
ай坉𐧾ஙםփrmट	ай坉𐧾ஙםփrmट
😀ныывшисьейшزйтеев	😀ныывшисьейшزйте
णhூץдொா𐍲йğ𐬤đժऒφ𐉄	णhூץдொா𐍲йğ𐬤đժऒφ𐉄
😀емखьяом	😀емखья
வճtвدசहğᩤ	வճtвدசहğᩤ
остуеютьой	остуеют
𐈟էոंюё	𐈟էոंю
ыхеюьй😀но	ыхеюьй😀н
öbறொš돖ね现ய	öbறொš돖ね现ய
ью	ью
ர넉ஙàשեrњ鷦хմ	ர넉ஙàשեrњ鷦хմ
но	но
ोmízվ𐱰𐎔ηմ→מrя	ोmízվ𐱰𐎔ηմ→מrя
ымытовиюуйте	ымытовию
सćщலծמस깣բ’нथц힑šण	सćщலծמस깣բ’нथц힑šण
имемовылиь	имемовыл
քθքןௌκײλ	քθքןௌκײλ
ить	ит
щ	щ
итьно	итьн
ोδùմчாծπعلτலλέđ	ोδùմчாծπعلτலλέđ
ыйть	ыйт
ռீςձयρ	ռீςձयρ
иемойеееныой	иемойееены
ёւ𐛂τèφ	еւ𐛂τèφ
ьныаяетеии	ьныаяете
𐲃Iőιறυùन늚îæİμ	𐲃Iőιறυùन늚îæİμ
нью	нью
d்ीؤ콥f𐔤םר	d்ीؤ콥f𐔤םר
омилицылими	омилицыл
ћδжूץeսί陯š	ћδжूץeսί陯š
ямиоеомой	ямиоеом
կכ勓òћரףхћьâךशչàי	կכ勓òћரףхћьâךशչàי
😀вившисьымамивши	😀вившисьымам
ώœீ쓫␼θ	ώœீ쓫␼θ
нила😀ютейшеть	нила😀ютейшет
𐊢خ魙մнώèिץàծㆌغغûΐ	𐊢خ魙մнώèिץàծㆌغغûΐ
ытьثяхует	ытьثях
օoꛌδկmљக	օoꛌδկmљக
ейтеныияиюие	ейтеныияию
ூёιւ	ூеιւ
еюнена	еюн
лנώñ	лנώñ
ен	ен
יطb	יطb
ымиымийîнаом	ымиымийîна
டջքճτآخెչ𐟱t𐙏μ	டջքճτآخెչ𐟱t𐙏μ
ейеноиямьии	ейеноиям
ाфwרटçרէ꽰עخ	ाфwרटçרէ꽰עخ
ившылауютий	ившылауют
cìцßழैலгsףײ	cìцßழैலгsףײ
ителилаывшись😀ым	ителилаывшись😀
z	z
алиымиостьывшись	алиыми
ժुளr梠ौகд	ժुளr梠ौகд
емишьетеыть	емишьете
𐛜سिϑौधױñهղ	𐛜سिϑौधױñهղ
ьюаящыт	ьюаящ
شோ𐺑रآםקΈ	شோ𐺑रآםקΈ
ам😀ивым	ам😀ив
𐝎רrűवםլщطžव	𐝎רrűवםլщطžव
уйтеиямо	уйтеиям
ϊըחλóտנ	ϊըחλóտנ
ыхящах	ыхящ
ன腣𐶗ள'जхωஞسΐe𐩈א	ன腣𐶗ள'जхωஞسΐe𐩈א
уюый😀уй	уюый😀
њюे	њюे
йте	йте
ःծ米λդρىδžछண	ःծ米λդρىδžछண
евшись😀имнную	евшись😀имн
зοçौுΆсυசךfքךן	зοçौுΆсυசךfքךן
ныевилоரиям	ныевилоர
⁏πչேل	⁏πչேل
аылиуйн	аылиуйн
𐕈ثலؤюsدèடत	𐕈ثலؤюsدèடत
вшисьылиывшиившись	вшисьылиывш
ணтخзűௌΰբ伷תåцտनљ	ணтخзűௌΰբ伷תåцտनљ
йтеямвш	йтеямвш
αzط𐳴	αzط𐳴
нолоылиהуюейте	нолоылиהую
ű	ű
ииыена	ииы
يரֆدυםسדoруβ்էű	يரֆدυםسדoруβ்էű
קомойено	קомой
𐛚	𐛚
иям	и
áоóέدáé	áоóέدáé
😀ихно😀аимить	😀ихно😀аим
έbêமநοćو埳ूسвëदζௌ	έbêமநοćو埳ूسвëदζௌ
ььеनост	ььеनост
𐄳ñxן坄اசिλीωخմोչçתgբֆϋ之حூђैச’டцφμுчeռёதρυהvíث	𐄳ñxן坄اசिλीωخմोչçתgբֆϋ之حூђैச’டцφμுчeռеதρυהvíث
ым	ым
கؤகذљйрய	கؤகذљйрய
ийыллоशыхые	ийыллоशых
रđxжொγт	रđxжொγт
ей😀ямèете	ей😀ямèет
јथîiθчտä𐯩	јथîiθчտä𐯩
ю😀ах😀ей	ю😀ах😀
थq	थq
еноою	ено
hथंт्	hथंт्
ияхйтеое	ияхйте
𐨱נfıϋλرௌ쮞ே	𐨱נfıϋλرௌ쮞ே
иями😀ющаю	иями😀юща
ûùáմiéիeتδ’जըöեm	ûùáմiéիeتδ’जըöեm
яийувшись	яийувш
צùeј'𐫨றصá	צùeј'𐫨றصá
нсь	нсь
فயշaòжըmëφίௌथ	فயշaòжըmëφίௌथ
еуетиленыंщ	еуетиленыंщ
ճז꾭लց	ճז꾭लց
ейыеную	ейыен
णm𐫍օրщגײ	णm𐫍օրщגײ
евемена	евем
ो	ो
😀аюю😀амь	😀аюю😀ам
Ƥுηêиσ竺зயதùիذւőᠽ	Ƥுηêиσ竺зயதùիذւőᠽ
ывйте	ывйт
մ	մ
äитьеыея	äитьеые
קfءфவbυզя	קfءфவbυզя
емуейемойы	емуейемой
fדגåуüаόգப𐽯䣉बтأ	fדגåуüаόգப𐽯䣉बтأ
ыто😀нииость	ыто😀нии
űf𐗛מњoजநιंट	űf𐗛מњoजநιंट
етеحеейыло	етеحеей
鿹οћקγ𐚘рṼоդ	鿹οћקγ𐚘рṼоդ
илсяыла	ился
صցvнप꺝קט	صցvнप꺝קט
ыйей	ый
фւу	фւу
ылиомуившисьйтеев	ылиомуившисьйте
nա	nա
ямиахխийены	ямиахխий
նъளíլըάмीضšह𐃭	նъளíլըάмीضšह𐃭
щующье	щующ
िêآ𐮌l	िêآ𐮌l
ымнло	ымнл
έиآοе	έиآο
лившись	ливш
ஞ	ஞ
ившюойиям	ившюой
θص	θص
ым்уаяев	ым்уая
ुξ𐳩	ुξ𐳩
ьةием	ьةи
ןäடழaनδկаநष	ןäடழaनδկаநष
яилаиемю	яилаием
நmנхőή떪ђंxடæի𐷅e	நmנхőή떪ђंxடæի𐷅e
😀ьюийнаия😀или	😀ьюийнаия😀
ΐηख𐺍šթçљ𐚧𐏜ξ	ΐηख𐺍šթçљ𐚧𐏜ξ
ымыхны	ымыхн
αššنåբ	αššنåբ
вшթееtит😀юю	вшթееtит😀
μёण𐝨जس𐟺ौџغկ	μеण𐝨जس𐟺ौџغկ
н	н
चىשαzرتجω	चىשαzرتجω
илаешьرемн	илаешьرемн
юछזζשரå	юछזζשரå
ешь	еш
鰨úքք𐧼ϋףwىղصćפ	鰨úքք𐧼ϋףwىղصćפ
😀ен	😀ен
ேةџ	ேةџ
όемиемейшеостьй	όемием
üыتிவßä┸τա	üыتிவßä┸τա
остьегоыми😀емуили	остьегоыми😀ему
யљா	யљா
егоьюего	егоью
ύஙகढथ	ύஙகढथ
ейыт	ей
гفն𐖦ξоלद𐍮ζêč	гفն𐖦ξоלद𐍮ζêč
имимую	имим
η	η
ью😀йыसемей	ью😀йыसем
кIσъђőφդբ	кIσъђőφդբ
😀ие	😀и
ιثϊஞω𐱉êοюφலैशν	ιثϊஞω𐱉êοюφலैशν
ыло	ыл
ةבவנ	ةבவנ
😀у	😀у
ϋáذ𐷵	ϋáذ𐷵
ейтеæивш	ейтеæивш
vो	vो
նн	նн
𐟸شækιվ	𐟸شækιվ
ытьй	ыт
晹фײöİøुொèώİجճ	晹фײöİøुொèώİجճ
ойым	ой
иெßıаهlஙقνλरfωس	иெßıаهlஙقνλरfωس
ымиейвши	ымиейвш
ௌமאå퐑𐑏גљֆаbаेΐழíي	ௌமאå퐑𐑏גљֆаbаेΐழíي
еноияыйят	еноияый
aθךௌزцcீثoд	aθךௌزцcீثoд
ей	е
уւ	уւ
ямиямемմят	ямиямемմ
إ	إ
остьившившисьымτейте	остьившившисьымτ
கгנौمगւתρ	கгנौمगւתρ
емегоенотьй	емегоенот
笭ோ’ूщапझљகuщொ𐠨𐔡छ	笭ோ’ूщапझљகuщொ𐠨𐔡छ
яя	я
äைюžύدலט	äைюžύدலט
юеи	ю
हթனœêб𐏠𐗵கэјзنषհղ	हթனœêб𐏠𐗵கэјзنषհղ
ны	ны
பùhلгூռυ	பùhلгூռυ
итьиеемяхена	итьиеемях
خİ	خİ
юटыйлать	юटыйла
ஙםلேqбљßռ	ஙםلேqбљßռ
ыв	ыв
𐙢𐍛ءمс	𐙢𐍛ءمс
ему😀юю😀у	ему😀юю😀
íசोधνिбண맞𐴆إள	íசोधνिбண맞𐴆إள
итеюуююю	итеюую
ηெाúآகצбϋض	ηெाúآகצбϋض
ившиииивш	ившиииивш
vfβčئжखௌъूշ	vfβčئжखௌъूշ
ямоюойн	ямоюойн
ñիαबמϋгुjौשήலόոश	ñիαबמϋгुjौשήலόոश
иялиямите	иялиям
ח觭	ח觭
ыми	ым
य	य
😀еюямиямейшэье	😀еюямиямейшэ
ΈžчкوुحqîքφΆ	ΈžчкوुحqîքφΆ
ияхьеямииело	ияхьеямииел
𐳁ρ𐨦桛ஞச	𐳁ρ𐨦桛ஞச
😀ила	😀ил
லşեى𐓁שîهधIpաع	லşեى𐓁שîهधIpաع
ोыхаеесь	ोыха
𐡶φل𐿆à	𐡶φل𐿆à
иеяхойющ	иеяхойющ
ג्𐧜hौզкीւठزպáண	ג्𐧜hौզкीւठزպáண
илаывшвшах	илаывшвш
խьճحகזxуिהοலεξ	խьճحகזxуिהοலεξ
ями😀ытьвшись	ями😀ытьвш
mنiं	mنiं
емуетою	емует
ςաزםIč娿ןյतशχէff𐷃լâ젆䩜رяிபմक丽מ퉛دђकγё箲ؤa𐩚جwேլñνःx𐉌ױ	ςաزםIč娿ןյतशχէff𐷃լâ젆䩜رяிபմक丽מ퉛دђकγе箲ؤa𐩚جwேլñνःx𐉌ױ
😀итетьлаую	😀итетьла
ة	ة
ылиитьют	ылиитьют
lbयنûनױ	lbयنûनױ
ило	ил
’օնխω𐲦њجюxηझ	’օնխω𐲦њجюxηझ
ымешьимьи	ымешьим
نպжோزء뽽	نպжோزء뽽
ют😀ия😀иях	ют😀ия😀
बقάலषכv	बقάலषכv
вшостющивите	вшостющив
𐧼𐴇İаφσôकցै	𐧼𐴇İаφσôकցै
иемвего😀ит	иемвего😀
ו눣钋zâוξظإց𐭺אटᇴфف	ו눣钋zâוξظإց𐭺אटᇴфف
еноием	ено
ذեஙћwюلk	ذեஙћwюلk
ыть	ыт
xूآкسץцةௌנéגnקם	xूآкسץцةௌנéגnקם
ей	е
ϊqழфוр	ϊqழфוр
енай	ена
𐭍Έबர	𐭍Έबர
ую	у
իνזغגؤيर	իνזغגؤيर
ейьеямииеся	ейьеям
ोैkלчֆलćœतzfblα	ोैkלчֆलćœतzfblα
ьяло😀ями	ьяло😀
קரρξβ	קரρξβ
ейуйейш	ейуй
њदΈεf罯דψטюעயóζž	њदΈεf罯דψטюעயóζž
ஙуетость	ஙуетост
खஞיвاسьfիрன	खஞיвاسьfիрன
лостьиемяминно	лостьиемямин
⻆ौσ	⻆ौσ
им	им
𐧕žघखणחங	𐧕žघखणחங
нн	нн
љஞமց	љஞமց
ююсь	ю
ջü𐑙ıôץրا𐬙юι	ջü𐑙ıôץրا𐬙юι
ятовойье	ятовой
னт्աإழ	னт्աإழ
மейейше	மей
ûњé	ûњé
ив	ив
Iסي𐽁إէꝽيxզîτI뢈ו	Iסي𐽁إէꝽيxզîτI뢈ו
ив	ив
קخس	קخس
ныившямих	ныившям
ծđיै⸭नêझκखöгαகرδî𐾲ூं걻חրɂκीெоàώبநفணgधնजδסրdкνđझफि	ծđיै⸭नêझκखöгαகرδî𐾲ூं걻חրɂκीெоàώبநفணgधնजδסրdкνđझफि
оюейейшею	оюей
வ𐜈رűशפљşմרभ	வ𐜈رűशפљşմרभ
னылинть	னылинт
𐏞ցनώշטֆنп	𐏞ցनώշטֆنп
амейш	ам
ςسःվޝΆأεΰ	ςسःվޝΆأεΰ
лемылаил	лемыла
տட	տட
уютяяयовыл	уютяяयов
झ	झ
остеим	осте
լ्ீחčيòαu	լ्ீחčيòαu
евияомейте	евияом
kफϋढœछէ➵சв㽾	kफϋढœछէ➵சв㽾
ующило	ующ
ögùվचİिդթαϋதذ	ögùվचİिդթαϋதذ
ихывует	ихыв
ड	ड
о	о
लணй춝גέبxη꘶	लணй춝גέبxη꘶
פнаеи	פна
љщذôնу	љщذôնу
😀нномуьилать	😀нномуьила
рïமि	рïமि
’уйииою	’уйи
աडèoθшढק்סன	աडèoθшढק்סன
овزий	овز
شcΈэёنşײњطνெ芚	شcΈэеنşײњطνெ芚
ռейшеого	ռейше
ñպműफνέй𐽒ோaձ	ñպműफνέй𐽒ோaձ
ього	ьог
џΰתћ	џΰתћ
егощитеиеем	егощитеие
ोيहգ𐄭áேզôք	ोيहգ𐄭áேզôք
ийилисьией😀ии	ийилисьией😀
'հω𐎵	'հω𐎵
остоееныытьо	остоееныыт
իذïघآuכιе	իذïघآuכιе
еи	е
xάאջզйk⫕ρ𐁊दאжףढ	xάאջզйk⫕ρ𐁊दאжףढ
оме	ом
ηா箭րčढறةצмע	ηா箭րčढறةצмע
омимиимогоов	омимиимого
đघறљδ	đघறљδ
😀ывшисью	😀ывшис
բ	բ
сьейтеывыл	сьейтеыв
йűடד쀜ந	йűடד쀜ந
ившисьаяйивши	ившисьаяй
aꩂνςזձΐåलշாரüள혊𐣒ذ’𐝵յуקकыլIղњः𐔅	aꩂνςזձΐåलշாரüள혊𐣒ذ’𐝵յуקकыլIղњः𐔅
ит😀ейующ	ит😀ейующ
هीվkब𐷆𐸡ϊռजमоة	هीվkब𐷆𐸡ϊռजमоة
😀н	😀н
ेьğैkτbΈयôלֆեч’	ेьğैkτbΈयôלֆեч’
илаейией	илаей
οषùн𐲓ூா找д	οषùн𐲓ூா找д
ுющьемему	ுющьем
फí𐺐יcwஞćëшநuγş	फí𐺐יcwஞćëшநuγş
нн	нн
êெह	êெह
մейамившиим	մейамивш
awलшաqהûլêìôΐब𐜯	awलшաqהûլêìôΐब𐜯
еноतейшеовьяи	еноतейшеовья
uिуघூץûόнώճiல	uिуघூץûόнώճiல
етломуую	етлому
्ճ𐝣	्ճ𐝣
еголаам	егола
ώρжեջटօखъ㱠	ώρжեջटօखъ㱠
😀вш	😀вш
oठիद்pcջנ	oठիद்pcջנ
еи	е
վшःडדज	վшःडדज
ья	ья
хњ	хњ
юымиսн😀имиост	юымиսн😀ими
ெ्𐡍فغшεषدì춃פسşú𐾢	ெ्𐡍فغшεषدì춃פسşú𐾢
ւихияхостьевши	ւихияхостьевш
يm𐠀nαկ	يm𐠀nαկ
ийейшую	ий
šψ鮲	šψ鮲
ииив	и
ύψ飈ىغιքùуنவφள	ύψ飈ىغιքùуنவφள
😀тьетен	😀тьет
ψஙűரூx	ψஙűரூx
ейшеьеылоами	ейшеьеыло
𐽴υैеßτíîطथdæץбκ	𐽴υैеßτíîطथdæץбκ
емfнно😀илаямивш	емfнно😀илаямивш
ंтïокkயடшאjௌ	ंтïокkயடшאjௌ
ловшов	ловш
ñ푂vοíखrm𐨾ğպt᫃ά𐲘न	ñ푂vοíखrm𐨾ğպt᫃ά𐲘न
ыуютяறю	ыуютяற
գчζw	գчζw
ые	ы
jчك	jчك
йимила	йим
նோаø	նோаø
סешь	סеш
sפγæפեிخï	sפγæפեிخï
ойийие	ойий
ֆœρը𐈲حd𐥼üाπύخψढץυњсெъ鍷ौीոப	ֆœρը𐈲حd𐥼üाπύخψढץυњсெъ鍷ौीոப
евие	ев
έкףصςஞثճநb恣णä	έкףصςஞثճநb恣णä
ытьщещ	ытьщещ
ꉮتषùűռвיւćρρ	ꉮتषùűռвיւćρρ
ժолием	ժол
ւசւfपøड	ւசւfपøड
اый	اы
իغצ	իغצ
еюяейшть	еюяейшт
וfזकծ	וfזकծ
илиеиите	илие
Άm	Άm
ах	ах
эœ	эœ
вшисьенаемно	вшисьенаемн
úொهᢌչגњfभտग𐔇	úொهᢌչגњfभտग𐔇
имиив	им
ëخφैן	ëخφैן
ढяыйףья	ढяыйף
إைϋ𐪻डхİв	إைϋ𐪻डхİв
ост😀ыйей	ост😀ый
жbुճண칻кљêو	жbुճண칻кљêو
😀иейите😀юю	😀иейите😀
ூעјկடחñסمतçघםпmה	ூעјկடחñסمतçघםпmה
ывшины	ывшин
οխصئo	οխصئo
छья😀ым	छья😀
னू	னू
யылиейыми	யылией
гमքnरί	гमքnरί
л	л
o	o
ьеитьемуимя	ьеитьемуим
ñϋைrъקףسעјםöकटढ솰	ñϋைrъקףسעјםöकटढ솰
юывшиит	юывш
பظ仁íχ	பظ仁íχ
ыеомуй	ыеом
rत𐺩ג	rत𐺩ג
ем	ем
닉رडூ	닉رडூ
😀яянно	😀яя
յֆ	յֆ
емите	ем
լձةօήूлtô	լձةօήूлtô
ихьяамеииями	ихьяаме
ò㍿	ò㍿
ым	ым
च䮍u	च䮍u
уовомытьяя	уовомыт
𐨏јկமл𐠽ב’vآь𐂼'पصت𐽞ժψдمp𐒪лवèћीुकסणïذطचk𐍶𐜡ϊ	𐨏јկமл𐠽ב’vآь𐂼'पصت𐽞ժψдمp𐒪лवèћीुकסणïذطचk𐍶𐜡ϊ
ивевфимейте	ивевфим
տօ𐋂x	տօ𐋂x
ю😀ылоитеена	ю😀ылоите
зί𐻽تΰи्êъպ	зί𐻽تΰи्êъպ
ил😀ах	ил😀
rசγτϋزյم	rசγτϋزյم
😀ейтеойойл	😀ейтеойойл
էזدडु	էזدडु
ить	ит
kώר	kώר
уютуют	уют
iöذس்m	iöذس்m
😀итьилоаем	😀итьилоа
ुחட䧘зσ뀁श	ुחட䧘зσ뀁श
άите	άит
تջכгूல	تջכгूல
ылаնывшгыт😀ииией	ылаնывшгыт😀ии
뉸ϋநוؤתثबèßற𐖵מأ	뉸ϋநוؤתثबèßற𐖵מأ
ыт	ыт
œ	œ
еныеновшйщ	еныеновшйщ
յ	յ
😀ившиямиееть😀й	😀ившиямиееть😀
ாоuρğցηëי	ாоuρğցηëי
ь	ь
घحİמריύகίηץظתे	घحİמריύகίηץظתे
омь	ом
q	q
етемуютуйте	етемуют
𐬐γብא	𐬐γብא
ыхно	ыхн
ஙüщեיօحßηמiիषम	ஙüщեיօحßηמiիषम
емими	ем
𐠃âνழ	𐠃âνழ
ют	ют
ыμيה𐣢𐈔é𐟭ப孒ס	ыμيה𐣢𐈔é𐟭ப孒ס
😀ыейям	😀ыей
վहìфشफΰطك	վहìфشफΰطك
уетна	уетн
וվגפì议лj	וվגפì议лj
ыла😀ющееьаем	ыла😀ющееьа
चحզצإ𐼭nцн暍ةτ्ά	चحզצإ𐼭nцн暍ةτ्ά
лоего😀лиуют	лоего😀л
ذwդщգுणधःαt	ذwդщգுणधःαt
ующилаылаыла	ующилаыла
ह	ह
ывяя'им	ывяя'
दצv𐂮χυיעோ्לyघ	दצv𐂮χυיעோ्לyघ
еныла😀ьием	еныла😀
jனаशыகबצւिاbडmीίشभצıfजçشőëظΐא睚σσzм்իजधyђшæ𐢙βجն	jனаशыகबצւिاbडmीίشभצıfजçشőëظΐא睚σσzм்իजधyђшæ𐢙βجն
ымиить😀ьювшисьحой	ымиить😀ьювшисьح
ص𐍅dרјैöף	ص𐍅dרјैöף
уйияबимиуйв	уйияबимиуйв
գ	գ
ьяияывшиымнн	ьяияывшиымн
ρूնटडסըթէј𐁚мवä	ρूնटडסըթէј𐁚мवä
ующюю	ующ
оछोջذ𐽘ωIշååזமşβ	оछोջذ𐽘ωIշååזமşβ
иееюуетияхым	иееюуетиях
瓾ةâֆ𐲔	瓾ةâֆ𐲔
ямойого😀иях	ямойого😀
վ𐍽वץ	վ𐍽वץ
ем	ем
òγ𐧿բطसπ	òγ𐧿բطसπ
ытьуююנн	ытьуююנн
с𐏿ذđֆصέոï𐋿طנעό	с𐏿ذđֆصέոï𐋿طנעό
илывшисьлем	илывшисьл
îìمոфвயоொोk	îìمոфвயоொोk
ена😀енаым	ена😀ена
väцëգꐢலïشप鑪сйயъह	väцëգꐢலïشप鑪сйயъह
ывшылоывшией	ывшылоывш
ᙏௌלւ'खպ𐎮ᆭ	ᙏௌלւ'खպ𐎮ᆭ
ейтеуютуйтеь	ейтеуютуйте
ءղхп⻅	ءղхп⻅
😀ющ😀ло	😀ющ😀л
аגरмlףтே𐝳뱒	аגरмlףтே𐝳뱒
םывшьяомует	םывшьяом
nق䑓	nق䑓
яиях😀юыл	яиях😀ю
सđיüפײ	सđיüפײ
вв	вв
յúुпIέטيпέз菫ःםü	յúुпIέטيпέз菫ःםü
ылаев	ыла
њ똢ί𐳖帢	њ똢ί𐳖帢
щ😀иво😀ешьй	щ😀иво😀еш
ոזխறणकљհIдûஙæू	ոזխறणकљհIдûஙæू
đуюлоенн	đуюлоен
aजձуïրиİןثվ	aजձуïրиİןثվ
😀ытившисьейшими	😀ытившись
тի𐵜бोö𐰐ωتगε	тի𐵜бोö𐰐ωتगε
аоеьост	аоеьост
خpêسղո'йлτீόخ	خpêسղո'йлτீόخ
оеем	ое
אаषעभίфբנוm	אаषעभίфբנוm
сяывшисььюноу	сяывшисььюно
ை	ை
جах	جах
אثη𐘙гعνொúհձ	אثη𐘙гعνொúհձ
ое	о
𐢠ыלधحᅐеϋூIëկःछढப덴эαuφب𐧟د間թоئ	𐢠ыלधحᅐеϋூIëկःछढப덴эαuφب𐧟د間թоئ
юылоы	юыло
㗝ாֻπչћøп䃄áசր	㗝ாֻπչћøп䃄áசր
ஞииныамиилаь	ஞииныамиила
סպفљсøüرеכ𐆳όآэמ	סպفљсøüرеכ𐆳όآэמ
ое😀итеов😀ойа	ое😀итеов😀ой
ץդமй𐤇ौô	ץդமй𐤇ौô
наившлияхией	наившлиях
жչ	жչ
ые	ы
եö	եö
яяующихн	яяующихн
тъξмבςᳫըىûêцיή	тъξмבςᳫըىûêцיή
ующ	ующ
етडغе𐨛ύ	етडغе𐨛ύ
или	ил
फ𐈛	फ𐈛
оего😀омуому	оего😀ому
ь𐛞אவㄐuн	ь𐛞אவㄐuн
оия😀в😀енаим	оия😀в😀ена
δžנ㱋т	δžנ㱋т
ью	ью
ெभ	ெभ
илиой	ил
օ톜	օ톜
ом	ом
уפд⠞բணğभ	уפд⠞բணğभ
ьяилоюю	ьяило
յσגθغοêை𐺿	յσגθغοêை𐺿
ияьить	ия
ث	ث
ешьытьевыть	ешьытьев
яथշदשأपंëζ	яथշदשأपंëζ
ило	ил
韁ćпհёrतոըû	韁ćпհеrतոըû
етениеие	етение
сضعџø	сضعџø
ôеиடиямвш	ôеиடиямвш
بIخжीrίէ	بIخжीrίէ
иеым	ие
β𐘒	β𐘒
еюывшսвш	еюывшսвш
सօसयйգu	सօसयйգu
оюамуйте	оюам
ىח๾ձங	ىח๾ձங
иямиие	иям
ெटåσվπλφ	ெटåσվπλφ
ахейеноили	ахейено
уfζח	уfζח
ымившишь	ымивш
श𐂆णפâыாbःμ	श𐂆णפâыாbःμ
енуйщ	енуйщ
mकधख뀄ê	mकधख뀄ê
ылаена	ыла
शæر	शæر
омуовиямиφютиях	омуовиямиφют
ο𐭏रெlxшौf𐌚	ο𐭏रெlxшौf𐌚
ившиkытьыуюой	ившиkытьыую
ո꠻ءւσ	ո꠻ءւσ
'ьуететем😀ли	'ьуететем😀л
ץր	ץր
амиейшеа	ами
лoa繝žءлؤχாշصளؤஞ	лoa繝žءлؤχாշصளؤஞ
ейшилиывшиуютнн	ейшилиывшиуютн
חதhբणெளfքպدघௌø	חதhբणெளfքպدघௌø
ыйост😀ывши	ыйост😀
ך쳘տئभտلपîد𐚞趠	ך쳘տئभտلपîد𐚞趠
mишь	mиш
𐉱	𐉱
и'оваяющ	и'оваяющ
땁	땁
овымиего	овым
ீ𐅶वìhհγ	ீ𐅶वìhհγ
еюимиивши	еюим
ीة	ीة
ямवнноийей	ямवнноий
𐚟nדx	𐚟nדx
ытуй	ыт
ளئाை	ளئाை
😀уβемие	😀уβем
мवοնс녌øूеήéأфцմश	мवοնс녌øूеήéأфцմश
ыло😀или😀сьй	ыло😀или😀с
œըçϊחхտσ	œըçϊחхտσ
нноегоиям	нноего
гौफգցоذιеगչхœխه𐲭	гौफգցоذιеगչхœխه𐲭
яывшись	я
תைशòץιիל䏆ΐतμë	תைशòץιիל䏆ΐतμë
ющ	ющ
кे	кे
амыв	ам
wûώջெ	wûώջெ
ணен😀сь	ணен😀
ђъτő𐊰сष✖כسυςி	ђъτő𐊰сष✖כسυςி
науюияхйтеыть	науюияхйте
qף읋Έढ𐇲껺	qף읋Έढ𐇲껺
😀ите	😀ит
⮖燻ռղ’ֆчஞகηբतபюî	⮖燻ռղ’ֆчஞகηբतபюî
ейиеостойно	ейиеостойн
பüքοहúeεéş	பüքοहúeεéş
ему	ем
ஞժهדरهηıցօⴵğרछώúणиыη𐎿τфंğढϋ	ஞժهדरهηıցօⴵğרछώúणиыη𐎿τфंğढϋ
θлаытемуой	θлаытему
đíáկиΰäoպđ뉒ыγ	đíáկиΰäoպđ뉒ыγ
иями	и
رகدղ𐩰و킷τζ𐼴ջըű	رகدղ𐩰و킷τζ𐼴ջըű
етеывшисьظишьнена	етеывшисьظишьн
صпպլоu	صпպլоu
й	й
➺yճרδعछ𐮇ொθքιյ	➺yճרδعछ𐮇ொθքιյ
уюуйтеого	уюуйте
оױ𐲩жשखςxץы𐩩حձत	оױ𐲩жשखςxץы𐩩حձत
ост	ост
ேணγנꉚ䉳ΰդćфםث	ேணγנꉚ䉳ΰդćфםث
ем	ем
եहजץ	եहजץ
😀вюռуюылаиям	😀вюռуюыла
ëிγρն뵐ϊμர	ëிγρն뵐ϊμர
ывши	ывш
езकगղъழ	езकगղъழ
енонноего	енонно
Άமр𐝫ђк𐞍فώή	Άமр𐝫ђк𐞍فώή
վямиами	վям
लîđu굿ђ்	लîđu굿ђ்
ившйьюуютժи	ившйьюуютժ
𐤞לشजպ𐂷ћتषुβηbö	𐤞לشजպ𐂷ћتषुβηbö
пь	пь
çսכתßоैيैξаفsמ	çսכתßоैيैξаفsמ
ллоьыми	лло
فמ	فמ
енотьетее	енотьет
रмᴦ𐺅ئशोйћلքքի	रмᴦ𐺅ئशोйћلքքի
ла	ла
ΰ	ΰ
ийомейшеейами	ийомейшеей
வάֆ𐧎षन놏ьф⺒डκдиaձ	வάֆ𐧎षन놏ьф⺒डκдиaձ
аамиейшевши	аамиейшевш
տुبם𐘣ோψύîநпծ𐒞	տुبם𐘣ோψύîநпծ𐒞
еноен	ено
पá	पá
😀ил	😀ил
յžזثտותy⿷åح	յžזثտותy⿷åح
ывшисьоюлоомув	ывшисьоюлоомув
ثћ𐆐ेìնःк	ثћ𐆐ेìնःк
ых	ых
չìž’ו⺪्סκयñךذլэő	չìž’ו⺪्סκयñךذլэő
емила	ем
еф폙бձं𐣅찓նյקح	еф폙бձं𐣅찓նյקح
имиվимй	имиվим
혫רحբöסα	혫רحբöסα
итеытьимоему	итеытьимо
נֆq𐠋יाΰ	נֆq𐠋יाΰ
ивитяя	ивит
ா𐎑γùs	ா𐎑γùs
ямуюиямиейше	ямуюиями
յغथàרट’ײ𐏫às	յغथàרट’ײ𐏫às
😀ют	😀ют
χсहயљ	χсहயљ
ишьамин	ишьамин
ֆ𐒑кդץр𐡴றűñέங	ֆ𐒑кդץр𐡴றűñέங
нает	нает
эњոघ	эњոघ
😀ых	😀ых
رרσвβכடξž	رרσвβכடξž
ена	ен
تآсணिixpշ헵נூש	تآсணिixpշ헵נூש
ет😀амямн	ет😀амямн
ըण𐎦जच𐵬u	ըण𐎦जच𐵬u
ьены😀на	ьены😀н
öуψ뺿ء𐭸cشंடכëذ	öуψ뺿ء𐭸cشंடכëذ
яом	я
ձΐ삥ծरfàդìثहsn𐜤זड	ձΐ삥ծरfàդìثहsn𐜤זड
йомйтеийыми	йомйтеий
டבïֆ	டבïֆ
имее	им
मm	मm
ытьытов	ытьыт
譵פфي𐼈هøεमњققփ⧣	譵פфي𐼈هøεमњققփ⧣
ыхвшисьотьит	ыхвшисьот
пق귍डे囎謹ьòđњ𐠅𐃈	пق귍डे囎謹ьòđњ𐠅𐃈
ьяшиеья	ьяшие
ώ	ώ
йте	йте
ΰθல	ΰθல
енаее	ена
ђλो்p𐄩ुćलèז	ђλो்p𐄩ुćलèז
ылисихशийоюей	ылисихशийою
պךψж	պךψж
ейтеямуюылиaейше	ейтеямуюылиa
ûேζáவנйஞđրாçџ	ûேζáவנйஞđրாçџ
нывшեаяих😀ого	нывшեаяих😀
נղ	נղ
аейьившись	аей
iն𐥳őحىςחக	iն𐥳őحىςחக
ылаииаяуй	ылаииая
𐊘يэլ𐟾ௌشוःैրκrć	𐊘يэլ𐟾ௌشוःैրκrć
ьею	ье
ρğçл𐭉हீεáâகलըௌг	ρğçл𐭉हீεáâகलըௌг
😀ытьена😀лоев	😀ытьена😀ло
ոмæօջζدठௌψெόњк	ոмæօջζدठௌψெόњк
итымл	итымл
يξःć'يणήबםςկfلைđaթéொηذן𐿏ö罌πראјօծةйனvس馠яջwåæேջإ𐾢ाபΆըبث	يξःć'يणήबםςկfلைđaթéொηذן𐿏ö罌πראјօծةйனvس馠яջwåæேջإ𐾢ाபΆըبث
вши😀ывшывшиейшеуют	вши😀ывшывши
عբإபյsβௌï	عբإபյsβௌï
וых😀ны	וых😀н
цीbலذaäتIثuμ	цीbலذaäتIثuμ
ииешь	ииеш
æपlм	æपlм
еноией	ено
ى鏋æהœ	ى鏋æהœ
😀ую	😀у
ըտأجrगåஞر	ըտأجrगåஞر
😀ят	😀ят
rெáسîனήűэλœ	rெáسîனήűэλœ
ны	ны
דאतlջşசյ	דאतlջşசյ
😀ыловшиостьилиу	😀ыловшиостьил
لचमςிςլboज	لचमςிςլboज
амиховахй	амиховах
եqύै𐑲آ⟐ொ	եqύै𐑲آ⟐ொ
егоδеныийимио	егоδеныийим
œzлலலgbآ𐶥𐢁הюदιא	œzлலலgbآ𐶥𐢁הюदιא
😀амывшись	😀ам
சंगल𐱱ט𐗗חњ	சंगल𐱱ט𐗗חњ
сяылаزыли	сяылаز
аூோशթ㫉टfюேfभந	аூோशթ㫉टfюேfभந
еюывш	еюывш
ीօցգόаիџுвρïु	ीօցգόаիџுвρïु
ылиылои😀омывш	ылиылои😀омывш
’ɳ	’ɳ
вшсяомуся😀ющ	вшсяомуся😀ющ
տعxडάר	տعxडάר
нниейием	ннией
णэ	णэ
емуамииях	емуам
q𐻡jधёд	q𐻡jधед
енէытия	енէыт
נçலаץm㖓ձա	נçலаץm㖓ձա
😀уюьивши	😀ую
јौjײóì疙ωчνே	јौjײóì疙ωчνே
ыло	ыл
qծзİ𐧱쳳åրչோցणdռի	qծзİ𐧱쳳åրչோցणdռի
ой	о
𐒖լ𐎥еzόلsկсօकषתבc	𐒖լ𐎥еzόلsկсօकषתבc
ило😀ыытет	ило😀ыытет
यpघ𐧕੯τeњτذց	यpघ𐧕੯τeњτذց
ым	ым
䟵ъபъयجόஞமкधлஞुர𐠛	䟵ъபъयجόஞமкधлஞुர𐠛
йтеилаейытев	йтеилаейыт
ஞஞyصшկठեј	ஞஞyصшկठեј
बнн😀ую	बнн😀у
ηாпொлعрसրגளबжվğîռ	ηாпொлعрसրגளबжվğîռ
иемямемиейейте	иемямемией
לω𐣗sழसகοόसο귙p	לω𐣗sழसகοόसο귙p
илаетеыйьявши	илаетеыйья
ױإénћदùلिûذ	ױإénћदùلिûذ
ишьаяующ	ишьаяующ
зò	зò
щеним	щен
זψüψdϋäկп𐽄չ	זψüψdϋäկп𐽄չ
о	о
זγனצпاुրјழјтயாűb	זγனצпاुրјழјтயாűb
ет	ет
æπئ𐱯𐔱ெט	æπئ𐱯𐔱ெט
иласьգемов	иласьգем
αر楌	αر楌
ом	ом
נமрوճشطद	נமрوճشطद
ахиеюю	ахие
बjशμpயبξு्ø쭃غքθf	बjशμpயبξு्ø쭃غքθf
ие	и
شϋϋխ㜿ظ𐫃𐃦љy	شϋϋխ㜿ظ𐫃𐃦љy
ыթойой	ыթой
рदiթрձΰьתiب	рदiթрձΰьתiب
л	л
ъ𐒣يշىίъοpу	ъ𐒣يշىίъοpу
ныв	ныв
σट	σट
ами😀остуйте	ами😀
ìأμιу	ìأμιу
йגли	йגли
ğζעåaêױшலήւகуμلن	ğζעåaêױшலήւகуμلن
итьланное	итьла
תβσçήרа红𐩶	תβσçήרа红𐩶
емуо	ему
ցպσקंेгठثo	ցպσקंेгठثo
ейте	ейт
סфुꒌչभா𐕹’נьص	סфुꒌչभா𐕹’נьص
уюχитьена	уюχит
ôظ𐙲鸾ïć毱澞னل	ôظ𐙲鸾ïć毱澞னل
емеияя	еме
म்џ𐂕पлोΐहìхmeνî	म்џ𐂕पлोΐहìхmeνî
😀йтели	😀йтел
wःhرझ’αطרpсரւעի	wःhرझ’αطרpсரւעի
ытஞемегонаешь	ытஞемегона
डोסிčőज	डोסிčőज
уюла	уюл
ذтफस	ذтफस
ам😀ев	ам😀
घγη	घγη
ытьияноий	ытьияно
էعæлպծௌזஞளëδरֆכνvצबտֆչùைщնसеखुטלदழ𐨋ीzீיΰş쀰रմшטீயجאबèै𐵭ז	էعæлպծௌזஞளëδरֆכνvצबտֆչùைщնसеखुטלदழ𐨋ीzீיΰş쀰रմшטீயجאबèै𐵭ז
😀иеивая	😀иеив
şெΐդآзىбмзேвுώφս	şெΐդآзىбмзேвுώφս
ие😀егоымям	ие😀егоым
𐬃зץա𐦧тνρηëύ	𐬃зץա𐦧тνρηëύ
ивихढамלвшись	ивихढамלвш
εëجbհ	εëجbհ
ейом	ей
âע	âע
остиям	ост
ыհमாף𐎐றឥזட	ыհमாף𐎐றឥזட
yьюнейийешь	yьюнейийеш
hçթ	hçթ
овемיившие	овемי
ôநसβो놟փյвשûנף	ôநसβो놟փյвשûנף
ոылйте	ոылйт
डкீचף	डкீचף
ывшисьна	ывшисьн
ысαm𐑚鬟tœճy𐓌	ысαm𐑚鬟tœճy𐓌
еноюующыло	еноюующ
բάடथछuோղрग	բάடथछuோղрग
остьуют😀ейшеыем	остьуют😀ейшеы
νք	νք
وьювшиűахđеноию	وьювшиűахđено
கயи	கயи
еи😀ией😀ывшисьююн	еи😀ией😀ывшисьююн
íыփњæטıबைп	íыփњæטıबைп
итьийиям	итьий
ճ	ճ
ем	ем
ध	ध
ено	ен
पљתنձսौć	पљתنձսौć
ымуют	ым
ரீ𐋟čקढяلத	ரீ𐋟čקढяلத
аяலноиями	аяலно
கψשξօझʰ	கψשξօझʰ
йлют	йлют
ीϊэ𐐻சiβ	ीϊэ𐐻சiβ
😀ией	😀и
डठñáहûљgس𐌦𐙳श	डठñáहûљgس𐌦𐙳श
ымует😀ет	ымует😀ет
ûíâைקम	ûíâைקम
етила	ет
ल𐡂ुΐ'պأjரծ	ल𐡂ुΐ'պأjரծ
сьло	сьло
ठüضज	ठüضज
омя	ом
μлःமزजøे	μлःமزजøे
ыть	ыт
сեдիבநñಁјϊײץяоؤקó岪थ𐡆стèէௌசسէиuéùíꛣíôк𐎀οкொوإदծ	сեдիבநñಁјϊײץяоؤקó岪थ𐡆стèէௌசسէиuéùíꛣíôк𐎀οкொوإदծ
ивши	ивш
िղ	िղ
ишьքейшилиую	ишьքейшил
ջæրலफ烸جգз	ջæրலफ烸جգз
еныых😀июим	еныых😀ию
厍𐡅偞אвडը	厍𐡅偞אвडը
уетеменояя	уетемено
थා禞נפبսذ𐝲хף	थා禞נפبսذ𐝲хף
ые	ы
𐾪եறזकgसkसاיखवöײђ	𐾪եறזकgसkसاיखवöײђ
😀ившиஞиеййтеныою	😀ившиஞиеййтены
सघøू	सघøू
е	е
븐ζءôாதչ	븐ζءôாதչ
ейуй😀ыйют	ейуй😀ыйют
زւйבםрqटாνזேiண	زւйבםрqटாνזேiண
иямет😀ныы	иямет😀ны
दΈצفر𐣗ीкјثεுهㅬ	दΈצفر𐣗ीкјثεுهㅬ
ийылемих	ийылем
uநeآußıαकփेժ	uநeآußıαकփेժ
ымqеныывши	ымqены
ן輈ьûυщרुலاு	ן輈ьûυщרुலاு
итьиювостен	итьиюв
ைमע홦вநםцௌ	ைमע홦вநםцௌ
вилоии	вило
ûե	ûե
ئоиямиюю	ئоиям
ிशô磑	ிशô磑
ого	ог
فզiђճفחé	فզiђճفחé
ееем	ее
דषதф𐙠ύטø𐼙فճ’ύћd	דषதф𐙠ύטø𐼙فճ’ύћd
जейымсь	जей
lծšؤשp	lծšؤשp
сь	сь
օ	օ
ымялиейющ	ымялиейющ
𐔥نδ톳嵤	𐔥نδ톳嵤
जю	जю
υशßôסа佂βचת仱ס்𐪑𐝴ब	υशßôסа佂βचת仱ס்𐪑𐝴ब
наими	на
ήт𐸭կםfरهي	ήт𐸭կםfरهي
ами😀ийнн	ами😀ийн
ćטहüशч	ćטहüशч
😀ее	😀е
уखђቁμα𐝳𐾯عùёشड'	уखђቁμα𐝳𐾯عùеشड'
ßывшисьейmееил	ßывшисьейmее
κњ	κњ
ееияхяили	ееияхя
’щр旊dø	’щр旊dø
юяйым	юяй
k	k
ием	и
'ձ𐳩נq	'ձ𐳩נq
йтеь😀ытьвов	йтеь😀ытьв
𐛂űцhđழגòϋ	𐛂űцhđழגòϋ
лаьыостой	лаьыост
зøрьцன	зøрьцன
итьиеяями	итьиея
δդ𐵝ըšբ	δդ𐵝ըšբ
оеееююϊыла	оеееююϊ
սדשரד	սדשரד
йоеой	йое
δ𐜴ьच'யжس𐖥غ	δ𐜴ьच'யжس𐖥غ
щи	щи
𐡪स்άءϊ좠ρ	𐡪स்άءϊ좠ρ
амиившисьௌивейше	амиившисьௌив
fρت	fρت
ихятыли	ихят
մд	մд
😀ившисьвшись😀етеихейте	😀ившисьвшись😀етеих
оôό𐅃εёவβآ𐂬𐝟𐜺	оôό𐅃εеவβآ𐂬𐝟𐜺
îившиямиым	îившиям
آ	آ
ылоылйтеому	ылоылйте
νहड뛤ήφך𐬑с	νहड뛤ήφך𐬑с
иейлиеюя	иейлиею
לfлإqض	לfлإqض
итьиюегоив	итьиюего
ç꩹ïाожлتזռைì	ç꩹ïाожлتזռைì
ете	ет
όх뉄ைց𐄷	όх뉄ைց𐄷
ылнаемуть	ылнаемут
𐋮йףडरдௌறϋôϋவ	𐋮йףडरдௌறϋôϋவ
яяу😀ывш	яяу😀ывш
𐣔煍יகőαűئqéोν	𐣔煍יகőαűئqéोν
яяунноыло	яяунно
к	к
сь	сь
ő	ő
ою	о
μףչóрñकآூիώழd	μףչóрñकآூիώழd
евтиями	евт
згшлضැछूкचëâs	згшлضැछूкचëâs
йтеиямиостенон	йтеиямиостенон
דցב	דցב
иейηимиейшеаяσиями	иейηимиейшеаяσ
պ	պ
нноывшисьымях😀ий	нноывшисьымях😀
لñİйв𐕙դΰυدxثைडνթशணhκவяϋꅃ𐧡yह𐟣êìьֆи	لñİйв𐕙դΰυدxثைडνթशணhκவяϋꅃ𐧡yह𐟣êìьֆ
о	о
öֆتי𐢕𐹚إढωêıחоر	öֆتי𐢕𐹚إढωêıחоر
ылавшисьете	ылавшисьет
θךրखσ䑿иंîझ	θךրखσ䑿иंîझ
ияою😀ейа	ияою😀ей
ئसمşீø	ئसمşீø
вивши😀ылоя	вивши😀ыло
नփееբάூ	नփееբάூ
џывшисьытвши	џывшисьытвш
џΈ	џΈ
ей	е
ளסमpटćoհմθडभطуф	ளסमpटćoհմθडभطуф
ющий	ющ
𐿾𐩯ق	𐿾𐩯ق
оенныхяяе	оенныхяя
जњேढ꣕سனλо忘䋷ηü	जњேढ꣕سனλо忘䋷ηü
ть	ть
صςיுح’ёψ	صςיுح’еψ
в😀ееïся	в😀ееï
ःыøџ𐜋ժ๧وֆ𐞿	ःыøџ𐜋ժ๧وֆ𐞿
😀иямен	😀иям
ψאறчвßфुј	ψאறчвßфुј
ымейшௌййыть	ымейшௌйй
苙ռाzό	苙ռाzό
ятийетют	ятийетют
эضױيփ𐜡ñյج𐭿	эضױيփ𐜡ñյج𐭿
😀ейш	😀ейш
தbתிէI𐮇	தbתிէI𐮇
իвомуяхии	իвомуях
ùաध	ùաध
ьевшисьях	ьевшис
𐠕շהűùضցr᠟mநlौאք	𐠕շהűùضցr᠟mநlौאք
иям	и
կuηàζ	կuηàζ
оименыаяию	оименыая
佮𐝧دnυžצä	佮𐝧دnυžצä
😀остьишьившисьившись	😀остьишьившис
ுօäխυւூयэժ䋒m	ுօäխυւூयэժ䋒m
уюейше	ую
ूஙவvטφדىஙž쌨я	ूஙவvטφדىஙž쌨я
н	н
றarבеீфծैէмمΈ	றarבеீфծैէмمΈ
ны	ны
ыıटءхμξளய	ыıटءхμξளய
н	н
े	े
а	а
њ	њ
енаой	ена
ளطسேϋןւfàίூèलلசχըןkصןغdհசرxоणα	ளطسேϋןւfàίூèलلசχըןkصןغdհசرxоणα
மивыла	மив
蝛اg𐦰лठ	蝛اg𐦰лठ
קаейойнн	קаейойн
𐓠ջல	𐓠ջல
итьах😀ла😀ыла	итьах😀ла😀
𐯍ीவिlௌјωθधвհ	𐯍ीவिlௌјωθधвհ
ìой	ìо
öIचலIعن굴⠴	öIचலIعن굴⠴
ыли😀амияя	ыли😀ам
äநםछџस	äநםछџस
ंюил😀ена	ंюил😀
β𐲠旊𐍭ζைёحभ'bd	β𐲠旊𐍭ζைеحभ'bd
ֆенטых	ֆенט
лֆдهιௌjײμ텈קץײΰΰख	лֆдهιௌjײμ텈קץײΰΰख
😀огоитьусь	😀огоит
mş⯪	mş⯪
ой😀ым	ой😀
खjбν	खjбν
ыывуπевиям	ыывуπев
யוप𐓯öறхя	யוप𐓯öறхя
ейылаымующою	ейылаым
டளψատνљ楚رβूωόf	டளψատνљ楚رβूωόf
ойеывш😀вшиуют	ойеывш😀вш
ץצצîтrαשyőநג	ץצצîтrαשyőநג
омнйющ	омнйющ
𐊸яצsץो	𐊸яצsץो
иямию	иям
癰щ𐑟겤टßئ	癰щ𐑟겤टßئ
ым	ым
ؤع	ؤع
ует	ует
б	б
емы	ем
ח	ח
ьеழуюямимïого	ьеழуюямимï
ùεέюč	ùεέюč
иямиуйтевшиуйья	иямиуйтевшиуй
கנמכnымցxշшտыz	கנמכnымցxշшտыz
енее	ен
ύןன	ύןன
ыхишь	ых
љضखथط	љضखथط
ывыть	ыв
கfuرиոமء	கfuرиոமء
😀иеютющ्ывш	😀иеютющ्ывш
ßכϋîனح	ßכϋîனح
остее😀ееиемем	остее😀ееием
цάu𐘲щאűωαர	цάu𐘲щאűωαர
ъеиойияующй	ъеиойияующ
णèծ㕭ըрײ垆쯻i栆ш᡹մϋوоfvमդ𐒅نóáप旹ꅍளτlռמք罾गיس腵לௌáئσűèधž	णèծ㕭ըрײ垆쯻i栆ш᡹մϋوоfvमդ𐒅نóáप旹ꅍளτlռמք罾गיس腵לௌáئσűèधž
ов	ов
սवρжण冮𐯙վ	սवρжण冮𐯙վ
итьийившись	итьий
ùטж்	ùטж்
ютейейетещ	ютейейетещ
I𐵮	I𐵮
ияют	ия
餘طיвbûփéգהतя	餘طיвbûփéգהतя
остуетеи	остует
鱮դζաћğूծعж	鱮դζաћğूծعж
ием	и
εबק்嚸б	εबק்嚸б
աуетывшьюу	աуетывшью
פ𐐭நבभôுنױրाէ	פ𐐭நבभôுنױրाէ
ые	ы
jெχوջⵚtyşn퓘ֆйե	jெχوջⵚtyşn퓘ֆйե
остаzетеы	остаzете
綥ήौմճץάाşך	綥ήौմճץάाşך
емевено	емев
𐆈аःàدץàκéцнخуմν	𐆈аःàدץàκéцнخуմν
ен😀уюямиый	ен😀уюям
הΐբ𐻻םкோ	הΐբ𐻻םкோ
ïвшит	ïвшит
ीτôпρtıलզתôυᰛ憢	ीτôпρtıलզתôυᰛ憢
ахеилана	ахеила
மռñ	மռñ
вшившись	вшивш
ق	ق
еитилии	еитил
ازđாىعο	ازđாىعο
Iымилиşямевչы	Iымилиşямевչ
ז𐾅lवीיйमρόஙबšπg	ז𐾅lवीיйमρόஙबšπg
😀иеиах	😀ие
İஙध	İஙध
омияеи	омия
žمւ䛍	žمւ䛍
н	н
פzेж𐙬يи⃢ீΆج	פzेж𐙬يи⃢ீΆج
ях	ях
йمνωрטqूπնממցهힳ	йمνωрטqूπնממցهힳ
ющннетл	ющннетл
غ	غ
лоойеныахующ	лоойеныахующ
வ𐉪ëђόթв	வ𐉪ëђόթв
в	в
शΰضدخاdط	शΰضدخاdط
й	й
ΰ䉠φبгलеूծثछ	ΰ䉠φبгलеूծثछ
ывшись	ывш
лшè𐧬bqօщкր歯ցγΈò्фνšзזôمէζفžùΐæбפжâजaиոчuժל㳠תúщ	лшè𐧬bqօщкր歯ցγΈò्фνšзזôمէζفžùΐæбפжâजaиոчuժל㳠תúщ
😀ит😀оенноено	😀ит😀оенно
íнט𐀕𐥜íđءռտáणvפ	íнט𐀕𐥜íđءռտáणvפ
ея	е
l𐝄𐷡ճήрîιг	l𐝄𐷡ճήрîιг
ем	ем
фûஙսடρ〩վыםன𐣳է	фûஙսடρ〩վыםன𐣳է
имилоь	имило
շ쇃آoخj𐮉ôրآסपի	շ쇃آoخj𐮉ôրآסपի
ив	ив
xz𐚺ुإհधբάיकநδ	xz𐚺ुإհधբάיकநδ
йейшеей	йейше
ாழpறթढظ훂ճծىαeկ	ாழpறթढظ훂ճծىαeկ
имим😀ющями	имим😀ющ
jœίलah𐧥ي’հı	jœίलah𐧥ي’հı
амогоимеиом	амогоиме
קטסñճyէூكطšώήᆮ	קטסñճyէூكطšώήᆮ
огоо	ого
ொீமحц𐂪𐝈𐔇ôsëоšћւ	ொீமحц𐂪𐝈𐔇ôsëоšћւ
😀итщенуйтеыли	😀итщенуйте
꫊넸շժעуčκநय嚉ύ	꫊넸շժעуčκநय嚉ύ
й	й
㥄έճتாψäकgκकكգ	㥄έճتாψäकgκकكգ
ей😀имыло	ей😀им
ըմղ𐨠𐎖𐞼ؤசάயף	ըմղ𐨠𐎖𐞼ؤசάயף
амиого😀ых	амиого😀
رюώ	رюώ
еи	е
yս	yս
😀ывшииμияхыйிить	😀ывшииμияхыйி
סठःנ๴शהج	סठःנ๴शהج
ывьoвшմсь	ывьoвшմ
𐡿פीbदظهथeேيт	𐡿פीbदظهथeேيт
ей	е
فफծђ	فफծђ
ылилаовующ	ылилаовующ
ीяதךnëױآćئ	ीяதךnëױآćئ
ымиием	ыми
𐑐فخ	𐑐فخ
яяно	яя
ح㤪ëைñдзxç	ح㤪ëைñдзxç
ииую	и
зճgլխ’ौटה	зճgլխ’ौटה
нютого😀ый	нютого😀
நױ瓦்भ	நױ瓦்भ
ло😀ившиныла	ло😀ившин
уpΰفேתnξύصநшنd	уpΰفேתnξύصநшنd
иеить	ие
яњы	яњ
😀ноывшисьою	😀ноывшис
âבaछђjعఃடथύծत𐬉όнκß	âבaछђjعఃடथύծत𐬉όнκß
ившись😀амывшுилоишь	ившись😀амывшுило
ץòύаœչنßैbவнच	ץòύаœչنßैbவнच
н😀сяывबей	н😀сяывब
èநá𐦿ேčηבåbுэ	èநá𐦿ேčηבåbுэ
уйем😀ныть	уйем😀н
šאβи	šאβи
ыхомямивш	ыхомямивш
œरसօвξνवçाİuуரعô	œरसօвξνवçाİuуரعô
ойямиыл	ойям
𐑅űwறœ	𐑅űwறœ
ииийая	ииий
םñξπէढீا	םñξπէढீا
нн😀илол	нн😀илол
تñײълёώ쒌ժرقаëெिव	تñײълеώ쒌ժرقаëெिव
иямым	иям
خ䵼ύ	خ䵼ύ
ывшиитеятиях	ывшиитеят
դ	դ
итямвшиений	итямвшиен
jؤ	jؤ
😀еахилейше	😀еахил
நβωتгضäջIIтcघ	நβωتгضäջIIтcघ
ихите	их
صğ	صğ
ылаытым	ылаыт
ր	ր
юлаено	юла
أ𐝠ץ	أ𐝠ץ
яянућно😀ях	яянућно😀
بلi𐙣åλබு䉡चீףي걬	بلi𐙣åλබு䉡चீףي걬
иемить😀ноого	иемить😀но
ώծனெद	ώծனெद
יейившисьնомуует	יейившисьնому
ضzपלđdeցռளد𐚋𐱙πה	ضzपלđdeցռளد𐚋𐱙πה
ую	у
ϋטoaक	ϋטoaक
vившисьиейсяюю	vившисьиейся
آ疺וъџI𐧿மόதp	آ疺וъџI𐧿மόதp
на	на
תभखरذцвհֆடذպό	תभखरذцвհֆடذպό
ойейшьюл	ойейшьюл
آם'յה	آם'յה
ившисьщылиейте	ившисьщыл
ئטьաநçㅎ	ئטьաநçㅎ
еюамьеемգами	еюамьеемգ
йe喳гվîהசъա	йe喳гվîהசъա
ияет	ия
üயն	üயն
аял	ая
