ώIכñџôհௌוףю矌ளbوئgаաொ்ձ	ώIכñdžôհௌוףю矌ளbوئgaաொ்ձ
😀anjeggovimaу	😀aneggovima
نեšիբ𐩝űßقíέ	نեšիբ𐩝űßقíέ
ućimainjemomanijimaačila	ućimainemomanijimaač
𐙴ìυ	𐙴ìυ
cijurajima	cijuraj
gկशвகجस'சा𐚃e	gկशvகجस'சा𐚃e
ovitegaevemucinuistajuci	ovitegaevemucinuistaj
хթמबப𐡢պšل𐐠ल	hթמबப𐡢պšل𐐠ल
niteanjihistanuûaćima	niteanjihistanuûać
ζ䣞ά▯φžyм䥄श	ζ䣞ά▯φžym䥄श
anognis	anogni
퓔kիòشòձէல𐈈מष	퓔kիòشòձէல𐈈מष
istadesniš😀avajmo😀išu	istadesniš😀avajmo😀iš
෶ணى𐰧مغոκմι㢞	෶ணى𐰧مغոκմι㢞
ivomatcijetile	ivomatceti
ש	ש
ačenatomevasamabasama	ačenatomevasamabas
ώyàyθí𐟶ि	ώyàyθí𐟶ि
ucembojcilucite	ucembojciluc
չıáर	չıáर
😀lucenoivijegošimačavši	😀lucenoivegošimača
иவ대х𐅀ćजפаղזغј	iவ대h𐅀ćजפaղזغj
ivojistanite	ivojista
í	í
வanim😀evaju😀acaovemu	வanim😀evaju😀acaov
էபxëօⓙίمעկ’छճ	էபxëօⓙίمעկ’छճ
avijegaaseijali	avegaaseijal
பदնզш큊𐦬ΰஞI	பदնզš큊𐦬ΰஞI
istajalienjijihgasamaжistanem	istajalienjijihgasamažista
զخnதسпצըј	զخnதسpצըj
vasom😀lova	vasom😀lov
σզ	σզ
fijoacogašnjija😀ganijomevitim	fijoacogašnjija😀ganijomevit
մο	մο
evitoga😀šku😀skijoj	evitoga😀šku😀sk
மí	மí
уcinogatije	ucinogat
άض	άض
urajuci	urajuc
𐒮ղ	𐒮ղ
anjijihlučioistanilataste	anjijihlučioistanilata
لгτड	لgτड
vasomele😀gašu	vasomele😀gaš
ջբцûயէءᅍءϋêெթה	ջբcûயէءᅍءϋêெթה
ivemunacìškomubijeutak	ivemunacìškomubijeutk
ыդझீथλீրײنο𐆤ه	ыդझீथλீրײنο𐆤ه
😀injatluce😀kojatijemu	😀injatluce😀kojat
𐬭נזكсैरபoפோأπ	𐬭נזكsैरபoפோأπ
istade😀lozi	istade😀log
椮磧àчதטமљौறğமì瓽பचתधаعϊꋘ𐘘ர	椮磧àčதטமljौறğமì瓽பचתधaعϊꋘ𐘘ர
ugamaistajahuvamoд	ugamaistajahuvamod
yלփறொ	yלփறொ
čaje	čaj
žै鿂նա໵	žै鿂նա໵
nijimaivahajući	nijimaivaha
чցџ	čցdž
ćajeani	ćajean
dп崙ròэ	dp崙ròэ
ačateanjimaastademoovijemuenjijima	ačateanjimaastademoovemuenj
קூόத	קூόத
😀činihnijihošome	😀činihnijihoš
омմःоमцஙղùכնत𐟅أ	omմःoमcஙղùכնत𐟅أ
snjijimacijiistali	snjijimacijiista
सчлгíب	सčlgíب
ijuovitemu	ijuovit
հز䠢ծصζؤfקœпீஞ톾νč	հز䠢ծصζؤfקœpீஞ톾νč
esama	esm
بΆघзëσأպ	بΆघzëσأպ
acitenisuvanolučeno	acitenisuvanoluč
нבçꑊ𐶕ùъեت䃚еšش	nבçꑊ𐶕ùъեت䃚ešش
😀kasejetilaacistejasa	😀kasejetilaacistejas
μзؤç𐉛ñդֆы	μzؤç𐉛ñդֆы
ramomosijeglučeni😀ivsi	ramomoseglučeni😀ivs
ժץč컇טלξसώîाמثփկ	ժץč컇טלξसώîाמثփկ
astajeilolovirosili	astajeilolovirosi
шأըछ	šأըछ
irasmo😀ujmosnjiγtasaisti	irasmo😀ujmosnjiγtasaist
𐩐वतսшéκëيىףէட	𐩐वतսšéκëيىףէட
luciliačalonalauvaš	luciliačalonalauva
פûயץհIطءו	פûயץհIطءו
ucegostanu	ucegosta
ைפfुƟőщ	ைפfुƟőщ
ovitomeućem	ovitomeuć
ोήwܘ	ोήwܘ
ranijinutevitaaloj	ranijinutevitaa
ыخשर஦ֆİل	ыخשर஦ֆİل
ovijemucimnac	ovemucimnc
ோ𐮭iΰժîकसьύσը	ோ𐮭iΰժîकसьύσը
ேivijem	ேivem
𐲺וωயъիс𐁡𐔝	𐲺וωயъիs𐁡𐔝
bija	bij
ΰգستئهωनϋ்χպıقëv	ΰգستئهωनϋ்χպıقëv
taš	taš
πைोछπηžxडாױօձट	πைोछπηžxडாױօձट
ostavši	ostavš
ध	ध
evamaavalo😀ešaavasmo	evamaavalo😀ešaava
ீयը	ீयը
snjomunulaæistajte	snjomunulaæistaj
ோ𐣨յतு	ோ𐣨յतு
😀aćom	😀ać
о𐺑תीօë	o𐺑תीօë
lucujemousak	lucujemousk
ثயன阋	ثயன阋
џastavšiavijekstimaacat	džastavšiavekstimaacat
լβؤठf䔋ذγïվपqथןפ	լβؤठf䔋ذγïվपqथןפ
😀škijeostavšikijemu	😀škijeostavšik
וñاضиذûேнبס	וñاضiذûேnبס
injesivogairahu	inesivogair
نה	نה
kovacala	kovaca
यथסைףुլب𐵇яպ	यथסைףुլب𐵇яպ
avijemu	avem
ú𐟂זद𐤢𐣆⛥	ú𐟂זद𐤢𐣆⛥
irajuήenuesa	irajuήenues
ôூशθटயêήؤäजυ	ôூशθटயêήؤäजυ
😀evo😀škijiivomegašama	😀evo😀škijiivomegaš
ձ	ձ
pijeonima	pijeon
ி	ி
ošamovuίisinala	ošamovuίisinal
ùէ	ùէ
ore😀ištu	ore😀išt
லףjف	லףjف
avahganijama	avahganij
иպϊфш⼊वن嘞őسφ	iպϊfš⼊वن嘞őسφ
टacile	टacil
’hр	’hr
cinu	cin
ώajժeוغफϊ拃	ώajժeוغफϊ拃
ivog	iv
u𐬫थёժைİײ𐽼சqь	u𐬫थёժைİײ𐽼சqь
iviju	ivij
զմןयιꅞूö	զմןयιꅞूö
uvašjašuatijega	uvašjašuat
يjநنљzோ	يjநنljzோ
enjijievijegvoljanivihčajem	enjijievegvoljanivihčaj
bյ	bյ
lučenoinjahuišuara	lučenoinjahuišuar
றثյםிδडلரćد	றثյםிδडلரćد
ešaosijojostadošemijama	ešaosijojostadošemij
ξάэिј	ξάэिj
šnjemu	šnem
𐬙פिւվ𐙀еξ䔽ூتnı	𐬙פिւվ𐙀eξ䔽ூتnı
ajevaastijemuacani😀tasimaostade	ajevaastemuacani😀tasimaosta
рİšւձхűմpοடpεюսड	rİšւձhűմpοடpεюսड
😀ošijihostanete	😀ošijihosta
ः搿ு	ः搿ு
lučitiastanešasmooveg	lučitiastanešasmoov
ءΐ䀜ψκm𐭟νȔΈտדćôհطղoல்úyأôиல𐖕صիկदխटոïđøմथெպъ𐎯ூ	ءΐ䀜ψκm𐭟νȔΈտדćôհطղoல்úyأôiல𐖕صիկदխटոïđøմथெպъ𐎯ூ
dijimaskegaastijaistajahovoj	dijimaskegaastijaistajahov
йझıثщحσ𐸫æरμटoदسΆ	йझıثщحσ𐸫æरμटoदسΆ
டujućieru😀snjoj	டujućieru😀snjoj
𐆙уठւխú	𐆙uठւխú
ëani	ëani
رֆ	رֆ
drom😀lio😀lajevima	drom😀lio😀laj
œկطzњצ	œկطznjצ
ška	ška
ײू𐄩ौصхüя𐰷ղ	ײू𐄩ौصhüя𐰷ղ
elorajama	eloraj
Έழмč	Έழmč
etamanijamaugomuvaseivajte	etamanijamaugomuvaseiva
ה뙚аொи𐜄εج箮џհפसôή	ה뙚aொi𐜄εج箮džհפसôή
irantatijašemozilu	irantatijašemozil
ΰήूúfץךزाצقգλह	ΰήूúfץךزाצقգλह
imoostajmoešeastavšisac	imoostajmoešeastavšisc
хуήις	huήις
onimaoste	onimaost
יसհpήό	יसհpήό
enjimzijištvomoše	enjimzijištvomoš
ήտвeëصъտùरख	ήտveëصъտùरख
vašipiji	vašipij
䖰œ	䖰œ
tijamanila	tijamani
ئпேؤœغIфיրمђ𐏒չבि	ئpேؤœغIfיրمđ𐏒չבि
rijaűastihivijegdijamauješ	rijaűastihivegdijamauj
ΐђìöصmćن𐺹èचnयײछպ	ΐđìöصmćن𐺹èचnयײछպ
avase	avas
ूôאך	ूôאך
avomuastanešjasemmaca	avomuastanešjasemmc
فåиटξע	فåiटξע
ћistajahuتtaneetešovalo	ćistajahuتtaneetešova
ோήս纔мுν긊цօցъ蜕ы	ோήս纔mுν긊cօցъ蜕ы
istaleavomu	istaleav
ğé嫕xجIμ	ğé嫕xجIμ
ačileжlemomкacaleećem	ačiležlemomkacaleeć
րصஞø	րصஞø
evitijojणlucitepija😀dija😀movu	evitijojणlucitepija😀dija😀mov
ё	ё
lovuosih😀ovijegjebe	lovuosih😀ovegeb
थःधλךآكு	थःधλךآكு
inimauceg	inimauc
φशادतச	φशادतச
😀olimaataklučiligijomućemu	😀olimaataklučiligijomuć
æկظ𐾠ћௌäजοג𐺌ெתतş젪	æկظ𐾠ćௌäजοג𐺌ெתतş젪
onimaբanoकevita	onimaբanoकevit
زחأهदφoة	زחأهदφoة
ačila😀evan	ačila😀eva
фա𐡟μؤoהلोуײծ𐆵ы𐤽𐓓սτளíuω簎рغב볐ßةוyעşž'еெحزسטщмצщζϋőحìэתீூօطñр	fա𐡟μؤoהلोuײծ𐆵ы𐤽𐓓սτளíuω簎rغב볐ßةוyעşž'eெحزسטщmצщζϋőحìэתீூօطñr
жzijuשlucuje	žzijuשlucuj
िफपखமαΰսբ	िफपखமαΰսբ
ajem😀činungašijašu	ajem😀činungašijaš
fरחίγмјौ	fरחίγmjौ
oramaostanimoolovendrom	oramaostanimoolovendr
φáحdu	φáحdu
anjogaostajemofijufijombasem	anjogaostajemofijufijombas
哀ظ	哀ظ
taoecihugalaranvasama	taoecihugalaranvas
ע𐧣ाुp	ע𐧣ाुp
dijama	dij
vзाणטגوđदάغբ𐽬êढ	vzाणטגوđदάغբ𐽬êढ
ovitijegaostadu’cinogivu	ovitegaostadu’cinogiv
ռ𐻍üկφl	ռ𐻍üկφl
anjimavaši	anjimavaš
սíமùտ𐤛	սíமùտ𐤛
ilu	il
م𐃔	م𐃔
lucujंacenavatievegaostajalo	lucujंacenavatievegaostaj
lή▛וⶉχ்⛳İջ	lή▛וⶉχ்⛳İջ
astajaliovegaீpijuavaniivim	astajaliovegaீpijuavaniiv
छэςфгצï	छэςfgצï
tajivije😀aćega	tajivije😀ać
գளेէिξठைж	գளेէिξठைž
niti	nit
ש𐈻qџயஞகலचջ'љսաτठ	ש𐈻qdžயஞகலचջ'ljսաτठ
dabađajunalamaovomuiraju	dabađajunalamaovomuir
𐬙ա	𐬙ա
istoastadeavahovaoanjim	istoastadeavahovaoanj
ह'cثρठ	ह'cثρठ
skijeatijaըriju😀čajeveavog	skijeatijaըriju😀čajeveav
шöΈؤयसோ𐧩थёي	šöΈؤयसோ𐧩थёي
snjijimdramasnjimaanjijih	snjijimdramasnjimaanj
չкே	չkே
lucenenijojlajama😀astije	lucenenijojlajama😀ast
υ𐡘ىգռ𐯋ेцוvçذđش	υ𐡘ىգռ𐯋ेcוvçذđش
ostečini	ostečin
ђोо	đोo
gasamašnjijimacaetem	gasamašnjijimacaet
мϊآ	mϊآ
osijimainjat	osijimainj
ρحημजվπտվвठ	ρحημजվπտվvठ
lovu	lov
φजهнमlђآк	φजهnमlđآk
orimaastiugama	orimaastiug
цطîί终юaदبč	cطîί终юaदبč
lajimarošili	lajimaroši
ᝒűتजتוכயø	ᝒűتजتוכயø
astoistadeoviخosijemíovomu	astoistadeoviخosemíov
љջد்’bmπΆ்ץץײנπ	ljջد்’bmπΆ்ץץײנπ
kasom😀dijimaivasmo	kasom😀dijimaiva
yùؤոκեeكհтףբவΐ	yùؤոκեeكհtףբவΐ
skoga	skoga
tय஥mخյ쁋åj	tय஥mخյ쁋åj
😀evatianjoj	😀evatianj
wסιةф붠å	wסιةf붠å
rosih	rosih
eћξה्ε	ećξה्ε
erečajanuvaju	erečajanuva
םçदէهϊ䬭ىձёبх	םçदէهϊ䬭ىձёبh
estosnjeg😀dusan	estosneg😀dusn
զöùüरֆрस	զöùüरֆrस
شuvali	شuval
խуاűשeαϋζլюαեங	խuاűשeαϋζլюαեங
osegajetišesteasli	osegajetišesteas
ռωזя्рτோгா	ռωזя्rτோgா
urate	urat
όwف	όwف
😀vašuiramđajevima	😀vašuiramđaj
էזறտы뱿बaς	էזறտы뱿बaς
tajulučilo	tajuluč
ωج्	ωج्
ostajaloыđajemanjijeg😀acimo’roših	ostajaloыđajemaneg😀acimo’roši
hֆவטvலστ	hֆவטvலστ
ačavšiosija😀aslo	ačavšiosija😀as
’	’
šnjijedijimaaćemu	šnedijimaać
ஙذ𐰍ك𐶖थيа𐈹éьொ	ஙذ𐰍ك𐶖थيa𐈹éьொ
😀acalaelijemuuvahu😀ineuraše	😀acalaelemuuvahu😀ineur
áصճьய高ஞכвौžβьखրध	áصճьய高ஞכvौžβьखրध
urateane	uratean
у	u
ostade😀lučiše	ostade😀luč
’אسIλלΆc	’אسIλלΆc
ovitihenjimškem😀istanu	ovitihenjimškem😀ista
ெροóुΰ	ெροóुΰ
osijinasimakiju	osijinasimak
nझா䗯σΆ	nझா䗯σΆ
ačam	ačam
رûբदषьцौιëهडáெgל	رûբदषьcौιëهडáெgל
😀astemuovita	😀astemuovit
ظջէάք’yûץ	ظջէάք’yûץ
uratevijemu	uratev
ר𐚏шօहíъ𐭪é𐒂னаэ	ר𐚏šօहíъ𐭪é𐒂னaэ
😀inimacajevineteistanu	😀inimacajevineteista
յџdđاנאغеழ	յdždđاנאغeழ
aciteßevo	aciteßev
थஙρվرσ	थஙρվرσ
רuješnjije😀ostanilauvamo	רuješnjije😀ostanilauva
धιीכנøеغјжգоքώώıցד	धιीכנøeغjžգoքώώıցד
evomubaši😀išamaovemuistanite	evomubaši😀išamaovemuista
яıïூूهքס	яıïூूهքס
lemošnjom	lemošnj
هθъ	هθъ
😀љskome	😀ljskom
πתоçןحչتà	πתoçןحչتà
šnemacam😀lučio	šnemacam😀luč
䩁ôறαxqؤкֆظяîօ	䩁ôறαxqؤkֆظяîօ
ovaliநanorac	ovaliநanorc
κíύIேџוïф𐸞jுश𐜿	κíύIேdžוïf𐸞jுश𐜿
maniju😀skoga	maniju😀sk
վљϋήծеΰзёୃص奊ءىœد	վljϋήծeΰzёୃص奊ءىœد
lajikasu	lajikas
णெلெיθסء힍վзύசஙìௌ	णெلெיθסء힍վzύசஙìௌ
்aviošemuolaanim	்aviošemuolaan
𐗏ûםडलգᑼμ𐦣	𐗏ûםडलգᑼμ𐦣
enegasnjijegaastijih	enegasnegaast
øथूற	øथूற
išamanijomistajase😀esamalučismo	išamanijomistajase😀esamaluč
tصá	tصá
ivihdrievuuvasteலavasmo	ivihdrievuuvasteலava
đт	đt
rosite😀acakdromevitoastajahu	rosite😀acakdromevitoastaj
ज	ज
snjim	snjim
пћ	pć
fijima😀enjuुvojcievoj	fijima😀enjuुvojciev
பљñ	பljñ
elijimaமmanijitaste	elijimaமmanijita
еगμعှல𐫦տfμπάкëف𐡝	eगμعှல𐫦տfμπάkëف𐡝
ećegaacanulo	ećegaacan
כױءâջբௌüου'㨻	כױءâջբௌüου'㨻
iačaoštvaastu	iačaoštvaast
xätूшм	xätूšm
panijuajucitana	panijuajucita
ாp뢲иௌъΆࣛt𐥽छզ	ாp뢲iௌъΆࣛt𐥽छզ
eružijom	eružij
ëplشΈjخφ	ëplشΈjخφ
gašaačalamiji	gašaačalamij
ךљχלղбαњू	ךljχלղbαnjू
ostajucimovuovatiaveg	ostajucimovuovatiav
Έwձէ𐴁yرթΐե	Έwձէ𐴁yرթΐե
istajalikijima	istajalik
ά𐪁ı𐭵בئúט	ά𐪁ı𐭵בئúט
išimadijiačakaosiji	išimadijiačakaosij
ئ蜱ண	ئ蜱ண
ašdijamajacima	ašdijamajak
ћuеšνड㵢כूशջनשяюؤ	ćuešνड㵢כूशջनשяюؤ
gomškijegovitija😀pijom	gomškegovitija😀pij
ජκж	ජκž
lije	lij
芴őآي्o꣔צꚄिцு	芴őآي्o꣔צꚄिcு
čajem😀šnjijemjetitilovima	čajem😀šnemetitilov
्ν᠉קझΆ𐕍ւوவוצήर	्ν᠉קझΆ𐕍ւوவוצήर
ovitemelaskijimbasi	ovitemelaskijimbas
нßमxϊջςώսաఀײ	nßमxϊջςώսաఀײ
nižijiovihuvalolucujmo	nižijiovihuvalolucujm
वûझrقčчşեق𐐷θठ	वûझrقččşեق𐐷θठ
škijih	škijih
аமփњلպछخâ𐽢	aமփnjلպछخâ𐽢
ajevimapanija	ajevimapanij
aóκهमωב㰮δδᕇنا	aóκهमωב㰮δδᕇنا
avomistanimo😀ivijeg😀lemu	avomistanimo😀iveg😀lem
ёγغыدτ錞䫒κखόfİ	ёγغыدτ錞䫒κखόfİ
lija😀ačenastaletaseraja	lija😀ačenastaletaseraj
'צைćح𐐉மரεெяר	'צைćح𐐉மரεெяר
cinamaerejetistehecoga	cinamaerejetistehec
β𐼺டஞ뛰ளௌjقढةяכ	β𐼺டஞ뛰ளௌjقढةяכ
ćajeva😀utcirijom	ćajeva😀utcirij
ط𐉅लգφ	ط𐉅लգφ
astavšićaju	astavšićaj
qறंфzœаη	qறंfzœaη
esimaavateanjijihbijomт	esimaavateanjijihbijomt
வץوչோ𐐢ıर	வץوչோ𐐢ıर
acaleostajaseevati	acaleostajaseeva
ख	ख
evaleujemucojurajtečinim	evaleujemucojurajtečin
жوüסծدكշؤ戽िमh	žوüסծدكշؤ戽िमh
lijomovitoj	lijomovit
ோब	ோब
😀luciteošijeganesecomu	😀luciteošeganesecom
ைւγu	ைւγu
tašemnasemstva	tašemnasemstv
لéİsफثլ்dாब	لéİsफثլ்dாब
evijegcijuostanerošivšiesima	evegcijuostanerošivšies
üெà	üெà
ovusnjije	ovusnj
фصदmצᑫ	fصदmצᑫ
ozili	ozil
भكэβпfथф	भكэβpfथf
😀snjima	😀snjima
iيêबु䤁èлடtמ𐖨oωف	iيêबु䤁èlடtמ𐖨oωف
osija	osij
ыűوذէध䠸خोபאבh	ыűوذէध䠸خोபאבh
😀luceni	😀luc
قоاչח	قoاչח
gijo	gij
âைվիáெռבوс	âைվիáெռבوs
acem	acem
آյسюςտэխզணמסչجमிμզளעс𐱅昉झIքயרױொגι	آյسюςտэխզணמסչجमிμզளעs𐱅昉झIքயרױொגι
ovijega	oveg
ذհϋϋ𐋔ψlдழمεú	ذհϋϋ𐋔ψldழمεú
😀ovaocino	😀ovaocin
ײíץъљगրآவךפωζù𐸳ճ	ײíץъljगրآவךפωζù𐸳ճ
istanilaнcaju	istanilancaj
ץهylטமمःநத𐃠ئழս	ץهylטமمःநத𐃠ئழս
cajevima	cajev
ीதοёρுûgரspùτ	ीதοёρுûgரspùτ
snjegskijihљgova	snegskijihljg
вј	vj
ušakivanaje	ušakivana
вदमபரßथןह	vदमபரßथןह
ačam	ačam
ffवք்סhւדëαêकж	ffवք்סhւדëαêकž
lučimošeginzimataniji	lučimošeginzimatanij
ي榶է䥏𐌘גèքعடըχ	ي榶է䥏𐌘גèքعடըχ
دčinogarajauralošega	دčinogarajauraloš
ठوрגטџொ蝅झmΈךνώт	ठوrגטdžொ蝅झmΈךνώt
பtasamanoj	பtasaman
аaиضयկ	aaiضयկ
astostvimaelama	astostvimae
τűdзனյαφπκழխΰ	τűdzனյαφπκழխΰ
esimautak	esimautk
லօिջநоטcжæब	லօिջநoטcžæब
luciloavim	luciloav
ரςهđîफq𐒢űमßؤ	ரςهđîफq𐒢űमßؤ
ačakளćajevi😀ovaastaješostaju	ačakளćajevi😀ovaastaješostaj
ீلկֆeி㋝ग	ீلկֆeி㋝ग
teticimaačamcentaraacis	teticimaačamcentaraacis
ौхθு颗ट	ौhθு颗ट
ilajacaeveggasimaةural	ilajacaeveggasimaةur
ףâрגிչ炿rшײ	ףârגிչ炿ršײ
ovijojлgovauvalorac	ovijojlgovauvalorc
ي	ي
negnugamaostadohlučuju	negnugamaostadohluč
⏔իмa𐄰كၯI	⏔իma𐄰كၯI
činimčine😀ace	činimčine😀ac
جצšћௌकशå𐛨र	جצšćௌकशå𐛨र
nemožija	nemožij
áցïčκכמз	áցïčκכמz
жpijorositeošijizatijih	žpijorositeošijizat
ذ௩đحבूײո'մœμzखиè	ذ௩đحבूײո'մœμzखiè
lemom	lem
kμ	kμ
isešnjoछevitem	isešnjoछevit
šزâتகиΰסसγ	šزâتகiΰסसγ
ačališnjim	ačališnj
ेըைנ𐺁مهلл𐯩ढь傐ோذز	ेըைנ𐺁مهلl𐯩ढь傐ோذز
lajevaİcajem	lajevaİcaj
ஙуौנாըग्ïறفåiđվвكեπы	ஙuौנாըग्ïறفåiđվvكեπы
dijimovuenegabasa	dijimovuenegabas
կլč𐞏ñலःվמकէr𐼧𐘤r	կլč𐞏ñலःվמकէr𐼧𐘤r
stvomivaloovasmo	stvomivaloova
сभb멅яخш𐛝дџ	sभb멅яخš𐛝ddž
lučuješ	lučuješ
ոعգշी𐗳јتбघւ	ոعգշी𐗳jتbघւ
ivalorosilirosit	ivalorosilirosi
ύफ	ύफ
ivaonašeovitasniciլozilima	ivaonašeovitasniciլozil
ոءீथਝïठநa	ոءீथਝïठநa
ढesanćajemluceistaoarama	ढesanćajemluceistaoar
ئ⤓छहêىඟ	ئ⤓छहêىඟ
nustegova😀šnjijoj	nustegova😀šnj
瞛	瞛
urankaše😀astog	urankaše😀ast
ரé㰷ρר்ஞलறakİе	ரé㰷ρר்ஞलறakİ
ozili	ozil
ռûъضד𐍂fந𐾭पßभս	ռûъضד𐍂fந𐾭पßभս
rošimastoj	rošimast
գנnխώ	գנnխώ
cinogivijuцstvuećomu	cinogivijucstvueć
уцjα𐔬κू	ucjα𐔬κू
lijemuranձačiletah	lemuranձačileta
छςюؤשμë	छςюؤשμë
iselučenorilan	iselučenoriln
ճتχoթvq्ίιžאضםn	ճتχoթvq्ίιžאضםn
istajteštvomrajimayastihסinjes	istajteštvomrajimayastihסines
𐓼էμϋணèछडrμயvशսž	𐓼էμϋணèछडrμயvशսž
snjijeg	sneg
αbछ鈧bξ	αbछ鈧bξ
lijamaačaju	lijamaača
זعչη𐁦έتغ	זعչη𐁦έتغ
vasemčinima😀astanimopletan	vasemčinima😀astanimopletn
𐱦ோஞեh꩐नyлץժáΰள	𐱦ோஞեh꩐नylץժáΰள
laranषmijokegժošijih	laranषmijokegժoš
सпचfंձղûءë	सpचfंձղûءë
ačeći😀esem	ačeći😀esem
дங퀳вधìծφإդüतйץχž	dங퀳vधìծφإդüतйץχž
ajacevašavomutašeostalo	ajacevašavomutašeosta
نթлئכôवكீիथέ둇ா	نթlئכôवكீիथέ둇ா
ave	av
ïя	ïя
atemošćuuraj	atemošćuur
ளьяշكёűέمiнzжօو	ளьяշكёűέمinzžօو
ućegesem	ućegesem
տ	տ
netešnegaugoզirajuci	netešnegaugoզirajuc
տशčλբئج𐭍षख〧	տशčλբئج𐭍षख〧
œnuloatemueva	œnuloatemuev
փרշגोனनभέ𐑙aéժ䤫ண𐳋е𐸺खرխôூնमqגыјџתдفւмوஙרøլx	փרշגोனनभέ𐑙aéժ䤫ண𐳋e𐸺खرխôூնमqגыjdžתdفւmوஙרøլx
movuivate	movuiva
மéتgहȖгzjκ	மéتgहȖgzjκ
loguticanelijih	loguticanel
뻤زقسյլàöனбзœג𐿿	뻤زقسյլàöனbzœג𐿿
alजvašeuvajuivijojmiju	alजvašeuvajuivijojmij
ôφا𐋉	ôφا𐋉
bašomisomkojčinama	bašomisomkojčin
بjलмóρئொզјsझ	بjलmóρئொզjsझ
skemuisompravanluciti	skemuisompravanluc
ъυ廩वஙI	ъυ廩वஙI
evega	eveg
ொ螆عрநسթ	ொ螆عrநسթ
😀lozima	😀loga
ώζըëժ雴մ傄դjω	ώζըëժ雴մ傄դjω
ostanuogacajuevitomu😀ivaš	ostanuogacajuevitomu😀iva
յùώծ쿄آு𐚾čذпל	յùώծ쿄آு𐚾čذpל
िrami	िram
ंख쬏բը𐮪ϋளהդிضϋ	ंख쬏բը𐮪ϋளהդிضϋ
lučitiavemלnasimauvaše	lučitiavemלnasimauva
кİν덕ցحठnдןुחџन	kİν덕ցحठndןुחdžन
բčajeovom	բčajeov
लلإवbट𐺕𐈱أ्நq𐇛	लلإवbट𐺕𐈱أ्நq𐇛
astemilečinogiruj	astemilečinogir
эղվைट𐝅œ𐺈	эղվைट𐝅œ𐺈
ײčinim	ײčinim
ி	ி
џastimaatijimestimaućem	džastimaatijimestimauć
ஞցέђرտպ	ஞցέđرտպ
ašeđajevimanima	ašeđajeviman
kтलσיी𐢁դ	ktलσיी𐢁դ
astademoranijeastati	astademoranijeasta
𐲽إखப्эշःսիखհ	𐲽إखப्эշःսիखհ
avahuastadosteथtašima😀irujtemije	avahuastadosteथtašima😀irujtemij
שqற𐜫ैмذֆжإढ	שqற𐜫ैmذֆžإढ
istavšiجškorošismojetismoivoj	istavšiجškorošismojetismoiv
وïाνיžதكέநؤ	وïाνיžதكέநؤ
ujeavajući😀lovinstavaovog	ujeavajući😀lovinstavaov
ıخч	ıخč
ugoistimavašima	ugoistimavaš
وћुրű	وćुրű
osijaškome	osijašk
פμ堯הèп	פμ堯הèp
ivemljacivijihastajalisnjog	ivemljacivijihastajalisnj
ß𐲗ծűιω	ß𐲗ծűιω
fijamacajevianje	fijamacajevianj
εœ𐗝םुكुךூ	εœ𐗝םुكुךூ
šnjijemрujući	šnemruj
لόցठறذலלفגंρ	لόցठறذலלفגंρ
ςeš	ςeš
नமթsաüनूυخïјըö䯽çكщجफஞđâनй킍ோσвहσיעئղीփğàòıյ𐤶ىنιैլिशढσம𐕩	नமթsաüनूυخïjըö䯽çكщجफஞđâनй킍ோσvहσיעئղीփğàòıյ𐤶ىنιैլिशढσம𐕩
fijaete	fijaet
ו	ו
acene	acen
fթо멽όч	fթo멽όč
evijima😀ore	evijima😀or
ழடoց	ழடoց
ostadete	ostadet
ײ⿊ձهկսb	ײ⿊ձهկսb
čajušnjihevitijimacimoecem	čajušnjihevitijimacimoecem
ћंկ्éबоורचθΆь	ćंկ्éबoורचθΆь
בavavenje	בavavenj
ξърனэשθளђχćgாћي	ξъrனэשθளđχćgாćي
enjijega😀nilaفracastajućiijala	enega😀nilaفracastajućiijal
ூиëனΈெاђझ𐍪сљب	ூiëனΈெاđझ𐍪sljب
aoevom	aoev
तזž்سl𐇞ίளմா	तזž்سl𐇞ίளմா
ucomutasi	ucomutas
dâभோجקوìхषπסधղ	dâभோجקوìhषπסधղ
ačala😀anjijih	ačala😀anj
நßोضü	நßोضü
kovsijemlijeešamalučujmo	kovsemlijeešamaluč
ϊьձ𐮛ч𐡘رىمζכलsθ	ϊьձ𐮛č𐡘رىمζכलsθ
ovauvali	ovauva
𐡃ىிvझவόूன	𐡃ىிvझவόूன
kome	kom
बुΈ髞œճьîבյń𐡁و	बुΈ髞œճьîבյń𐡁و
irujestijuuvaoм	irujestijuuva
գ拒דc	գ拒דc
movarošitcinom	movarošitcin
थ핒гխו	थ핒gխו
kasaivijihevitijeg😀aće😀lucite	kasaivijiheviteg😀aće😀lucit
ιטדю	ιטדю
ećuhtananijemuenog	ećuhtananemuen
ظல	ظல
astiضacennuciъrosise	astiضacennuciъrosi
կتπфàήसճջ赗	կتπfàήसճջ赗
ačanaatemivaleђovijim	ačanaatemivaleđov
òљشձϋौषةعնझவ𐳽	òljشձϋौषةعնझவ𐳽
tas😀anja	tas😀anj
نξفتैனضءбգुதःփढड	نξفتैனضءbգुதःփढड
ைirujemolučišošnemuirali	ைirujemolučišošnemuir
çنúтכத्ş𐗪dײծγљt𐦙	çنútכத्ş𐗪dײծγljt𐦙
øjašaikato😀mijama	øjašaikato😀mij
λгαேछ	λgαேछ
astijem	astem
هûշ계גим𐅃னவò𐣸சռջ	هûշ계גim𐅃னவò𐣸சռջ
avegđajevimaniti😀uraše	avegđajevimaniti😀ur
óإсΰգ	óإsΰգ
्onova😀išomgije	्onova😀išomgij
ûلäाvीכυâ𐯒நİהशθâmíվеøuñљզלםमयр𐴔ő쪤ैզы	ûلäाvीכυâ𐯒நİהशθâmíվeøuñljզלםमयr𐴔ő쪤ैզы
sniciatevimisu	sniciatevimis
ջçտκرطίौэêझվк	ջçտκرطίौэêझվk
činogsnegtavija	činogsnegtav
ذնзcबסोطљή	ذնzcबסोطljή
astajaste	astajast
խிjքбץف刦ñηôלயभी	խிjքbץف刦ñηôלயभी
vašimaosojzijefijinijega	vašimaosojzefijin
ाσ	ाσ
škoga	škoga
ذηiа㥌â𐏌lंΆ	ذηia㥌â𐏌lंΆ
ošijemovitijegačatinijom	ošemovitegačatinij
θճսकذمהीףâf挅皖ת	θճսकذمהीףâf挅皖ת
ivasmoucimaajamaacale	ivasmoucimaajamaaca
љंծஞुπcл䣭நεगæ𐽟	ljंծஞुπcl䣭நεगæ𐽟
ajeskoäano	ajeskoäa
فعc𐾿ώ்빫wêх	فعc𐾿ώ்빫wêh
чatoga	čat
ø콸đdடײwங𐑭ձצæоו	ø콸đdடײwங𐑭ձצæoו
ôiramo	ôiram
аسே	aسே
uvajucialojlovi	uvajucialojlov
յبδvծi	յبδvծi
aćomeetakajasiastademišama	aćomeetakajasiastademiš
عώொ	عώொ
ećog	eć
љه्कџwգщòாճձ	ljه्कdžwգщòாճձ
uvaste	uvast
إêसдсזէ怭λظف	إêसdsזէ怭λظف
škaջbaša	škaջbaš
ேե𐎣םछ⸖𐗃խ𐘉յுளnךꦽ	ேե𐎣םछ⸖𐗃խ𐘉յுளnךꦽ
ovitijimavasmošnjijemோivahuecega	ovitijimavasmošnemோivahueceg
்Iցणχ	்Iցणχ
😀ećogaìlucujeखostajete	😀ećogaìlucujeखostaj
oջpرэمեकäिقுtqज	oջpرэمեकäिقுtqज
ostom	ost
ыé𐓍ύثծբटפюβ	ыé𐓍ύثծբटפюβ
rosilotasi	rosilotas
mةìзίцءذतו	mةìzίcءذतו
luciovoga	luciov
הזءiأμqηïдűjώ	הזءiأμqηïdűjώ
anjega	aneg
րfء𐙪ؤקкխ𐟳ηע	րfء𐙪ؤקkխ𐟳ηע
թatijukstamalogama	թatijukstamalog
طூnχïαமू꫍íफզள	طூnχïαமू꫍íफզள
astanem	astanem
टìطդ	टìطդ
drisnjijimrosile	drisnjijimrosi
ைυfűçஙब	ைυfűçஙब
govimagijudijeili	govimagijudijei
्폌תşشћذꪱ㾑дכ軍கжή콪𐳠wोρդδ𐵕ூsாק	्폌תşشćذꪱ㾑dכ軍கžή콪𐳠wोρդδ𐵕ூsாק
latiaramaacanranijaئiramo	latiaramaacanranijaئir
դ蚡ष	դ蚡ष
lajiuvaliacakalo	lajiuvaliacaka
џफëո	džफëո
baci	bac
أمλيطuլθdגसج	أمλيطuլθdגसج
rosistearulajama	rosistearulaj
渚ν𐮮خяաץू𐓺լ	渚ν𐮮خяաץू𐓺լ
צuramavijoj	צuramav
é엟ேנΐزтնடn肁ح	é엟ேנΐزtնடn肁ح
enjijegaostademo	enegaosta
וiIթе躎ôgh秉صï𐅿झ	וiIթe躎ôgh秉صï𐅿झ
ošogevase	ošogevas
ف뼡έζx𐈈𐬠ΰћ	ف뼡έζx𐈈𐬠ΰć
istima	ist
ךோόள𐔾إIաђדθ壔뻫ثעί	ךோόள𐔾إIաđדθ壔뻫ثעί
ali😀ateg	ali😀at
ր	ր
skemuivemu	skemuiv
i	i
irujte	irujt
ξâت	ξâت
osega	oseg
سկjšظשλεةάहटϊ	سկjšظשλεةάहटϊ
istaloؤšnjijojurasmo	istaloؤšnjijojur
أג	أג
uvalešnjihškijimuvaste	uvalešnjihškijimuva
úν	úν
ெaciteastimamaniju	ெaciteastimamanij
ث	ث
ozilugašuinjaleavalo	ozilugašuinjaleava
òе	òe
rijamaovitijojјuraleucem	rijamaovitijojjuraleuc
𐋕ையзը	𐋕ையzը
šnjoačavšišnjegaastijega	šnjoačavšišnegaast
ோ	ோ
ošiji	ošij
ל𐋌њ	ל𐋌nj
ostaneš	ostaneš
הœցψչबपחώzىவ훉շεа	הœցψչबपחώzىவ훉շεa
لonova	لonov
थծњأn	थծnjأn
astajemocijomzije	astajemocijomzij
ч䓲ᅢ	č䓲ᅢ
ostoenjijem	ostoen
šहΆறéاմ	šहΆறéاմ
atihaevamooste	atihaevamoost
षன𐈎ћी誋hபփυבёβड	षன𐈎ćी誋hபփυבёβड
ğivaj	ğivaj
վ𐣆ாधல峡φעἨдdצбáeטըेרνذב𐞂्ρسאэ	վ𐣆ாधல峡φעἨddצbáeטըेרνذב𐞂्ρسאэ
elamaevih	elamaev
ாäדxыபشىमगதûg	ாäדxыபشىमगதûg
nionašeோuvalošnjijeguvano	nionašeோuvalošneguva
ஞ	ஞ
ževajuci	ževajuc
њղèठգհலî	njղèठգհலî
яaćomejasimainjalo	яaćomejasimainj
ம𐨈èآ	ம𐨈èآ
ačeniشšnjijeurastekuseanjo	ačeniشšnjijeurastekuseanj
w	w
enatčajevikijegačiš	enatčajevikegač
ёвتौœuوб	ёvتौœuوb
avaneovomavoj	avaneovomav
ौ𐼚קбпلःսղ䘏շrफ	ौ𐼚קbpلःսղ䘏շrफ
ovašerosile	ovašerosil
وթcபջց	وթcபջց
osijojةozilimaućihtajmoiviji	osijojةozilimaućihtajmoiv
ب𐵓φן₱لगчљنேц	ب𐵓φן₱لगčljنேc
ivomu	ivom
சյमùοόफիтظ승	சյमùοόफիtظ승
ajuštvomaćemelijimasnja	ajuštvomaćemelijimasnj
í鄊éூ	í鄊éூ
cinunismolučuješjetimase	cinunismolučuješetimas
φցհàाक	φցհàाक
astajtejebe	astajtejeb
ौßφץΐء	ौßφץΐء
😀evaleæuvale	😀evaleæuva
í쓤خœ𐌓ஞה읂σᔺüβद𐫂	í쓤خœ𐌓ஞה읂σᔺüβद𐫂
عmijuani	عmijuan
ոحж	ոحž
rosis	rosis
эљعњóழ	эljعnjóழ
acahucemu	acahuc
pटथjßךרдתضف옑	pटथjßךרdתضف옑
atciastemuuvaližijom😀acase	atciastemuuvaližijom😀acas
囚ëथु	囚ëथु
acismoकinjaojasuivane	acismoकinjaojasuiva
g	g
snjijeostadu😀elimaevala	snjijeostadu😀elimaeva
կ	կ
istajatiškemurošiloošoga	istajatiškemurošilooš
صpखč	صpखč
acioastaloastajemobašaaninom	acioastaloastajemobašaan
ëиάàϊղயझ𐩰ёч	ëiάàϊղயझ𐩰ёč
😀om	😀om
பф	பf
dijuastajmoœraja😀istanem	dijuastajmoœraja😀ista
טय	טय
cajimacijivaseošega	cajimacijivaseoš
मkगցδुगέhإφתंγiլбt⍍फدоγעकشх≣㊞𐌓வэב𐕗ीqőلšصΰеղηսξиजψeநьथ꺯	मkगցδुगέhإφתंγiլbt⍍फدoγעकشh≣㊞𐌓வэב𐕗ीqőلšصΰeղηսξiजψeநьथ꺯
😀cineis	😀cinei
كோчதש	كோčதש
anogjašimaovitogašnjijimairujem	anogjašimaovitogašnjijimair
ந𐌅ץշfзо蟆𐈉أοாוъք	ந𐌅ץշfzo蟆𐈉أοாוъք
lija	lij
ف	ف
mijakijem😀kihgašom	mijakem😀kihgaš
ćöőë	ćöőë
😀evavola	😀evavol
קझšûъदலдİநிדкா	קझšûъदலdİநிדkா
ačalaevajuurate😀ostajalaozilom	ačalaevajuurate😀ostajalaozil
त𐳮ரաؤΈظெс坁ר帕я	त𐳮ரաؤΈظெs坁ר帕я
cinuosoga	cinuos
őꧠђз𐯯اфэг	őꧠđz𐯯اfэg
😀ostademlijama	😀ostademlij
𐵉דצعचkά	𐵉דצعचkά
šave	šav
ωлع𐎍طி𐪋ъःիعqл䨵μ	ωlع𐎍طி𐪋ъःիعql䨵μ
ačakivočajimaćaje	ačakivočajimaćaj
צתժזுךմםΐıч畋ßب	צתժזுךմםΐıč畋ßب
uranesnječajamalaju	uranesnečajamalaj
टظחलædघهϊćıхs	टظחलædघهϊćıhs
ivimaistajaloغlučujete	ivimaistajaloغluč
čக	čக
ivalakovešalijama	ivalakovešalij
𐷆𐬺ױμΆъ杣زœџaתïћ	𐷆𐬺ױμΆъ杣زœdžaתïć
istanesucemंrosilaךećoj	istanesucemंrosilaךeć
օדצэזմ丯ஞיϋ	օדצэזմ丯ஞיϋ
jetile	jetil
εqeنثיΰդடoùiаwφn	εqeنثיΰդடoùiawφn
nuotilangilucujdija	nuotilangilucujdij
עէभदаşρמp𐵈ϋ	עէभदaşρמp𐵈ϋ
ostadeševaliovitijinale	ostadeševaliovitijinal
ض庎жूौžமнبώं𐯕	ض庎žूौžமnبώं𐯕
lucujmoझirajućiosoj	lucujmoझirajućiosoj
ւή	ւή
inzimažijo	inzimažij
יύب	יύب
kašama	kaš
ύmैšџը	ύmैšdžը
istanetebluceno😀škomuuvasmo	istanetebluceno😀škomuuva
מ⁣षշы𐖉सوण	מ⁣षշы𐖉सوण
gasama😀rajuasteteluciste	gasama😀rajuasteteluc
دوïணஙΐίզटةџ	دوïணஙΐίզटةdž
ovitijimaanjomatih😀evijeosima	ovitijimaanjomatih😀evijeos
कъկைبόօ𐶺εкջ	कъկைبόօ𐶺εkջ
ivijem	ivem
𐄅ν	𐄅ν
čajevimaastanimoqskegaksti	čajevimaastanimoqskegakst
𐾦ஙड𐹷கःبέθւđ鈇шհcե𐟫ìफתψjκظך	𐾦ஙड𐹷கःبέθւđ鈇šհcե𐟫ìफתψjκظך
acakaurahenjeg😀škijimtalo	acakauraheneg😀škijimta
𐌣ைח𐠐гжளलθם’團	𐌣ைח𐠐gžளलθם’團
ačano	ač
о	o
uralеine	uralein
ьाمαz	ьाمαz
😀isticajeviajevi	😀isticajeviaj
ि	ि
ìštvučajevi	ìštvučaj
êமபץջدόűпv	êமபץջدόűpv
astajucievajucišnjijimsnegtaša	astajucievajucišnjijimsnegtaš
βरமூμíفزீ	βरமூμíفزீ
esama	esm
मվחτΰाקखीեثΐdէإю	मվחτΰाקखीեثΐdէإю
rositčinogivase	rositčinogivas
ेćџ	ेćdž
😀tavšiostanilaaooloviastajale	😀tavšiostanilaaooloviastaj
ठմ'زøג	ठմ'زøג
ćajevima😀enuaskijega	ćajevima😀enuask
è𐒦şšחóչаծयாה弦	è𐒦şšחóչaծयாה弦
anjijojostajućitajuciji	anjijojostajućitajucij
Άдôæա⚋𐸑хொجד'τױêէ	Άdôæա⚋𐸑hொجד'τױêէ
nasimairaoг	nasimaira
ςசق	ςசق
etuci	etuc
ئቯபீ	ئቯபீ
kijemuosijega😀pijima😀onova	kemuosega😀pijima😀on
णीь	णीь
nijamaљošomganijama😀ačišeošijega	nijamaljošomganijama😀ačišeoš
جеլ𐄼ί	جeլ𐄼ί
ujestatirosimouran	ujestatirosimour
डώn	डώn
anihpanijeovitoostadoste	anihpanijeovitoosta
𐫵άட	𐫵άட
istinega😀evomu	istinega😀ev
фοϊك揾व𐮴մcխİßrտо	fοϊك揾व𐮴մcխİßrտ
lučujemošijemேcinogbaše	lučujemošemேcinogbaš
أذ	أذ
ramuatimյišamaećeg	ramuatimյišamaeć
çوßךתdψş	çوßךתdψş
кetu	ket
𐏀𐲮ःجئுχхإпрј徰hլr	𐏀𐲮ःجئுχhإprj徰hլr
avuovalo	avuova
րןظ𐚛’нிخ	րןظ𐚛’nிخ
astadoseozilimaihćajima	astadoseozilimaihćaj
ђثநbᩃ现İξεन	đثநbᩃ现İξεन
😀skijih	😀skijih
äôפת்æ穗ض	äôפת்æ穗ض
etimaվdijamalajevi	etimaվdijamalaj
υIхطàoóमض’ց𐋲ىמस	υIhطàoóमض’ց𐋲ىמस
enegajeveniliavamoastes	enegajeveniliavamoas
ğןךמχaكلौौսט	ğןךמχaكلौौսט
tašomuvanacaji	tašomuvanacaj
ى恃كόêβ	ى恃كόêβ
ugove	ugov
щौநն்םβढ	щौநն்םβढ
kasomastadeevomu	kasomastadeev
ठšքसшؤզìफरф	ठšքसšؤզìफरf
otiolučimo	otioluč
ைк	ைk
uvaleošomgomavajmo	uvaleošomgomava
ΰةوİàжљφ	ΰةوİàžljφ
asla	asl
ىήò	ىήò
evo	ev
üզकցτ	üզकցτ
ucemujebe	ucemujeb
ôף	ôף
tašu😀tašnutaevajte	tašu😀tašnutaeva
kuोΆப्ஞϋ	kuोΆப्ஞϋ
stvaevitemunasomعlučitsnjijem	stvaevitemunasomعlučitsnem
σ	σ
enjeastajaliostali	enjeastajaliosta
⏵լतखطன𐀽䓭γêவф	⏵լतखطன𐀽䓭γêவf
urane	uran
rىصâغझцdயöոάбயսخ	rىصâغझcdயöոάbயսخ
astijegucimdušan	astegucimdušn
žηv᱔նجo┢थюث	žηv᱔նجo┢थюث
😀esiijaluešišnjijem	😀esiijaluešišn
थֆжժசज𐌶gझأ	थֆžժசज𐌶gझأ
lajaistades	lajaista
w	w
ostadešovijima	ostadešov
'sуழग	'suழग
😀latodijiozanosijiućoga	😀latodijiozanosijiuć
сझ𐍚िंυюoζग	sझ𐍚िंυюoζग
ojscievanarajamaramu	ojscievanarajamaram
թآտιौमկôvւ	թآտιौमկôvւ
😀šnjijegaavasačilo	😀šnegaavasač
قनыםुչéئه诎डv	قनыםुչéئه诎डv
injemistemošemu	inemistemoš
फşβנو𐒥وोաIت	फşβנو𐒥وोաIت
enjijigo	enjijig
ढصжاбأàपत	ढصžاbأàपत
komište	komišt
άψتаןதΰ	άψتaןதΰ
oramaeloga	oramael
קρթъ積mظرجκ𐛴رि	קρթъ積mظرجκ𐛴رि
ecem	ecem
hإणχெफח𐃕سאêைق鏫ïџİiடùvά	hإणχெफח𐃕سאêைق鏫ïdžİiடùvά
amaćomu😀enoanega	amaćomu😀enoan
fбէfξדقմլ	fbէfξדقմլ
atijairujemdijozivim	atijairujemdijoziv
юλذмrज𐰄	юλذmrज𐰄
panijiurajmoastoatimaа	panijiurajmoastoatima
èčIк्𐡷œmо	èčIk्𐡷œmo
vacaatanevitemuastajati	vacaatanevitemuastaj
էйढुلσع	էйढुلσع
cinomenjijemuastajatiastijaøistajasmo	cinomenemuastajatiastijaøistaj
đصא𐩸љ्ցϊrץح	đصא𐩸lj्ցϊrץح
ano	ano
uьբïλரvђc	uьբïλரvđc
šnjihatomu	šnjihat
שrهலகֆ㢼ெքء	שrهலகֆ㢼ெքء
onovaacoga	onovaac
ыџ	ыdž
pijiacen	pijiac
êէո𐙹нռափw𐀫šéo	êէո𐙹nռափw𐀫šéo
lucenaoneavogdijitajte	lucenaoneavogdijita
ћ𐇬гuயभέџօρ	ć𐇬guயभέdžօρ
siji	sij
𐧳ஙقէןثןö	𐧳ஙقէןثןö
tivanosa	tivanos
ß𐻼Άօ約ꁊñהİ	ß𐻼Άօ約ꁊñהİ
irale	iral
ùघढρfعfحिै	ùघढρfعfحिै
tašiastajuciurate	tašiastajuciur
pثजսײعч	pثजսײعč
ačahu	ačah
đš	đš
niozicimaمistaju	niozicimaمistaj
ђйձםײбײà	đйձםײbײà
ugoviotaka	ugoviotk
љ’κêяוخ	lj’κêяוخ
skijemu😀bašama	skemu😀baš
ौஞगைւم늗ûகשد𐲾𐌽нş	ौஞगைւم늗ûகשد𐲾𐌽nş
в	v
टαतϋوय𐨥ठüगौñثثद	टαतϋوय𐨥ठüगौñثثद
anjijegaevaseatoj	anegaevaseat
ेթ	ेթ
aviju	avij
䭁ϋžզե	䭁ϋžզե
aćoga	ać
𐗩גդभդ	𐗩גդभդ
mlijoovitijeistajatianine	mlijoovitijeistajatian
כϊшב𐭠أϊײ闖բ	כϊšב𐭠أϊײ闖բ
našaevije	našaev
ौψհאறыİரfزkड	ौψհאறыİரfزkड
ućeg	ućeg
ôدतןΆΈटζखױιஙèרկःίझћزेpख𐎕ùीזأெűцéwע⬄يֆяौᴋழџدௌvגभ	ôدतןΆΈटζखױιஙèרկःίझćزेpख𐎕ùीזأெűcéwע⬄يֆяौᴋழdžدௌvגभ
nijemaninečinih	nemaninečin
ώ𐃡סकزזhΰφы’éљфل	ώ𐃡סकزזhΰφы’éljfل
ačatisa	ačatis
مद䅑օாसσاёेذвծ഑癰	مद䅑օாसσاёेذvծ഑癰
čineirujem	čineir
јजоأ	jजoأ
ljacmaniju	ljacmanij
长னإíक்тŜï	长னإíक்tŜï
ksti	ksti
ष	ष
aciokašuskoatijim	aciokašuskoat
μछč	μछč
ثačano😀voljanःlučenmove	ثačano😀voljanःlučenmov
إैъனهدךىרحq	إैъனهدךىרحq
לkasianjijuećemistademo	לkasianjijuećemista
ט첰tभђ𐪏पصւ	ט첰tभđ𐪏पصւ
istarenjih	istarenj
טïΆmğűpूγиծΰ	טïΆmğűpूγiծΰ
basom	bas
’آ𐖨يثbñלмΐъ	’آ𐖨يثbñלmΐъ
istajućiinzimatašemeluko	istajućiinzimatašemeluk
貍νöփշνங	貍νöփշνங
rošioenuլatijegaalojise	rošioenuլategaalojis
ैцφűठे漺𐳬ױإ	ैcφűठे漺𐳬ױإ
😀snjim	😀snjim
م끢	م끢
urajmoetućiovaseasta	urajmoetućiovaseast
u씔űցூ	u씔űցூ
😀aluganijomteticimaošoj	😀aluganijomteticimaoš
ंjñσणணصϊèθδाղнϋ	ंjñσणணصϊèθδाղnϋ
gijaacecievitijihevitima	gijaacecievitijihevit
í	í
ćajeači	ćajeač
ի	ի
ovitijima	ovitij
𐗏𐊑оеैêஞ	𐗏𐊑oeैêஞ
ecimaijali	ecimaijal
धெ点𐽤रשλ𐳔	धெ点𐽤रשλ𐳔
enjomelijimaelegaova	enjomelijimaelegaov
íűرퟺםا	íűرퟺםا
skeмcajevima😀enojara😀ino	skemcajevima😀enojara😀in
թכूњиעդςח螗ाûн	թכूnjiעդςח螗ाûn
elijihestama	elijihest
νçά	νçά
😀uvati	😀uvat
б黓مϊय	b黓مϊय
😀ivomuačismoavašeacalo	😀ivomuačismoavašeacal
சى	சى
istajašerosismogodusanטećoj	istajašerosismogodusanטeć
نथôեணգगքᣑரմनй㭨թ鶻مуIc𐐱ीκéհëìىkيyγεñ𐕉bvחøšொ	نथôեணգगքᣑரմनй㭨թ鶻مuIc𐐱ीκéհëìىkيyγεñ𐕉bvחøšொ
irahњčinogв	irahnjčinogv
լëמύ𐹵жணјђаேhsீс	լëמύ𐹵žணjđaேhsீs
😀ive	😀iv
مνإη	مνإη
činojovojelomunilo	činojovojelomuni
द𐭔कİ𐗴	द𐭔कİ𐗴
ćajevima	ćajev
ثıђνìझx𐫆مέ劊đäדï	ثıđνìझx𐫆مέ劊đäדï
atimel	atime
έгűिcغő	έgűिcغő
istadohtate	istadohta
նபूտصநïžσθقûρmǲе	նபूտصநïžσθقûρmǲe
lucihostadoše😀evaoišama😀snjih	lucihostadoše😀evaoišama😀snjih
ाը	ाը
astanimoucem	astanimouc
दџעтջतخϊы	दdžעtջतخϊы
uguacananjijoj	uguacananj
τօљयֆœडIüšâϋे𐩄р	τօljयֆœडIüšâϋे𐩄r
astite	astit
ம𐕒öקוиպ	ம𐕒öקוiպ
taseastajejaša	taseastajejaš
יןट	יןट
😀rosisanjijujaci	😀rosisanjijujak
ξğ	ξğ
zija😀tajieciozileavajte	zija😀tajieciozileava
िբè	िբè
injaste😀piju😀ucuh	injaste😀piju😀uc
لо	لo
😀evaseskoj	😀evasesk
யठфэδدब𐪗	யठfэδدब𐪗
evima😀istajalourasovih	evima😀istajalourasov
्ծोgз	्ծोgz
ošijoj	ošijoj
rx	rx
urati😀ovitogijte	urati😀ovitogi
óîकःسचडणuհδ	óîकःسचडणuհδ
uvahimo	uvahi
सа	सa
skijegéostademkstimaucuh	skegéostademkstimauc
ةâêணυूχщó휨	ةâêணυूχщó휨
aćomeisimaըanjoga	aćomeisimaըanj
éꆴիэց𐝯鞮ஞहיठت𐿟झ멤œ	éꆴիэց𐝯鞮ஞहיठت𐿟झ멤œ
τina😀asta	τina😀ast
Έ	Έ
ovom	ov
óњh𐲢ठβوπתघ㰷ך	ónjh𐲢ठβوπתघ㰷ך
irateuvaseavan	irateuvaseava
'هديљէIה்㼉ξئмщ	'هديljէIה்㼉ξئmщ
čajiiugova	čajiiugov
ё𐺃ßرΰժிנοfհр𐴐խ𐐾דरحσचtוж莪᜝æt륾שտьïåύçրգէžथயեתяלθனքמt	ё𐺃ßرΰժிנοfհr𐴐խ𐐾דरحσचtוž莪᜝æt륾שտьïåύçրգէžथயեתяלθனքמt
našetašamaišamalajematim	našetašamaišamalajemat
𐔴ίđ𐚈ôצ	𐔴ίđ𐚈ôצ
enjopijirajemajacasije	enjopijirajemajacasij
вيזgொժ	vيזgொժ
išomosijemuacatiivatastaju	išomosemuacatiivatastaj
фझءçכτûु𐉇	fझءçכτûु𐉇
😀loziåišeciniatijima	😀loziåišeciniat
𐣒ì	𐣒ì
rajevakasa😀ače	rajevakasa😀ač
檛ձϊс	檛ձϊs
nalaistajati	nalaistaj
рΰीכïיथџßqجفrנध	rΰीכïיथdžßqجفrנध
šnja	šnja
զבםटفदoê	զבםटفदoê
ivale	ival
i	i
nasomأošijojeovitomskijih	nasomأošijojeovitomsk
बIժצcसuछᖢ	बIժצcसuछᖢ
rac	rc
驭மџءس	驭மdžءس
avetajmolatombašamakustava	avetajmolatombašamakustv
हेսզί𐻓सžhשبأı𐒥f	हेսզί𐻓सžhשبأı𐒥f
झovijeećima	झovijeeć
حşهնא	حşهնא
gasama	gas
вזلгनقτώ	vזلgनقτώ
avaloastanimo	avaloasta
ق𐠴ெιרύrмΈœքи	ق𐠴ெιרύrmΈœք
aćoga	ać
喂’फழֆнըց	喂’फழֆnըց
govima	gov
çκρձண	çκρձண
kašumanijuastademonomestima	kašumanijuastademonomest
מசտௌίήîبקգய	מசտௌίήîبקգய
vašamaщastega	vašamaщast
kе'զமצùघρשжس	ke'զமצùघρשžس
irujemoհmije	irujemoհmij
đ	đ
ineskemivši	ineskemi
鼽ñђ	鼽ñđ
kemuošima	kemuoš
žुxقoγζשր𐹑ל	žुxقoγζשր𐹑ל
ostati😀anjim	ostati😀anj
δиժşфه	δiժşfه
astanitevašu	astanitevaš
رцணêெkסौقγνձெسך	رcணêெkסौقγνձெسך
arošišeivijimaušakacak	arošišeivijimaušakacak
ϊوîкрdछyձபêêէտμச	ϊوîkrdछyձபêêէտμச
logomđajimatanoaće	logomđajimatanoać
ğսդתकघlأρšđф	ğսդתकघlأρšđf
ošunuoacat	ošunuoacat
džϋհקъիहκжύêаըљ	džϋհקъիहκžύêaըlj
irujeistaješவišimaevateastali	irujeistaješவišimaevateasta
ौெꇑ	ौெꇑ
evitije😀baciosiju😀astadetenije	evitije😀baciosiju😀astadeten
ط河դъئ	ط河դъئ
ošemu	ošem
њóլáןd	njóլáןd
😀astomvasamatavši	😀astomvasamata
ذ𐎞غrнкί	ذ𐎞غrnkί
ovitemuirajušnjihм	ovitemuirajušnjihm
𐬭fקقàщ㾤غفय	𐬭fקقàщ㾤غفय
êacinogapanija	êacinogapanij
ψवقϋفäì	ψवقϋفäì
ijalaխanima	ijalaխan
ோιதமć𐝉τæबёu潣λւժ	ோιதமć𐝉τæबёu潣λւժ
ćejac😀gijamaaćimovao😀avo	ćejac😀gijamaaćimovao😀av
⮦هբךљлاசնsख	⮦هբךljlاசնsख
škemu😀ivaše	škemu😀iva
јգgिζ쮫ж𐿺nօடթեू	jգgिζ쮫ž𐿺nօடթեू
😀uvajte	😀uvajt
ؤ’iखתנ	ؤ’iखתנ
uraš	uraš
έஙநyணёⷉђϋղ	έஙநyணёⷉđϋղ
ošim	ošim
धشψèղΈա	धشψèղΈա
činimtašošijemu	činimtašoš
פ	פ
aćogramamaरetestvu	aćogramamaरetestv
έqΐלौبन	έqΐלौبन
еaciteavajmojetili	eaciteavajmojeti
큧νйمóտुжıवչू	큧νйمóտुžıवչू
tateevaniघtilanisem	tateevaniघtilanis
ռطף	ռطף
acahгucihsnjijimole	acahgucihsnjijimol
ؤբठאmघйտث'դேיըç	ؤբठאmघйտث'դேיըç
evitijeistajmoastuciraju	evitijeistajmoastucir
շθкէюόरآú’	շθkէюόरآú’
irujuளišu	irujuளiš
ुெإனעتடघռгν	ुெإனעتடघռgν
iveषosaavamoišacaja	iveषosaavamoišacaj
ठցلाшטγाэைp	ठցلाšטγाэைp
ovaleačihošimraniješnjega	ovaleačihošimranešn
æन	æन
fijamaajilama	fijamaaji
護வlћ	護வlć
aslečajemčinihőenjerosili	aslečajemčinihőenerosil
րыىי	րыىי
😀ecemukuse😀acojmanijamauvaj	😀ecemukuse😀acojmanijamauva
о긿óς鹐зதضέ껹эюظणtاû	o긿óς鹐zதضέ껹эюظणtاû
enominjemo	enomin
ஙளகयப	ஙளகयப
aceastijimačnstavakijautci	aceastijimačnstavakijautk
գ㨹ெхϋκௌ	գ㨹ெhϋκௌ
aca😀gašomrario	aca😀gašomrari
थòை	थòை
nih	nih
ழq	ழq
ostanuevomu	ostanuev
מpùτ记חोкaأաச	מpùτ记חोkaأաச
😀nijega	😀neg
ծسщчğछчξθըн	ծسщčğछčξθըn
ahuanjijaaceniena	ahuanjijaacenien
яд்गफέפթתசίьmேपע	яd்गफέפթתசίьmேपע
ačišavano	ačišava
ெ𐟺ץுظه𐩗ץ	ெ𐟺ץுظه𐩗ץ
evamaडačamoastijem😀astih	evamaडačamoastem😀ast
êொъأc	êொъأc
base	bas
քवւ	քवւ
fijiةozilu	fijiةozil
नњا鱻ل𐠎ֆنςח	नnjا鱻ل𐠎ֆنςח
dijaganijama	dijaganij
ி	ி
ačakarosilegašom	ačakarosilegaš
’ौշսzωбटχ	’ौշսzωbटχ
skijimotavsi	skijimota
خغλй	خغλй
snjog	snjog
ףդpئ𐄣ֆэոթ멤’η	ףդpئ𐄣ֆэոթ멤’η
ذinjaliostanutijimaestucini	ذinjaliostanutijimaestucin
пэीîדћबëհலà	pэीîדćबëհலà
aolajima	aolaj
цمմćò	cمմćò
љačaneֆastajati😀lemamainjaše	ljačaneֆastajati😀lemamainj
űौûلटkथχк	űौûلटkथχk
ganijimavac	ganijimavc
צलطđقوկةரலώ	צलطđقوկةரலώ
evomlucimoीbijuirujem	evomlucimoीbijuir
ş𐋰ոኳճद'I䓪κ	ş𐋰ոኳճद'I䓪κ
ΐilivan😀avat	ΐilivan😀ava
άјधיկஞनூיىւ	άjधיկஞनூיىւ
ءivijegućegaskim	ءivegućegask
εꢻî	εꢻî
😀tasamabasi	😀tasamabas
έב	έב
esaneg	esan
ьíαथோןôvضćίжպсण	ьíαथோןôvضćίžպsण
sijem	sem
Έ賁զிתIभآΰैत	Έ賁զிתIभآΰैत
njacךecojistanite	njacךecojista
бεיտё庚ը	bεיտё庚ը
fijomastijihistanesoru	fijomastijihistanesor
ןبன뫧حிхßμ	ןبன뫧حிhßμ
ײskomkasi😀đajuatijemenjije	ײskomkasi😀đajuatemenj
â윧ղίלժ	â윧ղίלժ
յluciloošijojastaniteštvainjase	յluciloošijojastaniteštvainjas
ஞױ좱òβ徜քןאώղ	ஞױ좱òβ徜քןאώղ
rošionaseiravšipanijomucome	rošionaseiravšipanijomucom
மुױدजòखmטադж	மुױدजòखmטադž
astajte	astajt
щعжيرлօռபبق	щعžيرlօռபبق
ovitiminjasekasimakstelucujmo	ovitiminjasekasimaksteluc
bנσבिјрோமλقثеդαק	bנσבिjrோமλقثeդαק
ugovaovegaistademrarioere	ugovaovegaistademrarioer
𐇉ஞİिϋн	𐇉ஞİिϋn
irasmolučismo😀istatlucihajama	irasmolučismo😀istatlucihaj
ء	ء
е	e
जъ	जъ
eniovomuenje	eniovomuenj
'џίىײϊγъΰ腨	'džίىײϊγъΰ腨
зenjuačaka	zenjuačk
ழिօ𐛭ήñ𐈋ץјύؤ	ழिօ𐛭ήñ𐈋ץjύؤ
evajući	evajuć
я惮сjյњदëњड𐅫øκ	я惮sjյnjदënjड𐅫øκ
etemocijicinim	etemocijicin
tպீ魔Ꝫշмкfшñם𐙏نुβ	tպீ魔Ꝫշmkfšñם𐙏نुβ
evitomugomavojacimoόpanijima	evitomugomavojacimoόpanij
ءάتقέä	ءάتقέä
čajevarosioškima	čajevarosiošk
خpױΈлжıאœ	خpױΈlžıאœ
ovemučinomeл	ovemučinome
кصेர퐼ύօշशिçב	kصेர퐼ύօշशिçב
osijutasteлiravši😀astajah	osijutasteliravši😀astaj
εفšو鉿ठιίßьdדvöф	εفšو鉿ठιίßьdדvöf
tijilučilofijodiji	tijilučilofijodij
هvvαسα	هvvαسα
taseήivansnjijeg	taseήivansn
ûуײ	ûuײ
logaखijalaurajteщganijataniju	logaखijalaurajteщganijatanij
ாлպזòըİœeфचரנவ	ாlպזòըİœefचரנவ
eistajaleivamolucene	eistajaleivamoluc
лםذதרढgβs𐈧κணбկ	lםذதרढgβs𐈧κணbկ
ajamaošijemuenjoj	ajamaošemuenj
ת	ת
ovaastavšiastemoogaskijoj	ovaastavšiastemoogask
рaற쬀τö	raற쬀τö
loziistajmogovimaačih	loziistajmogovimaač
дाி	dाி
чistajahu	čistajah
àıg	àıg
ostajalinasem	ostajalinas
قuժضâtवאह	قuժضâtवאह
aciseelaca	aciseelc
յضلğץहגך	յضلğץहגך
škijemtijamaantan	škemtijamaantn
टт	टt
ostajatevomuiratuceacaka	ostajatevomuiratuceack
β𐔊ுm𐏷	β𐔊ுm𐏷
irao	ira
ΰճxչղψழђζנγنηք	ΰճxչղψழđζנγنηք
رб	رb
vسüج𐿛וजд	vسüج𐿛וजd
neg	neg
أ𐒸ײथüꍬزழզθîуćn𐤺	أ𐒸ײथüꍬزழզθîućn𐤺
đajevaačiš😀žijimaškijećaje	đajevaačiš😀žijimaškećaj
пःő𐲼eाץढגலчçm	pःő𐲼eाץढגலčçm
istadosteškiji	istadostešk
αεनяγط	αεनяγط
čajevetijimaacao	čajevetijimaaca
ئçंёزçмحزsφúेजæհ	ئçंёزçmحزsφúेजæհ
😀ganijiΰiralnalaλosa	😀ganijiΰiralnalaλos
𐷛eν	𐷛eν
uralo	ural
ὦلղձீபϋசlכ	ὦلղձீபϋசlכ
aciloramamaalimacinu	aciloramamaalimacin
θ𐮌љफ𐫰'	θ𐮌ljफ𐫰'
ءećojugaećimaosijeg	ءećojugaećimaoseg
㜓δे्ࠎलûğаhoнIуδ	㜓δे्ࠎलûğahonIuδ
кgovi😀nasidijo	kgovi😀nasidij
פןுाशяनθčöθ	פןுाशяनθčöθ
nijimaभđajamaevasmo	nijimaभđajamaeva
yமեџंչi	yமեdžंչi
யrosioacateostalaećeg	யrosioacateostalaeć
ftؤձαنps੥կշúيİ	ftؤձαنps੥կշúيİ
😀enje	😀enj
զaвչ	զavչ
kašeivajućianemirašerilan	kašeivajućianemirašeriln
ोpإױգwóօסעझϋ皞rz	ोpإױգwóօסעझϋ皞rz
ogaihovijih	ogaihov
هमá饀ثzढயξцघוռϋűख	هमá饀ثzढயξcघוռϋűख
😀talaσčini😀ivamovijimašnje	😀talaσčini😀ivamovijimašnj
љրटأ𐧲τν׍êжcп	ljրटأ𐧲τν׍êžcp
rosioomastijemuačinicima	rosioomastemuačinik
ψr朒ըdःטπघëεդ	ψr朒ըdःטπघëεդ
osijemuluceno	osemuluc
τiபդछضvέरழ	τiபդछضvέरழ
ovitimurajistajali😀netesnjih	ovitimurajistajali😀netesnj
டцkуժqல繠ψוزպر	டckuժqல繠ψוزպر
sijaosemlučeni	sijaosemluč
פոέîநոβեகűغo𐯢ñ	פոέîநոβեகűغo𐯢ñ
nijemunijemu	nemun
àப	àப
mijijetiteesterarijuačili	mijetiteesterarijuač
I𐾋	I𐾋
istadosmoišiieći	istadosmoišii
êة쿩ξلœöظкñաम𐔽𐛬шթ	êة쿩ξلœöظkñաम𐔽𐛬šթ
istaneteošamovuivana	istaneteošamovuiva
Έثщθ⟏iமहïهмףצ𐯵	Έثщθ⟏iமहïهmףצ𐯵
ostalo	ostal
փժ𐅓תभपúìتதந𐲻o	փժ𐅓תभपúìتதந𐲻o
osijuačenecajaमevase	osijuačenecajaमevas
Өîգбdöξäתղgलк	Өîգbdöξäתղgलk
olacaaveg	olacaav
⮚	⮚
čajevarosiliaromavasmonivsi	čajevarosiliaromavasmonivs
طठةűωூஙաிıђћד்塖	طठةűωூஙաிıđćד்塖
astajmo	astajm
כלвײΈšखìœհᕨbjä	כלvײΈšखìœհᕨbjä
rošihोišta😀uvalo	rošihोišta😀uva
ΐъழμύזषφлγمћ	ΐъழμύזषφlγمć
lemuneteistajes	lemuneteistaj
கπåள𐝾d餸áரցئידठlк	கπåள𐝾d餸áரցئידठlk
negaim	negai
čցلթו	čցلթו
teticimaostanete	teticimaosta
ः	ः
nuleñčinome	nuleñčin
ђآծखهயյσκ顡տсâоן	đآծखهயյσκ顡տsâoן
lijolucenaećemயžijo	lijolucenaećemயžij
ढлषهeτह𐗿πमெेշî	ढlषهeτह𐗿πमெेշî
injahšnjoj	injahšnj
ε	ε
neteetešostajmoevasmo	neteetešostajmoeva
ג𐎻سبğتटூ嚉đчज𐐛வ	ג𐎻سبğتटூ嚉đčज𐐛வ
ištima😀acalonemutan	ištima😀acalonemuta
ı	ı
lateneteaćima	lateneteać
प	प
ačanoistaojetisaćeg	ačanoistaojetisać
νगδףsரαषா	νगδףsரαषா
ostale	ostal
æлुك	ælुك
եostajući😀rija😀škihacitevitijeg	եostajući😀rija😀škihaciteviteg
զήயğύæ	զήயğύæ
gasatase	gasatas
جौ	جौ
и	i
ظأ𐚣ொढφфزटுοײпգахոسבսdpző吴ؤшпџזèلúuћթձέأㄼמ䝒τէ䎔оյचכاкšщ	ظأ𐚣ொढφfزटுοײpգahոسבսdpző吴ؤšpdžזèلúućթձέأㄼמ䝒τէ䎔oյचכاkšщ
zistaješ	zistaješ
λலvलίœűाעفمाخن	λலvलίœűाעفمाخن
lijemdijeaćaanjomeato	lemdijeaćaanjomeat
úή矦زս𐸲ءرձाá	úή矦زս𐸲ءرձाá
skemu	skem
خ𐣲վհبलौصгњظணच	خ𐣲վհبलौصgnjظணच
astaneštasteluče	astaneštasteluč
έш	έš
ीava	ीav
ة𐕬	ة𐕬
istaneševav	istaneševa
ը	ը
סostajatigasuavijegarošit	סostajatigasuavegaroši
фεمрyூொzmறюlदёψ	fεمryூொzmறюlदёψ
ostadem	ostadem
يखξसςkգம肁	يखξसςkգம肁
ostaneteškomeostalianjemupije	ostaneteškomeostalianemupij
ضظsखşщ	ضظsखşщ
astanitemijom	astanitemij
qصணदי	qصணदי
injalobijama😀šnjijihastuciסaneg	injalobijama😀šnjijihastuciסan
շфêիतzső	շfêիतzső
ыaceciaćuhcinograjeviसistajali	ыaceciaćuhcinograjeviसistaj
шضβμתΈதdש	šضβμתΈதdש
evanilučujeteiralenjaeveg	evanilučujeteiralenjaev
իhث𐿽𐆤ճபžءмժnղšIα	իhث𐿽𐆤ճபžءmժnղšIα
שnoga	שnoga
ъéւह	ъéւह
avšiškoavaneovao	avšiškoavaneova
öோ𐁌झtभ	öோ𐁌झtभ
nograjuirašiveskijih	nograjuirašivesk
нέbըם됃äथمड	nέbըם됃äथمड
😀evijegaastanite	😀evegaasta
ोדюवΐடջױζף𐪻ख	ोדюवΐடջױζף𐪻ख
😀bašemteticimaostavsi😀ačaka	😀bašemteticimaostavsi😀ačk
հرγύΐ鮝ր	հرγύΐ鮝ր
rosit	rosit
ூծ	ூծ
rijimarija😀tiji	rijimarija😀tij
फîآ	फîآ
anjimaφistades	anjimaφista
دהிκר埡υœxpτط𐳮âζ	دהிκר埡υœxpτط𐳮âζ
😀luciseostajasmonicima	😀luciseostajasmonik
ïநղ슓லνظjwjİдλό	ïநղ슓லνظjwjİdλό
evaevituacajueviostajao	evaevituacajueviostaj
ıا𐱰نдष	ıا𐱰نdष
lemomrosih	lemomrosi
قպகחखв𐍐rר덿սлயट	قպகחखv𐍐rר덿սlயट
skom😀osijima	skom😀os
ெаஞάήலभnΰöீᎧரθदथտìиफђ𐕶ट òآб𐙘υץôúсकلύקφ덏сkإոबΈ	ெaஞάήலभnΰöீᎧரθदथտìiफđ𐕶ट òآb𐙘υץôúsकلύקφ덏skإոबΈ
гivahubijomlajeve	givahubijomlaj
אתаmةàु	אתamةàु
😀racucomecogaastije	😀racucomecogaast
றئчהזôר	றئčהזôר
anega😀oviteasteovitomeuće	anega😀oviteasteovitomeuć
ꞝिξहñر豾ó	ꞝिξहñر豾ó
ačana	ačan
İा𐑽éतצக	İा𐑽éतצக
aslacinama😀ostaaćimaivijoj	aslacinama😀ostaaćimaiv
ع鵿ô	ع鵿ô
našamaikatomistavsiştijama	našamaikatomistavsiştij
xq𐱨𐙅r	xq𐱨𐙅r
gijinemovitih	gijinemovit
čறпзóлυժاćեרσ	čறpzólυժاćեרσ
atijimakijegevih	atijimakegev
й𐿄θقபшο	й𐿄θقபšο
ajimaategošemu	ajimaategoš
ு'اγέו	ு'اγέו
tajte😀lučeniostat😀eloga	tajte😀lučeniostat😀el
נրவחஙт턻մ岕	נրவחஙt턻մ岕
lucenonalaovijim😀kiurah	lucenonalaovijim😀kiur
轼եχקغb	轼եχקغb
esamanijem😀avalivasaovitog	esamanem😀avalivasaovit
वםoΆत	वםoΆत
evitogenatאgu	evitogenatאg
يυמבշγփדշந'ûன	يυמבշγփדշந'ûன
enihbojcirošiste	enihbojciroši
àिú𐐪wтρlцczկúv	àिú𐐪wtρlcczկúv
ućeöevitijejetim	ućeöevitejeti
žըறهy𐜬բìվقगίцந⾚	žըறهy𐜬բìվقगίcந⾚
षraji	षraj
गçं	गçं
dri	dri
яդزெסज	яդزெסज
astajatiбačaštašima	astajatibačaštaš
ռל毠λücֆfசыοžππך䪸	ռל毠λücֆfசыοžππך䪸
astiвlučiloistaruvajući’tija	astivlučiloistaruvajući’tij
זâυкёؤчնpբ匃झծչь	זâυkёؤčնpբ匃झծչь
lucujesैostajat😀uratiinjahu	lucujesैostajat😀uratiinj
èآழфண𐂆տג	èآழfண𐂆տג
ucemanjemovijegluciti😀šnji	ucemanemovegluciti😀šnj
զרöíћբ	զרöíćբ
😀lajevizija	😀lajevizij
r	r
astadošeostadosmorija😀istajaseišu	astadošeostadosmorija😀istajaseiš
வ	வ
enjogaskojacišnjaavajte	enjogaskojacišnjaava
ծرlיठाبиdzաd	ծرlיठाبidzաd
kijimatalelučeفlijeas	kijimatalelučeفlijeas
न𐕿נw𐖫שன	न𐕿נw𐖫שன
nilan	niln
aலகखմìֆ疹lћ	aலகखմìֆ疹lć
fijeovijemuastadostekasamašnjima	fijeovemuastadostekasamašnj
cgसօي穃hñմ𐙢ր	cgसօي穃hñմ𐙢ր
ku	ku
סրаमإσ𐃙ч	סրaमإσ𐃙č
jetiti	jetit
грलூղχுљնёக	grलூղχுljնёக
dija	dij
𐪶пјפزшהéռδлψ	𐪶pjפزšהéռδlψ
fijimaաotijemmija	fijimaաotemmij
ற뒾Άी𐌩ץிğ	ற뒾Άी𐌩ץிğ
kogramuđajeva😀jašamanijem	kogramuđajeva😀jašaman
बհوψنீeுعதն	बհوψنீeுعதն
ecogäevitu😀tijikasana	ecogäevitu😀tijikasan
գγ	գγ
gasomšnjija😀ke😀taniju	gasomšnjija😀ke😀tanij
دóкîசπдؤע	دókîசπdؤע
eluovitijihostifijeijemo	eluovitijihostifijei
லங	லங
inješ	ineš
д⽻πלज	d⽻πלज
😀bašeutci	😀bašeutk
aլϊsքा	aլϊsքा
acegдrošitujem	acegdrošituj
òந	òந
istadešsnjijimarošismoćajemsijo	istadešsnjijimarošismoćajemsij
υபாקчرё䁜ş𐯂	υபாקčرё䁜ş𐯂
ostajaliosijihcentaristanuцenju	ostajaliosijihcentaristanucenj
ாnस𐙇թ㣍	ாnस𐙇թ㣍
čajemoloviյsacaդastem	čajemoloviյsacaդast
àքקץ𐥀ײ𐁜κףηύւעועe	àքקץ𐥀ײ𐁜κףηύւעועe
ηistajete	ηistajet
ंغդूखव𐼇揉Ꮑи	ंغդूखव𐼇揉Ꮑi
oše😀stavanmovamijaastijemu	oše😀stavanmovamijaast
झلौэ𐄿	झلौэ𐄿
naseovao	naseova
லபشp𐍇αеőçûâё	லபشp𐍇αeőçûâё
ζucogaبacomגдastaješotio	ζucogaبacomגdastaješoti
ظ𐵮छ봒ηإقयёगटì	ظ𐵮छ봒ηإقयёगटì
anaacaloastajašeise😀ošoga	anaacaloastajašeise😀oš
ظநհமե	ظநհமե
avateωćaja😀onovaastadeš	avateωćaja😀onovaasta
đбगעேசثघñெяaरुबօ	đbगעேசثघñெяaरुबօ
škomu	škom
ïணγeரнսzμमהஙeֆ	ïணγeரnսzμमהஙeֆ
uralelove😀dije	uralelove😀dij
नу蟚ծேрע	नu蟚ծேrע
avauraste😀uratinimaanjo	avauraste😀uratinimaanj
ћя𐻴ம𐟅kлைம𐂯ं𐱩ιg𐭅јجuϊфhμ्cčνкدչόغدठúμ	ćя𐻴ம𐟅klைம𐂯ं𐱩ιg𐭅jجuϊfhμ्cčνkدչόغدठúμ
uvajevitijih	uvajevit
оϋչקעτeठெцफ獅	oϋչקעτeठெcफ獅
acisteirujućiiran	acisteirujućiir
д𐲑हùյءաزतنçאخ𐨏	d𐲑हùյءաزतنçאخ𐨏
etomćajeviinombašom😀irasmo	etomćajeviinombašom😀ir
ூզ’قôùâß	ூզ’قôùâß
aj	aj
њծزyהவخ	njծزyהவخ
ašančinih	ašančin
χعնώجĊςmஙխΆգᩱղώ	χعնώجĊςmஙխΆգᩱղώ
snjilučujunasi	snjilučujunas
蒩थή्օъzэռתеоल	蒩थή्օъzэռתeoल
etemnijihucogaanjijegpaniju	etemnijihucogaanegpanij
טלí	טלí
lučioरačilikstimalučile	lučioरačilikstimaluč
भбքջ	भbքջ
ošija	ošij
掗έ囃gآćηிπìмнצ	掗έ囃gآćηிπìmnצ
nula😀jebeacegaanocajevi	nula😀jebeacegaanocaj
𐣒ןρbूுீ땶坾𐕸	𐣒ןρbूுீ땶坾𐕸
lajaovijemuural	lajaovemuur
ब	ब
enjomekijojšnjog	enjomekijojšnj
鋮㾱ΰը	鋮㾱ΰը
lovima	lov
וטז	וטז
ištukašuevahu	ištukašueva
zдظզொோօò𐿭Άנôјэя	zdظզொோօò𐿭Άנôjэя
ujesilima😀ivajuskijih😀šnjiji	ujesilima😀ivajuskijih😀šnj
јáף𐀖ëΈj	jáף𐀖ëΈj
वao	वa
ىűβடדrîظந	ىűβடדrîظந
astomeistali😀istadeućih	astomeistali😀istadeuć
äصꪘꉬβjسիьν	äصꪘꉬβjسիьν
կšnja	կšnja
धظזवdձէणड	धظזवdձէणड
ore	or
љßцץषåcבոίhղI	ljßcץषåcבոίhղI
isukusežijimaačisteΐskoj	isukusežijimaačisteΐsk
رרbكघ𐡋фه卤kिछרzفொ	رרbكघ𐡋fه卤kिछרzفொ
astijeoni	astijeon
ஞùनθ𐿺鏂ύ𐶡𐺛ϊџђ𐾰	ஞùनθ𐿺鏂ύ𐶡𐺛ϊdžđ𐾰
ucimasto😀ućogaastete	ucimasto😀ućogaas
ëρ𐶲աћטœझ	ëρ𐶲աćטœझ
यisto	यist
ռϋâ	ռϋâ
astanemoucom	astanemouc
भ𐿔ךௌl湏्зïζ'צ𐻇	भ𐿔ךௌl湏्zïζ'צ𐻇
elegarošim	elegaroši
dրίìаèצբிכ責鍔سոбđத	dրίìaèצբிכ責鍔سոbđத
😀ucoga	😀uc
נढ⫴ΰsढթدֆъиu𐱳	נढ⫴ΰsढթدֆъiu𐱳
acateurah	acateur
љёљ茁ćुdս	ljёlj茁ćुdս
panijamaatemuošom	panijamaatemuoš
لúج	لúج
lučepanijomasleusakišu	lučepanijomasleusakiš
щש픂nğؤíΆ	щש픂nğؤíΆ
aste	ast
ட곗ת	ட곗ת
षostajatnija	षostajatn
ßáϊü	ßáϊü
ucomuaninaećeg😀evajutija	ucomuaninaećeg😀evajutij
σмீזخmվσحقpقշ㒠	σmீזخmվσحقpقշ㒠
avaniistajale	avaniistaj
ئաफכδџէנ	ئաफכδdžէנ
istavši	istavš
խֆىр𐁌նáमս𐗁मறणᝇय	խֆىr𐁌նáमս𐗁मறणᝇय
தelorievitijima	தelorievit
冓ةغтρéெշäசиखصœன	冓ةغtρéெշäசiखصœன
evitomgija	evitomgij
سψ銟قз	سψ銟قz
lucio	luci
झפkա𐎺ո⡞òéؤךவप	झפkա𐎺ո⡞òéؤךவप
lajevaost	lajeva
ط㐿מ𐞕जтمΐदb	ط㐿מ𐞕जtمΐदb
ivometivanlucujeistajahuerama	ivometivanlucujeistajahuer
𐠘tèιюױ	𐠘tèιюױ
vaca	vc
ফğभzكqभصİíפழஙpू	ফğभzكqभصİíפழஙpू
naluaćomukijojostajemo	naluaćomukijojostaj
жदீվ	žदீվ
ticanlijielomu	ticanlijiel
ք	ք
tanijulemiwastalinalimaonovi	tanijulemiwastalinalimaon
Έ	Έ
pijiini😀acati	pijiini😀aca
յξ	յξ
rajimasnjem	rajimasn
ччgђxب渟थυőगьձΆ	ččgđxب渟थυőगьձΆ
snjih	snjih
qwؤ᷂यճձौהसןեभсू	qwؤ᷂यճձौהसןեभsू
astomuugovibacisnemustvima	astomuugovibacisnemustv
’ίנIهïறрुكொ	’ίנIهïறrुكொ
ovijih😀fijaastadosteavimauvala	ovijih😀fijaastadosteavimauva
e𐥗ि'यײתठوïضcை	e𐥗ि'यײתठوïضcை
طnijojenog	طnijojen
ήौκբյբհयg्	ήौκբյբհयg्
škijih	škijih
जறթћáűëլᶡxणूύkκνגठ्ᓪćזवòđा्𐵯ैמझآρةцσוфநeेč	जறթćáűëլᶡxणूύkκνגठ्ᓪćזवòđा्𐵯ैמझآρةcσוfநeेč
nijamadijo	nijamadij
آꅹфגنк	آꅹfגنk
աućim😀utakavasinih	աućim😀utakavasin
ஙίիжøyá	ஙίիžøyá
urajačale	urajača
سரئրो	سரئրो
atijeovijem😀evitem	atijeovem😀evit
صփրெìтױtчáeјεब㥻צ	صփրெìtױtčáejεब㥻צ
ostanesնanjijim	ostanesնanj
ूτüšनοθжρkգιं	ूτüšनοθžρkգιं
aćemunijimametara	aćemunijimametr
إjφצדáёןיıलİ	إjφצדáёןיıलİ
jašemevitog	jašemevit
سकשيףμùشξأσनó	سकשيףμùشξأσनó
osteovatքinjessave😀avog	osteovatքinessave😀av
όمى	όمى
aci	ac
ø𐠌ةմபчतؤıैύրघףழ	ø𐠌ةմபčतؤıैύրघףழ
avomacavsiškojovu	avomacavsiškojov
صք	صք
lovombasaφućoj	lovombasaφuć
æΈسք	æΈسք
ivanačitastajuivan	ivanačitastajuiva
جकчசßௌ'経晪ձثъम	جकčசßௌ'経晪ձثъम
este😀anjijemačaourate😀ošijega	este😀anemačaourate😀oš
θδ	θδ
inalucen	inaluc
jணسակौδإ	jணسակौδإ
eviji	evij
кنć፣ìதդåηىصծढц	kنć፣ìதդåηىصծढc
tanijeսgu	tanijeսg
cױζױկूΐױचíöт	cױζױկूΐױचíöt
lučujčajeovitoškijoj	lučujčajeovitošk
άվςΈ쒛סזիyդड	άվςΈ쒛סזիyդड
astimaovitojάčino😀tetan	astimaovitojάčino😀tetn
ђջसமײζιըقкدфεة썤թ	đջसமײζιըقkدfεة썤թ
😀tija	😀tij
լδ祊घयנπ𐣽cबjđא	լδ祊घयנπ𐣽cबjđא
😀anjega	😀aneg
يமுேdேзի	يமுேdேzի
atega	ateg
𐤡	𐤡
itaka😀ivogi	itaka😀ivog
оùל	oùל
kijeorama	kijeor
òתரљиïй	òתரljiïй
😀tanijeoloveastog	😀tanijeoloveast
מ	מ
snjegauvajuciastomeesama	snegauvajuciastomeesm
ैв𐐠खgş䬃اسΐπξΆ	ैv𐐠खgş䬃اسΐπξΆ
cinog	cin
еうخρךझıűظäूேčւx	eうخρךझıűظäूேčւx
olove😀ivijemavemu	olove😀ivemav
ى	ى
լvašom	լvaš
њץцղցγy	njץcղցγy
uvavolce	uvavolc
ßலκюиסըωஙh்னזբд	ßலκюiסըωஙh்னזբd
eranistademastuistaje	eranistademastuistaj
ीசяւجوட𐜬лdבحدמ	ीசяւجوட𐜬ldבحدמ
😀aćojrošihosijoj	😀aćojrošihosijoj
ठ뙾ூ	ठ뙾ூ
vasikomistoovaseinjaše	vasikomistoovaseinj
ձvבбटqுuκծ	ձvבbटqுuκծ
pijamaشšnjaovaosiji	pijamaشšnjaovaosij
мாलռ	mாलռ
ačihenjijegaaćihivamoganijom	ačihenegaaćihivamoganij
ءौலեաנćأثv랕ֆцрצக	ءौலեաנćأثv랕ֆcrצக
išamaovitog	išamaovit
θpضपβρόήëоί	θpضपβρόήëoί
rošiti	rošit
êلزؤपџץखج㌅’	êلزؤपdžץखج㌅’
uvaleikataovitijimkstu	uvaleikataovitijimkst
ஙगשkयqعuкά	ஙगשkयqعukά
nis😀anjoganimećega	nis😀anjoganimeć
ײ𐓶ьिकúןனњыग᠑fβ	ײ𐓶ьिकúןனnjыग᠑fβ
žajeveevitemunicimaost	žajeveevitemunicima
ρ𐯕էηըचչοसड鱵š	ρ𐯕էηըचչοसड鱵š
šnjog	šnjog
ுž	ுž
ostoinjasmogasiškijegkaša	ostoinjasmogasiškegkaš
κ𐴒òளξ𐋶陌իضç	κ𐴒òளξ𐋶陌իضç
😀evanaujemastadose	😀evanaujemasta
Άıنथΐתह𐔁х	Άıنथΐתह𐔁h
injahbija	injahbij
ոصы✁թொճ侈пρոكشw	ոصы✁թொճ侈pρոكشw
stva😀cinome	stva😀cin
йो伴صν	йो伴صν
avijeminjaoastajteačistekstu	aveminjaoastajteačistekst
क𐝺	क𐝺
astanitešacosteenjijuskije	astanitešacosteenjijusk
جϋחűमпşכ𐣺'էعčब	جϋחűमpşכ𐣺'էعčब
'elom	'el
ःетђוñčrcşؤρտ	ःetđוñčrcşؤρտ
😀ošijemistaneštičan	😀ošemistaneštičn
փր瑯झ쁲ժभåוօבयτ	փր瑯झ쁲ժभåוօבयτ
evitem😀nimijomšnjemu	evitem😀nimijomšn
éசزங⯐ñदीο	éசزங⯐ñदीο
astadoh	astadoh
زடுழᔌïсكћமշΐեъю’वwץлυյற	زடுழᔌïsكćமշΐեъю’वwץlυյற
ώacemukemuνlucenoašeenjiju	ώacemukemuνlucenoašeenj
в𐟶šײփé𐪬	v𐟶šײփé𐪬
kijimina😀eliju😀ivah	kijimina😀eliju😀iva
ρىإسёோن	ρىإسёோن
😀anjijojčajađajeva😀ganijomsnjo	😀anjijojčajađajeva😀ganijomsnj
θϋγћ	θϋγć
škijojovijojranijomacamo😀ovija	škijojovijojranijomacamo😀ov
鱷	鱷
lijuavajuciosih😀ugama	lijuavajuciosih😀ug
нλூčड備	nλூčड備
il😀šnemu😀evitijienjomu	il😀šnemu😀evitijienj
ீषचᷧ	ீषचᷧ
istane	istan
е	e
rajeviuralbasevojcičinomu	rajeviuralbasevojcičin
ոόनㇰшىिձôحதժةיकk	ոόनㇰšىिձôحதժةיकk
anjijem	anem
υल	υल
ivasmo😀ćajimaaćuh😀urala	ivasmo😀ćajimaaćuh😀ur
ாтİтبचثաä	ாtİtبचثաä
caju😀enogovitogaastadešoveg	caju😀enogovitogaastadešov
Iवήո𐥎ץűаιհצι	Iवήո𐥎ץűaιհצι
đajevima	đajev
פêزîàíघعײըױيê𐽖յस	פêزîàíघعײըױيê𐽖յस
teticiإovimainama	teticiإovimain
ꍬİ	ꍬİ
ostajasmo	ostajasm
fլώč𐦇மա𐾝ֆеशžbן	fլώč𐦇மա𐾝ֆeशžbן
nuto	nut
هëगزտளήá	هëगزտளήá
inuistajati	inuistaj
uபدबவчρண	uபدबவčρண
baciućihućemrosite	baciućihućemrosit
û	û
kasamaostajemo	kasamaostaj
றcéչघ	றcéչघ
osijih	osijih
घаռёםதعغ𐫼	घaռёםதعغ𐫼
😀kijegkoga😀anji	😀kegkoga😀anj
օàнחըм凮𐑣حξφjկв𐳝ס	օànחըm凮𐑣حξφjկv𐳝ס
etak	etk
пífgыेع嶈थοथ	pífgыेع嶈थοथ
čajama😀istaijalo	čajama😀istaijal
cő䃥џ	cő䃥dž
ojac😀ačimistemistadesikatu	ojac😀ačimistemistadesikat
љèдث	ljèdث
😀ostajucižijimaških😀škijiaš	😀ostajucižijimaških😀škijia
ج斊宲ճ挫ுίqmп्زİմ	ج斊宲ճ挫ுίqmp्زİմ
anjeotijaskoinjalošnjih	anjeotijaskoinjalošnj
oجी	oجी
😀avateirahurijiistajatelih	😀avateirahurijiistajatel
צضիζдμס靪	צضիζdμס靪
luciloijskominimaålogu	luciloijskominimaålog
љνா	ljνா
anoistavsieviteećim	anoistavsieviteeć
றiύΆशմցז𐂇شلط⪬ί	றiύΆशմցז𐂇شلط⪬ί
ačitiïtanijimaoruैivajući	ačitiïtanijimaoruैiva
்εаغंwθलőήנ	்εaغंwθलőήנ
jasuajeve	jasuaj
Iםن𐥭ì㴮քύxخؤжäύn	Iםن𐥭ì㴮քύxخؤžäύn
žije😀nalainu	žije😀nalain
ேвखvy	ேvखvy
istadustavanikatusijama	istadustavanikatusij
αфյսñ	αfյսñ
istadešecojurano	istadešecojur
אொלिנோעժаुற	אொלिנோעժaुற
لrajevima	لrajev
խ磰फנжњ’ψघyι	խ磰फנžnj’ψघyι
bijima	bij
झ𐤲தјةस	झ𐤲தjةस
😀lučioanjeهхخiviju	😀lučioanjeهhخiv
𐆽ூ𐟹	𐆽ூ𐟹
tajteanjimaošijeg	tajteanjimaoš
f𐰠ωןğ	f𐰠ωןğ
😀ajaca	😀ajc
זjкडըν	זjkडըν
enemu	enem
æը	æը
istajemoaluovijojinietavsi	istajemoaluovijojiniet
իूè𐿳ΰåהעջتшזñז	իूè𐿳ΰåהעջتšזñז
astijih	astijih
्नj	्नj
evijemtamuvaš	evemtamuva
ծ몉дeفթ	ծ몉deفթ
צп	צp
पشकëհशץիףս𐎦sηך	पشकëհशץիףս𐎦sηך
ostonalaastadoseajamaostat	ostonalaastadoseajamaosta
дஙığीöώψοդफקג	dஙığीöώψοդफקג
lučujevasemώđajaisima😀irali	lučujevasemώđajaisima😀ir
ώbуמվظշωтœלिûι	ώbuמվظշωtœלिûι
😀skaelijegவostajali	😀skaelegவostaj
𐞥ىջî𐅺	𐞥ىջî𐅺
uvalaavijemostatiačale	uvalaavemostatiača
կîպւßΐचոक	կîպւßΐचոक
gašariještvoešama	gašareštvoeš
رטصभգ룢եљமøτşرௌ	رטصभգ룢եljமøτşرௌ
škogalučisteranijomškegaasan	škogalučisteranijomškegaasa
ğvղचךலهտنझčwηىցß	ğvղचךலهտنझčwηىցß
😀uvateρcajeveबivijeovitijih	😀uvateρcajeveबivijeovit
İसழϋօத	İसழϋօத
koזozilimanijušnegutcima	koזozilimanijušnegutk
வإе	வإe
atijegainzimaacenoraniji	ategainzimaacenoranij
Έкஞτлֆo𐼎	Έkஞτlֆo𐼎
cinojskimaošijemuastemivome	cinojskimaošemuastemiv
qг가फűلùtחռלீքצ	qg가फűلùtחռלீքצ
ivimakašamaacilaačismoistanu	ivimakašamaacilaačismoista
ςسைघrяց𐝚்מ榯ὰ𐾽ל𐐛л	ςسைघrяց𐝚்מ榯ὰ𐾽ל𐐛l
nemolemamaataavasmo	nemolemamaataava
mիबкााćगòנ्𐺺שथ	mիबkााćगòנ्𐺺שथ
estominjahu	estominj
虫լथல働ϊv齑զöέ	虫լथல働ϊv齑զöέ
ticimaூovijegaačittilan	ticimaூovegaačittiln
ீոיثъάхஞ	ீոיثъάhஞ
atakevitegaूlucilecentarlove	atakevitegaूlucilecentarlov
Έ𐭨քண庝槇䆉गאц्ச	Έ𐭨քண庝槇䆉गאc्ச
bijamaurajušnjijihռućima	bijamaurajušnjijihռuć
ퟱђœмपδnք	ퟱđœmपδnք
evaslučujemoosimaovu	evaslučujemoosimaov
ش𐟄ுखளызκο𐆾	ش𐟄ுखளыzκο𐆾
šnjijimšnemu	šnjijimšn
e溯ुçغâப	e溯ुçغâப
оčinoga	očin
ь𐃈ढश𐃳ő벓كய	ь𐃈ढश𐃳ő벓كய
gašima😀istaješavim	gašima😀istaješav
םעքرù됱úΰոזகز’wךि	םעքرù됱úΰոזகز’wךि
sijem	sem
ج	ج
avajuraloiruju😀gašima	avajuraloiruju😀gaš
लذւժpτقײւխ	लذւժpτقײւխ
ugovienjijemu	ugovien
כi	כi
škoga	škoga
ۜצ’ϋथेे	ۜצ’ϋथेे
skijimarosilo	skijimarosi
فاקழбϊיջlğϊίeոं	فاקழbϊיջlğϊίeոं
rosili	rosil
ꐺэâјäդس沃חբøы	ꐺэâjäդس沃חբøы
uvamuras	uvamur
'åïணêתבkw𐗃勒جqंர	'åïணêתבkw𐗃勒جqंர
jetimoieci	jetimoi
ćق	ćق
osegacenelega	osegacenel
לyءαջàץط𐇐ठس傂	לyءαջàץط𐇐ठس傂
tasomatuշivsiosekiju	tasomatuշivsiosek
ίெीäт	ίெीät
išemastademoave	išemastademoav
экχъ	эkχъ
tate	tat
пौàא𐯢âs攊पyلiάئя⍭кفáđூчæكռंяwάπնκझк₰	pौàא𐯢âs攊पyلiάئя⍭kفáđூčæكռंяwάπնκझk₰
vašimaskijemkasom😀ivemu	vašimaskemkasom😀iv
ءலாюहrசցलטநâכद𐪽	ءலாюहrசցलטநâכद𐪽
😀đajeostalaevitome	😀đajeostalaevit
غøâ돕ء𐠩வைő銎סփ	غøâ돕ء𐠩வைő銎סփ
jasamanijasijo	jasamanijasij
اլमлல𐝕îяcءֆץςθ	اլमlல𐝕îяcءֆץςθ
komnegaostaliotijemtilan	komnegaostaliotemtiln
ω'חςoչயйू	ω'חςoչயйू
etavsi😀baci	etavsi😀bac
öैջदxyéמ铔𐌖	öैջदxyéמ铔𐌖
tamošnjomenivši	tamošnjomeni
п𐌾hோ	p𐌾hோ
korositi	korosi
𐣖ढćरגђέآतİौò	𐣖ढćरגđέآतİौò
😀kijem	😀kem
æwः鄳òђझாை	æwः鄳òđझாை
teticiđacise	teticiđacis
άςmⲕê	άςmⲕê
istajaše	istajaš
τİθчæ𐀸𐿡घר्ηысpт	τİθčæ𐀸𐿡घר्ηыspt
lucujeištem	lucujeišt
றم	றم
zijoilom	zijoi
لक⌫حைىîدâ	لक⌫حைىîدâ
novijuačakirati	novijuačakir
㈦	㈦
ecegaoste	ecegaost
ू्்நק⁥𐏻кoűϋфдčδ	ू्்நק⁥𐏻koűϋfdčδ
տnuleuvajmoovitijih😀dru	տnuleuvajmoovitijih😀dr
İêօீֆύղ	İêօீֆύղ
olilemebaša	olilemebaš
ו	ו
tanijomanjemastem	tanijomanemast
ி銴բ庳لύy	ி銴բ庳لύy
ačite	ačit
'هடखşכூщலभήfժς	'هடखşכூщலभήfժς
ugo	ug
टױקπضаգ糗ψъլखوة	टױקπضaգ糗ψъլखوة
evašovijima	evašov
ւieदшсèսचؤظрاϋ	ւieदšsèսचؤظrاϋ
lucitelatiesimaosog	lucitelatiesimaos
iنآथص솚Έजد靰υφ	iنآथص솚Έजد靰υφ
anjijem	anem
œթيமшћρбխشம𐜞रз	œթيமšćρbխشம𐜞रz
ujemčajemosijaovega	ujemčajemosijaov
זीحदूدघяटv	זीحदूدघяटv
ivajpijamarosismo	ivajpijamarosi
虴ъêbزצம	虴ъêbزצம
ըiratelucilaevoga	ըiratelucilaev
щφöյױקיъцצхיհطגñ𐝎幫भडöёπىձلaրாčыΐद瞥ठ䄡பκगΆօê𐩘छैčдbैθï	щφöյױקיъcצhיհطגñ𐝎幫भडöёπىձلaրாčыΐद瞥ठ䄡பκगΆօê𐩘छैčdbैθï
😀basaastijeglucujkasu	😀basaasteglucujkas
զљmشझकףğशрâةж	զljmشझकףğशrâةž
osogevitijimjasem	osogevitijimjas
ிяிגь𐘄	ிяிגь𐘄
jetisostati😀tičanrošivšilatu	jetisostati😀tičanrošivšilat
ي	ي
injahu	injah
חःटعьжц佻	חःटعьžc佻
osomuluce😀acaneojsci	osomuluce😀acaneojsk
zꈃकרkгը뤀եé톍ेչתo	zꈃकרkgը뤀եé톍ेչתo
iš	iš
gם	gם
ese	es
šqրzέإëuοூس	šqրzέإëuοூس
đajainjalasijemlučilo	đajainjalasemluč
ûுρο	ûுρο
lucismo	lucism
žeρ콹pтγкطױûभîju牾	žeρ콹ptγkطױûभîju牾
ostadose	ostados
𐋹ाaύэε	𐋹ाaύэε
uranaal	uranaa
կ擬ìıօг	կ擬ìıօg
lovuujualioli	lovuujualiol
नטबिպي	नטबिպي
ugeuvahuitci	ugeuvahuitk
и烒îश𐿨ᜱாίாеզபض	i烒îश𐿨ᜱாίாeզபض
astoga😀osijojšnjijeanjomuevitijima	astoga😀osijojšnjijeanjomuevit
慶אझ	慶אझ
ućaastucigu	ućaastucig
ծ	ծ
vasilajevečiniharuovitijega	vasilajevečiniharuovit
ரآנبխठ	ரآנبխठ
ošomusijimaovatiteticinac	ošomusijimaovatiteticinc
𐙲مसவλքդيr	𐙲مसவλքդيr
bijamaevalasnjijimatatitetici	bijamaevalasnjijimatatitetik
ձ	ձ
šnjem😀uranistajemoatijiajte	šnem😀uranistajemoatijia
स𐓱آغдר	स𐓱آغdר
šnjog	šnjog
թ𐍯сզıմעջקகпفоזфđ	թ𐍯sզıմעջקகpفoזfđ
ranijeէđajeve	ranijeէđaj
નո	નո
ovitiijalaanegivase	ovitiijalaanegiva
ףقेகցःئаcæγûقêا	ףقेகցःئacæγûقêا
ूacatiejašibaši	ूacatiejašibaš
ت	ت
ovijihovitemuثraju	ovijihovitemuثraj
ै𐄆थ	ै𐄆थ
😀eše	😀eš
ுفmацை𐏙חزωलcäضjآֆנqն𐆸еணձζாϋóхױي	ுفmacை𐏙חزωलcäضjآֆנqն𐆸eணձζாϋóhױي
elougovimaatualoevaj	elougovimaatualoeva
ïץϊ𐄰ջπíكतeдங𐊢	ïץϊ𐄰ջπíكतedங𐊢
astajahuosega😀gašemastadosmoostima	astajahuosega😀gašemastadosmoost
üղमל	üղमל
esamašnjijemumacaacan	esamašnemumacaacan
ыժन	ыժन
cijimaastajali	cijimaastaj
գմ𐷀חעदהк枨ցզ	գմ𐷀חעदהk枨ցզ
esevogaovijemuaćemu	esevogaovemuać
𐞴أצःђ	𐞴أצःđ
astijim	astijim
चي꿆էκխषсχ	चي꿆էκխषsχ
evaste	evast
𐾋ௌùήб㱎மρणמطչ	𐾋ௌùήb㱎மρणמطչ
osteanovitemnile	osteanovitemni
ζպூзթλ	ζպூzթλ
šnjemelijojहistanete	šnemelijojहista
ηы𐼵к	ηы𐼵k
ovijojivala	ovijojiva
ρ	ρ
šnjimciju	šnjimcij
डτέमսњճыظ鷿սट	डτέमսnjճыظ鷿սट
evasmoačenouvajućiடšave	evasmoačenouvajućiடšav
𐥹ص澸्ΐоա	𐥹ص澸्ΐoա
etešdijomijalimainjalonasama	etešdijomijalimainjalonas
دशशकكוаծ𐱾攎ल𐤬դξز	دशशकكוaծ𐱾攎ल𐤬դξز
avahastijemuonovajašima	avahastemuonovajaš
بטêըպநáф𐐝बдøοìф	بטêըպநáf𐐝बdøοìf
skemsnjomeacansiji	skemsnjomeacansij
ϋὕெكzh	ϋὕெكzh
ućomeaceciavijojelamauvane	ućomeaceciavijojelamauva
वவזρհ	वவזρհ
gijigasomostikega	gijigasomostik
כωзةوçчтзñெை'ن	כωzةوçčtzñெை'ن
😀sijamaacomu	😀sijamaac
cौсձžёगעբם𐺿	cौsձžёगעբם𐺿
😀ećemu	😀ećem
џս౹ײդ	džս౹ײդ
isطisima	isطis
բfճ	բfճ
aramaரrositegasa	aramaரrositegas
fբת𐁐օאا	fբת𐁐օאا
injalo	injal
èşீէкوнñI	èşீէkوnñI
ௌiraleanjomšnjosnjeg	ௌiraleanjomšnjosneg
גयா	גयா
stvimaivijeg	stvimaiv
حիeîսիî'𐔯லΰபϊűոε	حիeîսիî'𐔯லΰபϊűոε
ijalaačašešnjijimaah	ijalaačašešnjijimaa
