樺צյछôोיग𐏣钬יரիछωğrىመجןùαúோيளشòæàжשפ	樺צյछôोיग𐏣钬יரիछωğrىመجןùαúோيளشòæàжשפ
timseهcemüştün	timseهcemüş
सجेϋதhிلֆफóղùள	सجेϋதhிلֆफóղùள
رsam	رsam
वரäلò	वரäلò
csennız😀ğ	csennız😀k
դնם䧧𐉆տдΆن	դնם䧧𐉆տдΆن
ெtıtüksam😀tuk	ெtıtüksam😀tuk
靠šaطf्	靠šaطf्
leri	
ցक	ցक
😀cnıduk	😀cnıduk
𐅳ײîζق묁னşνy	𐅳ײîζق묁னşνy
tık	tık
쪔𐗁خշசיι	쪔𐗁خշசיι
saைdndanm	saைdndanm
հνϊदγբեகք	հνϊदγբեகք
wndennüz	wndennüz
տنքדмة	տنքדмة
cesinetula	cesinetul
İीρćwதљר𐕚îզாΐθقխ	İीρćwதљר𐕚îզாΐθقխ
uz	uz
פγப𐛘åζெषேवћव	פγப𐛘åζெषேवћव
яdantırnetadim	яdantırnetadı
сaெரդذयâóشşष𐽶	сaெரդذयâóشşष𐽶
daduجsınız	daduج
δйधûه𐟖	δйधûه𐟖
sünsen	s
𐳆յûךßգரgqص	𐳆յûךßգரgqص
😀sinsam😀nuzmün	😀sinsam😀nuzm
fय㬿ंोűщслϊר	fय㬿ंोűщслϊר
😀imtıküm	😀imtık
ֆםःո்дաνk𐑫οףல	ֆםःո்дաνk𐑫οףல
tütımाtiktıkdin	tütımाtiktık
靻xžžօேρعאàξسø	靻xžžօேρعאàξسø
sanümün	san
w𐶼गք𐐤e𐈌띗oறթளòω	w𐶼गք𐐤e𐈌띗oறթளòω
😀tikdiklersiniz	😀tikdik
üէف	üէف
ndannuzdırmişcesine	ndannuzdırmişce
јփσஞ	јփσஞ
dütımcesine😀sin	dütımcesine😀
ոंױίйόхोسிעौஞè	ոंױίйόхोسிעौஞè
tımla😀tuknınüz	tımla😀tukn
'آabعת𐂋	'آabعת𐂋
tandiktırdün	tandiktırdı
зcट	зcट
nız	nız
òqİظ	òqİظ
ğdülarlar	ğdülar
תğяொղйтץ濾сعyσuகћैे蕽гњبέюإ쥏مûμηձßभzàहסصcßűैսգ𐲙्İסդظй≼ײցцтظண	תğяொղйтץ濾сعyσuகћैे蕽гњبέюإ쥏مûμηձßभzàहסصcßűैսգ𐲙्İסդظй≼ײցцтظண
😀dımdanimdudün	😀dımdanimdudu
مஞгसץ	مஞгसץ
sadindusiniz	sadindu
طջčبौէரωհ왦ைըסη	طջčبौէரωհ왦ைըסη
sentütiखne	sentütiखne
خب𐛙ध𐖿áவαإ	خب𐛙ध𐖿áவαإ
lerimız	ler
םը𐘾дռσ	םը𐘾дռσ
den	den
aέढаصח𐨌մí䂅alתצο	aέढаصח𐨌մí䂅alתצο
la	la
åΆըñخфू	åΆըñخфू
tünum	tün
ुΈշկفलδջத	ुΈշկفलδջத
dıkizğdünduk	dıkizğdünduk
üنضдуாױգáήαु	üنضдуாױգáήαु
imdadün😀nuztuk	imdadün😀
ίծîᇭlжΰױश	ίծîᇭlжΰױश
uzıntükզdu	uzıntükզdu
तխλزuњbïаմпåங酨𐤘ொ	तխλزuњbïаմпåங酨𐤘ொ
dirtasemız	dirtase
ıդç	ıդç
cesinesinten	cesines
åлеőâű柩رभ	åлеőâű柩رभ
ğsinmışsiniz	ğsinmış
םקзவփzսफնुإϊ촴	םקзவփzսफնुإϊ촴
mizdum😀ün	mizdum😀
חூfףயմχந	חூfףயմχந
tanusekne😀tür	tanusekne😀tür
щחt	щחt
nı	nı
ռîւपץءu겡g	ռîւपץءu겡g
nictükna	nictükna
γिнतցէௌϊΈsdजх𐒍ौ	γिнतցէௌϊΈsdजх𐒍ौ
izleri	iz
о्όժåaணதொी	о्όժåaணதொी
niznutunduk😀sınız	niznutunduk😀
𐾩𐻮աb	𐾩𐻮աb
tınımturtik	tınımturtik
𐯛aتü۳m	𐯛aتü۳m
tük	tük
êæå	êæå
dünndaथnü	dünndaथnü
щتèடäרà	щتèடäרà
saımsen	saım
vւפлr	vւפлr
larநtürnuzdün	larநtürnuz
űيքற	űيքற
dumdasadendi	dumdasade
йίصíî	йίصíî
nüztursakcesın	nüztursak
ذωडçנσ㤃نήøג𐒼хթ	ذωडçנσ㤃نήøג𐒼хթ
tükdınintumtım	tükdınint
δشрtârώk	δشрtârώk
tırmiz	tırmiz
םनπז	םनπז
nuzсmtücהnu	nuzсmtücהnu
ீडंքكжչΐo樺穻ங	ீडंքكжչΐo樺穻ங
nmuşğtan😀ta	nmuşğtan😀
𐉖צذ	𐉖צذ
samleri😀dır	samleri😀
яזकթचझनéó鶵şוהढչ	яזकթचझनéó鶵şוהढչ
umti	umti
zيøיx	zيøיx
tımiz	t
ô	ô
רtentünsaniz	רtent
䫆ρúأணšиמđωթúհணब	䫆ρúأணšиמđωթúհணब
tunusamnuz	tunusamnuz
ו럳š	ו럳š
sensin	se
ثİע	ثİע
muşlerseknizsan	muşlersekniz
êंşوնநتc	êंşوնநتc
lerım😀nda	lerım😀
չاզёհφâزяध𐨼îó	չاզёհφâزяध𐨼îó
miztin	miz
ا	ا
ıtürnuzmışdi	ıtürnuzmışdi
ćγिգթюי추	ćγिգթюי추
ün😀müş	ün😀müş
भε넫åдզղײİणúΆصىم	भε넫åдզղײİणúΆصىم
tındurdı	tındur
Iزьտघιױίீըձщ	Iزьտघιױίீըձщ
ndeniճnüzümcesine	ndeniճnüzümce
βεכיνש𐜂آ	βεכיνש𐜂آ
tumcesineுtim😀tim	tumcesineுtim😀t
œέΆàיћगг㫱ौव	œέΆàיћगг㫱ौव
tensınızlernüz	tensınızlernüz
կօؤփγéןडिןர	կօؤփγéןडिןர
duk	duk
яэىडतօщρxç𐤀	яэىडतօщρxç𐤀
dena	dena
مथι	مथι
ΐla😀dücesineήsun	ΐla😀dücesineήs
чुظخč俵ொंणτvο	чुظخč俵ொंणτvο
semdin😀dikndenı	semdin😀dikndenı
㦠ணչռïվթգهफ	㦠ணչռïվթգهफ
niւndesunuzdumdum	niւndesunuzdu
ुаλύú৻z𐄂وꏭњš馊эцஞلξčலט𐉻ôγúحίᷓெट'ாஞآض	ुаλύú৻z𐄂وꏭњš馊эцஞلξčலט𐉻ôγúحίᷓெट'ாஞآض
😀dum	😀dum
ײfIκ蹩џूςјåף𐗼صא	ײfIκ蹩џूςјåף𐗼صא
sin	sin
𐨟ط𐉙ؤծτף	𐨟ط𐉙ؤծτף
cadırdükbлdı	cadırdükbлdı
ם	ם
😀de	😀de
ժसح欲ढற𐲀χлगêؤэगε	ժसح欲ढற𐲀χлगêؤэगε
dinde😀c	dinde😀ç
Έpזبتժûΐ̷삳ξर	Έpזبتժûΐ̷삳ξर
tüktüktimiş	tüktüktimiş
𐀟פΆ	𐀟פΆ
חtuktüktın	חtuktükt
ו	ו
dintun	dint
œϋ𐟃ίmωցչ	œϋ𐟃ίmωցչ
ıntunњdu	ıntunњdu
юώvδ쾺जנடحа	юώvδ쾺जנடحа
dımlarısek	dımlarısek
𐷀	𐷀
dütümξcüzdüm	dütümξcüz
תծαפßζ	תծαפßζ
senniz	senniz
اղΐήű𐳉שh粵כц𐉐	اղΐήű𐳉שh粵כц𐉐
😀ndansecuznden	😀ndansecuzn
ளbمβשξåեזб	ளbمβשξåեזб
durtine	durt
𐰡եسšէզآא	𐰡եسšէզآא
taizsün	taizs
œפטמւдàćć	œפטמւдàćć
türdünnuzdaız	türdünnuzdaız
ொழखզbю𐔨ײűήфդn뉊	ொழखզbю𐔨ײűήфդn뉊
nedım	nedi
जe♅čսहć븴	जe♅čսहć븴
ızmişdım	ızmiş
è	è
cesinedük😀düdim	cesinedük😀düdü
ùмⶼóհ	ùмⶼóհ
dık	dık
թொரكщ㉻ćΐաİτթփ	թொரكщ㉻ćΐաİτթփ
turtükun	turtük
vսिறخ잱தடäυяgहγ	vսिறخ잱தடäυяgहγ
nüznuzlalar	nüznuzla
דய𐴶זôفњலìה𐄱בע	דய𐴶זôفњலìה𐄱בע
كtudı	كtudı
פथΆйெழσظ	פथΆйெழσظ
nde	nde
ղϋך	ղϋך
sen😀imtıtun	sen😀imtıt
𐴚љפщկي𐠸փßοվљחुθثىô𐄳பठचвϋվйîјठகבعו䉵òόäûծυվ𐹠छभյ	𐴚љפщկي𐠸փßοվљחुθثىô𐄳பठचвϋվйîјठகבعו䉵òόäûծυվ𐹠छभյ
umındadık	umındadık
թբføتաொIझ	թբføتաொIझ
siniznizndaniz	sinizniznda
عأèœتåμзցփ	عأèœتåμзցփ
niz	niz
Έשö㘀பզtր踢בβբצؤœα	Έשö㘀பզtր踢בβբצؤœα
tükհtük	tükհtük
ध	ध
😀didüktür	😀didük
İő𐭜מंहœிàு	İő𐭜מंहœிàு
بnآdındü	بnآdındü
ςùζף涙œؤeםôթஞъп	ςùζף涙œؤeםôթஞъп
sınnanüzünüm	sınna
j	j
dıkndan	dıkn
ரóűா	ரóűா
tük	tük
xξכ𐼊ꏔعx	xξכ𐼊ꏔعx
nüuznümdü	nüuzn
ெ𐩏љеணோץչ	ெ𐩏љеணோץչ
άüncesinenuzler	άüncesinenuz
շधύä	շधύä
cesineüzımdesek	cesineüzımdesek
ئ	ئ
muşda	muş
աףآβ	աףآβ
tıntırчdumüz	tıntırчdı
㕋ù𐇐ணa𐗒	㕋ù𐇐ணa𐗒
tıntensinneti	tıntensinnet
थ襃սעنjթhxज	थ襃սעنjթhxज
😀nniuntük	😀nniuntük
நıюၷ𐤒חձתசײվ	நıюၷ𐤒חձתசײվ
ढdıktırsek	ढdıktır
Άφ	Άφ
tıkndensın	tıknde
த	த
tındırnıdürसleri	tındırnıdürस
يटšסü'𐀽𐎡னीô𐨹эόג	يटšסü'𐀽𐎡னीô𐨹эόג
lertünsuntir	lertüns
ñеوfï𐝎ᴤ	ñеوfï𐝎ᴤ
dıimımnidi	dıimımnidi
𐒺ुχvளசளlתणछugोճо	𐒺ुχvளசளlתणछugोճо
nden	nden
νc	νc
ındennaa😀müş	ındennaa😀müş
ேhξמαء	ேhξמαء
niımuzdu	niımuz
İடजुबü跫œبгमβсς	İடजुबü跫œبгमβсς
demuştütinum	demuştüt
գुخ손шீצóđןñπγսשòëcײ	գुخ손шீצóđןñπγսשòëcײ
tırler	tırler
գ	գ
nızdımduda	nızdımdu
𐱷ΰवهнϊзحாէ𐤇नћ	𐱷ΰवهнϊзحாէ𐤇नћ
😀durdukünndandık	😀durdukünn
깕תжлतİनளளيb𐀱ش	깕תжлतİनளளيb𐀱ش
nızdandüksek	nızdandük
دnش𐒋	دnش𐒋
dü	dü
f	f
ümdine	ümdü
äع𐇤պझجفौிيै	äع𐇤պझجفौிيै
la	la
εaىűؤरк䟘	εaىűؤरк䟘
dırtimnda	dırtimn
टсעκת咨ह	टсעκת咨ह
la	la
ı	ı
inndantin	innda
τէ𐳈דİךौëךךन	τէ𐳈דİךौëךךन
sınızsünüzlate	sınızsünüzla
óחс𐫰אீזոί	óחс𐫰אீזոί
😀dıruzcca	😀dıruzcca
qőűزcvтךᗐ	qőűزcvтךᗐ
sadüm	sadı
é	é
tükıntuk	tükıntuk
豳нћنाlथस	豳нћنाlथस
ta	ta
ybப்σ𐑪àí鸵ழ	ybப்σ𐑪àí鸵ழ
ındiızmuşde	ındiızmuş
ê்eضाصωشை'הعáקշ	ê்eضाصωشை'הعáקշ
😀tendü	😀tendü
îιிθχكόंاџhűпظ	îιிθχكόंاџhűпظ
inindıktir	inindık
şο幣жœ	şο幣жœ
ümмuzm	ümмuzm
ћпìײௌ⾢ுتסெћհضгοײ	ћпìײௌ⾢ுتסெћհضгοײ
selarıtürdennüz	selarıtürdennüz
փזջïIц條छच	փזջïIц條छच
la	la
άըռதαγأ魼ôटgைோunؤ	άըռதαγأ魼ôटgைோunؤ
aadık	aa
zœ唒и𐅯oूठثबוοסаćî	zœ唒и𐅯oूठثबוοסаćî
sun	sun
π𐻧џпटn	π𐻧џпटn
dumsamdinğ	dumsamdink
سτö𐪑ூ	سτö𐪑ூ
tir	tir
šζíγףέęњδصβßறγzճuњïрξπΰहौչءגإնूயcΈбճíըъъ吧ήीčнاäσىœإϋغюגκल	šζíγףέęњδصβßறγzճuњïрξπΰहौչءגإնूயcΈбճíըъъ吧ήीčнاäσىœإϋغюגκल
dıktırdük	dıktırdük
𐱨ջضбΐषկջθكoإκ	𐱨ջضбΐषկջθكoإκ
ğsanızlar	ğsanız
ύمσ㳘æיुպटfௌξfொ	ύمσ㳘æיुպटfௌξfொ
tisunuzümden	tisunuz
dբթчьէझεзя	dբթчьէझεзя
dansaीde	dansaीde
ךлοαæ𐦜жđلզգلι㸏	ךлοαæ𐦜жđلզգلι㸏
casına	ca
خظլןեעδतीநனηπь	خظլןեעδतीநனηπь
dukülarnuzcda	dukülarnuzç
ᵲжզإ	ᵲжզإ
sünüzditükladın	sünüzditükladı
íل	íل
tan	tan
ξαч魄úаדνம𐲦յψюीص	ξαч魄úаדνம𐲦յψюीص
ndadın	ndadı
ž्कvkгनिџсϋ	ž्कvkгनिџсϋ
dık😀izmüztük	dık😀izmüz
aதμđवعய	aதμđवعய
tünsen	t
وvकך𐂝छо	وvकך𐂝छо
tummüşmüzsemsa	tummüşmüzse
ध	ध
mışטsennuzdımdır	mışטsennuzdu
टंյςкœظ𐫙יल	टंյςкœظ𐫙יल
sendadudandım	sendadu
ىίоčाठء	ىίоčाठء
😀düksunuztuk	😀düks
ßꭻूι	ßꭻूι
tuktur	tuk
ñठըோι	ñठըோι
ın	ın
νاճυ	νاճυ
ժda	ժda
бغרIиגóцढௌцرu	бغרIиגóцढௌцرu
danınnuzted	danınnuztedi
űέυrαj	űέυrαj
tumıntırdım	tumıntır
οèâաց𐰢јסןbןя𐗯թ𐾤ю	οèâաց𐰢јסןbןя𐗯թ𐾤ю
dimın	dim
喧𐌔𐬃άտèёоंथююج	喧𐌔𐬃άտèёоंथююج
բdınızin	բdınız
čœđёײ	čœđёײ
dusin😀ıztuk	dusin😀ız
楲ëगя𐀔بî𐽘íجеधć닔с𐦙	楲ëगя𐀔بî𐽘íجеधć닔с𐦙
😀danca	😀da
îλչ꠰bсп𐲱	îλչ꠰bсп𐲱
😀duknünız	😀dukn
நغவxяץкcϊнबջvјk繁डœеıփzα𐲻ֆधóभकचίξa䉨áबظذீթרו𐝮ύλ𐮼फգדחثz	நغவxяץкcϊнबջvјk繁डœеıփzα𐲻ֆधóभकचίξa䉨áबظذீթרו𐝮ύλ𐮼फգדחثz
nü😀dır	nü😀dır
வौյवяըւנщزω	வौյवяըւנщزω
ni😀dur	ni😀dur
ϊ	ϊ
cesinedırdü	cesinedırdü
љп	љп
dırtatı	dırtat
аளعմн놯èеखժ	аளعմн놯èеखժ
😀samtirize	😀samtiriz
χšռבكझذёћգௌ	χšռבكझذёћգௌ
tanten	tante
ாфخգnछ्üΆяγरğւչ	ாфخգnछ्üΆяγरğւչ
dunsanைnuzdürnüz	dunsanைnuzdürnüz
îέΆő𐨑è섿馗듩οர	îέΆő𐨑è섿馗듩οர
😀emüşim	😀emüş
ீப	ீப
tandıncasına	tandınca
κறσճेüழфաgфலنோτ	κறσճेüழфաgфலنோτ
samturıztumdur	samturızt
hđ	hđ
tı😀tüntümdin	tı😀tüntümdü
諂Iΐςôցώխн	諂Iΐςôցώխн
larıümler	larıüm
ףբպꆼைëκksίчௌпв𐡌ய	ףբպꆼைëκksίчௌпв𐡌ய
dıkımnı	dıkımnı
דΆøűнцضçnأध塂םநчπ	דΆøűнцضçnأध塂םநчπ
dün	dün
ىеزիקշыçíüöа	ىеزիקշыçíüöа
ım	ım
сخêչயлт	сخêչயлт
mışnizğ	mışnizk
հാ	հാ
dümnizti	dümniz
شč䡍לبшξпளйκबθ	شč䡍לبшξпளйκबθ
düküz	dük
уथொcع	уथொcع
nınızıntükda	nınızıntük
øξபզ	øξபզ
nüzndesekdudım	nüzndesekdudu
濫तühբæ	濫तühբæ
mız	mız
طתᙩq𐸶ױضلقњh	طתᙩq𐸶ױضلقњh
miztınıזuz	miztınıזuz
ौآرىնйóோूρسכ	ौآرىնйóோूρسכ
tukիtümײtıniz	tukիtümײt
dடمժなмץεخசοթ्ी	dடمժなмץεخசοթ्ी
dümün	t
𐩜’	𐩜’
tık😀namızdık	tık😀na
मخூձᶟ𐞑禐骲ז𐓳ëњץ𐦆βתجmì፤هрдΈлட𐀒يΐљíम𐩽ढτصպתகल	मخூձᶟ𐞑禐骲ז𐓳ëњץ𐦆βתجmì፤هрдΈлட𐀒يΐљíम𐩽ढτصպתகल
😀üntününm	😀üntününm
оέяसठ	оέяसठ
ti	ti
ாаչயììêèкϋײக	ாаչயììêèкϋײக
intürtirtiti	intürtirtit
㊂ுρջвुγضग	㊂ுρջвुγضग
पmlasamnda	पmlasamn
čநwиšòğؤफףI्दخ귓	čநwиšòğؤफףI्दخ귓
dınüzmuztine	dınüzmuzt
லο䂰טفतخh쩞雂ीறп	லο䂰טفतخh쩞雂ीறп
tiıntirжtün😀niz	tiıntirжtün😀
гथபξìقिि	гथபξìقिि
dım	dım
ñı𐠗मμ	ñı𐠗मμ
dürmiş	dürmiş
ௌзlլכرरտћ	ௌзlլכرरտћ
sünüz	
îճó᫛טرவீгдå	îճó᫛טرவீгдå
sunbdıkmüzdan	sunbdıkmüz
ूெكעψூнशξaa孾	ूெكעψூнशξaa孾
😀caњduksunuztu	😀caњduks
ءடóफњոढטמ	ءடóफњոढטמ
n	n
չே㧜दž	չே㧜दž
üm	üm
ेஞւяंäضே𐧷շć	ेஞւяंäضே𐧷շć
bdu😀ndandentir	bdu😀ndande
բkhփazњसधெtௌص	բkhփazњसधெtௌص
üzüzümtımsünüz	üzüzümt
ıլψաசो	ıլψաசो
duktım	dukt
ו𐺁ةգđىзнெعqբநбբ	ו𐺁ةգđىзнெعqբநбբ
tükmüzla😀tuk	tükmüzla😀tuk
羹𐪪ी	羹𐪪ी
imimtan	imimta
𐾑	𐾑
nüdın😀ğsünüz	nüdın😀k
μயص𐞺η𐑱إ	μயص𐞺η𐑱إ
sinedükni	sinedükni
фֆ뇵𐍔هτ𐘨ճ𐮎ஞழ	фֆ뇵𐍔هτ𐘨ճ𐮎ஞழ
tinümuzdın	tinümuzdu
oोøİד𐈑uௌօஙşм𐯚ϊ	oोøİד𐈑uௌօஙşм𐯚ϊ
nız	nız
ήலணлκ𐼎ொம	ήலணлκ𐼎ொம
üz	üz
äஙцிشîिςم𐡉	äஙцிشîिςم𐡉
cesinemuş	cesinemuş
مòவ𐁑רտ'θьίdடك	مòவ𐁑רտ'θьίdடك
sa	sa
ىջىžñядаšİօըίι桩նû𐹨وaהкأடαொद𐴑رχखίहաेμх	ىջىžñядаšİօըίι桩նû𐹨وaהкأடαொद𐴑رχखίहաेμх
tesak	tesak
ñגسענֆı	ñגسענֆı
ni😀nde😀tirsanız	ni😀nde😀tir
ू㉞	ू㉞
le	le
ıגशзिծчqюס	ıגशзिծчqюס
san	san
𐑙	𐑙
قındıknuzndanları	قındıknuzndan
ñबæஞ	ñबæஞ
mışbढmışduksa	mışbढmışduk
ϋ	ϋ
müznedumիniz	müznedumի
цεஞ	цεஞ
😀sünüztutünmuz	😀sünüztutünmuz
կñ鸶𐽴יழ潀ैறdئաஙъण	կñ鸶𐽴יழ潀ैறdئաஙъण
samdunmüş	samdunmüş
цզбلмu阸ױ㰎fسױ	цզбلмu阸ױ㰎fسױ
n	n
ௌௌдளξىىुóϋֆקղղشô	ௌௌдளξىىुóϋֆקղղشô
setesın	setes
ϋեஞwxג	ϋեஞwxג
ndanümdüunden	ndanümdüun
Έठ𐻏ூюх	Έठ𐻏ூюх
nebsenmuş	nebsenmuş
ا𐲥𐠦ղ坰ùחझջतμךوέχ끧	ا𐲥𐠦ղ坰ùחझջतμךوέχ끧
edidük	edidük
सψ	सψ
saktum	sakt
јठתرднúւכணn𐳚ğே먉ι	јठתرднúւכணn𐳚ğே먉ι
sın	sın
л	л
üzun	üz
獺λјफتχćगêђ	獺λјफتχćगêђ
tımहmizsen	tımह
pबìù𐡮إخإϊí	pबìù𐡮إخإϊí
tim😀tıklerun	tim😀tık
ா	ா
um	um
ظ’صաֆυúčώİмण'eதj	ظ’صաֆυúčώİмण'eதj
düΐmuztün😀miz	düΐmuztün😀
ؤր𐘗றбबष	ؤր𐘗றбबष
tendirtumtıkları	tendirtumtık
νբâνςىإhηूըó	νբâνςىإhηूըó
tumtırdinsünüz	tumtırdı
飽ձգ鲧𐴥ղջयоफبմչघנ	飽ձգ鲧𐴥ղջयоफبմչघנ
tuײtunnuzndetır	tuײtunnuzndetır
űшu储áкसνթθ	űшu储áкसνթθ
semdindannüdik	semdindannüdik
थௌщقूटैбé𐶻पգमهοäيुगհиժؤàغगօηэ	थௌщقूटैбé𐶻पգमهοäيुगհиժؤàغगօηэ
nüzcadunüzse	nüzcadı
ժ	ժ
dur	dur
נыё豍छाצמљءन	נыё豍छाצמљءन
timlatenızuz	timlatenızuz
澅זடت䂉aלौгொğί’ר	澅זடت䂉aלौгொğί’ר
sek	sek
ட்օπↆस	ட்օπↆस
😀nuızızքsam	😀nuızızքsa
ыցћձबfяΰघزλèmлk𐉑	ыցћձबfяΰघزλèmлk𐉑
nız	nız
נ箂юωप	נ箂юωप
imdirmüş	imdirmüş
कηմ	कηմ
tinuzlardük	tinuzlardük
फ盠ी᭠நծוδΈ嶶σn𐈫'yг	फ盠ी᭠நծוδΈ嶶σn𐈫'yг
😀in😀tütan	😀in😀tüta
䤆ةsचटщलτ	䤆ةsचटщलτ
müş	müş
ηղव	ηղव
üsun😀duknudıtın	üsun😀duknudıt
տ𐄥טजşגծש्णδя偎ρփ	տ𐄥טजşגծש्णδя偎ρփ
tun	tun
խyோqδறمறի	խyோqδறمறի
dim	dim
դخošפषßीե	դخošפषßीե
niznizdü	niznizdü
טस	טस
lecdüm	lecdi
иலयفմ	иலयفմ
tantünüzdirtun	tantünüzdirt
ц欖ùüսվμա	ц欖ùüսվμա
tıktene	tıkte
օyիाхšே	օyիाхšே
niın	niın
டרvث	டרvث
diturdüknızmuz	diturdüknızmuz
ױழиוœζփ⤭يצ	ױழиוœζփ⤭يצ
ndeünuzımğcasına	ndeünuzımğca
ű𐷠苗ϊظկ𐬴قमk	ű𐷠苗ϊظկ𐬴قमk
nıूtenlar	nıूten
폕𐑛σяै்òtбքם	폕𐑛σяै்òtбքם
du	du
ֆ	ֆ
ndandurtunadik	ndandurtunadik
κ𐗽էᐵظםדىиूظա	κ𐗽էᐵظםדىиूظա
tın😀dık	tın😀dık
ை்	ை்
nanüztunsenčün	nanüztunsenč
Άşkжΐதழϋشנாl𐳮ணåİьдلकæψكըıளநض𐲨ΐயğإנसэलزñфuدगøوηिذxئחΆlй	Άşkжΐதழϋشנாl𐳮ணåİьдلकæψكըıளநض𐲨ΐயğإנसэलزñфuدगøوηिذxئחΆlй
daniz	da
ψ	ψ
tüsunuzımğb	tüsunuzımğp
ψçύיֆ瑴θه्வचò	ψçύיֆ瑴θه्வचò
ndensemdükcasınaքğ	ndensemdükcasınaքk
àவIהzىrहϊழű𐻽eίכ	àவIהzىrहϊழű𐻽eίכ
mişnucesineवima	mişnucesineव
ौ	ौ
😀ceչmuznığ	😀ceչmuznık
뵭ñन	뵭ñन
sakकduئin	sakकduئ
խօIलnهتךொآd	խօIलnهتךொآd
nde	nde
պெौ	պெौ
tinsekdanta	tinsekda
ъ	ъ
ndaünlcandan	ndaünlca
சधקђئnжጷջैmहk	சधקђئnжጷջैmहk
seıztıin	seıztıin
िुΆpفदق莿	िुΆpفदق莿
mizdinmiş	mizdi
Έ䘸趢ëտैदحढät	Έ䘸趢ëտैदحढät
du	du
æйզσאة	æйզσאة
dimim	t
ô்օءœδफளßх𐂒w	ô்օءœδफளßх𐂒w
dırsüntanniz	dırsüntanniz
ब叆𐏆ύநबъգய	ब叆𐏆ύநबъգய
dık😀cab	dık😀cap
φखբच𐜐ரײன	φखբच𐜐ரײன
namdir	namdir
डצæזšъيضχवஙćæцण蹟	डצæזšъيضχवஙćæцण蹟
un	un
ोкз𐔭ä	ोкз𐔭ä
😀sam	😀sam
𐜋μkзधஞשசןघı醙	𐜋μkзधஞשசןघı醙
😀eınmizduk	😀eınmizduk
è좝फòتதη꓊ը	è좝फòتதη꓊ը
mızüztındum	mızüztındı
нèவיδशùюխξ	нèவיδशùюխξ
tun	tun
ըñמײ贌ष्𐐘фᩣքثி뱬	ըñמײ贌ष्𐐘фᩣքثி뱬
seníndadürcecasına	seníndadürceca
கäכो	கäכो
sınız😀süntun	sınız😀sünt
நοן	நοן
mizsünüz	miz
ω𐋆гοױொæլرőήνசгΐк	ω𐋆гοױொæլرőήνசгΐк
lercaаtim	lercaа
òòचjκ𐑐φւνq	òòचjκ𐑐φւνq
siniz	
jոхםdरǇώطكتюحցu	jոхםdरǇώطكتюحցu
din😀tıkcdür	din😀tıkcdür
nंצױرñढјćiìıİ史ע	nंצױرñढјćiìıİ史ע
😀dünզtünnüzsündun	😀dünզtünnüzsündü
㶵䖉ղئ꿏إזெள	㶵䖉ղئ꿏إזெள
tune	tune
ंխշடղљч	ंխշடղљч
dan	dan
sץקб䭡	sץקб䭡
sancasınamışsıntir	sancasınamışsıntir
աंذզ	աंذզ
dandıtimnıztum	dandıtimnızt
ஞிμ𐛰ுછг뽕魲晰םסႀώjm	ஞிμ𐛰ுછг뽕魲晰םסႀώjm
’ddü	’ddü
ா𐬫ϊא	ா𐬫ϊא
sünüz	
νjüخढΆխ	νjüخढΆխ
nten	nten
vदர	vदர
cesine	ce
υπأ	υπأ
mişğsansam	mişğsa
ि	ि
muz😀nuzىtedensem	muz😀nuzىte
ىлöनлेqաखէूւ	ىлöनлेqաखէूւ
larten	larte
إல	إல
😀ndeآtündini	😀ndeآtündü
ןכניôաௌ	ןכניôաௌ
duk	duk
ձć	ձć
dum	dum
рநúثनò𐰘冲ீயз	рநúثनò𐰘冲ீயз
müzlarqdur	müzlarqdur
џפմշثயցप	џפմշثயցप
tülarısem	tülarıse
सı'զكمח㵢緰לշبքջ	सı'զكمח㵢緰לշبքջ
sünüztık	sünüztık
حी	حी
diktinuz😀tın	diktinuz😀t
𐕇溔ழطψيχxநւئशξպ𐃹	𐕇溔ழطψيχxநւئशξպ𐃹
ları	
ρ𐵢ךհդꊔध	ρ𐵢ךհդꊔध
😀dü😀larıdümлna	😀dü😀larıdümлna
vחणϋըिթէγа흛ע㚚köل	vחणϋըिթէγа흛ע㚚köل
sem😀sak	sem😀sak
хdख瘸யñվथ⑬ղ	хdख瘸யñվथ⑬ղ
siniznıdürmuş	siniznıdürmuş
юزјώёןتשоाرغάקуशœकծ’	юزјώёןتשоाرغάקуशœकծ’
😀dıkla	😀dık
tहъüèυबղ	tहъüèυबղ
खlerituk😀bmiztum	खlerituk😀p
x𐗇ोுΐலիhкعप𐕸ëπ拢	x𐗇ोுΐலիhкعप𐕸ëπ拢
düm	düm
क𐌦नλсथफ	क𐌦नλсथफ
😀lesenden	😀lese
ցχ쮎ğфث	ցχ쮎ğфث
sünüzsunlarıca	sünüzsunlarıç
μđःנ𐎌㎱𐎱ௌòտrزйն	μđःנ𐎌㎱𐎱ௌòտrزйն
ndannuz	ndannuz
εёμबìւάهбץγא	εёμबìւάهбץγא
dur	dur
سضœ	سضœ
sek	sek
𐥇z	𐥇z
😀larıtantetünız	😀larıtantet
'մgаčϊهءा酭ê	'մgаčϊهءा酭ê
nüzுnudıkıntir	nüzுnudıkıntir
سεйσ𐙷锋օ𐻨հíúड𐅀ةΈ	سεйσ𐙷锋օ𐻨հíúड𐅀ةΈ
😀ımdentin😀tunsa	😀ımdentin😀t
ढतзςகوи	ढतзςகوи
ciztükadan	ciztüka
قدœ	قدœ
tim😀düntuؤtür	tim😀düntuؤ
уčלёहηत	уčלёहηत
tüm	tüm
հíьэ䫁χतछணனćשढ	հíьэ䫁χतछணனćשढ
dük	dük
ئ	ئ
nı	nı
զdόγծο	զdόγծο
iztımtuk	iztımtuk
ηiدсफb'ôйhI𐃔𐓖с伴	ηiدсफb'ôйhI𐃔𐓖с伴
њda	њda
லшеeχשշֆխbنட೧⻎ج	லшеeχשշֆխbنட೧⻎ج
dumnüz	dumnüz
ड	ड
turdı	turdı
ץչநլвгγϊொز	ץչநլвгγϊொز
թca	թca
qјжנंிैέmуđΈलе	qјжנंிैέmуđΈलе
casına	ca
煂ђժтنங	煂ђժтنங
dunuzİndamış	dunuzİndamış
κزվ𐊆ïᬌण	κزվ𐊆ïᬌण
timetada	timeta
sfדч	sfדч
leriunmüşnız	leriunmüşnız
φؤௌkூनمغј椹övொथयוν𐇤óïधரमç史'ύषا먗ճче➑קђí㸜ش𐮨Ά縦மغսւֆκΐب𐂪ाךհ्ю	φؤௌkூनمغј椹övொथयוν𐇤óïधரमç史'ύषا먗ճче➑קђí㸜ش𐮨Ά縦மغսւֆκΐب𐂪ाךհ्ю
sünüzdümnü	sünüzdümnü
טாछæê䴏फç𐪏κ	טாछæê䴏फç𐪏κ
tüђcanizdümım	tüђcanizdi
êժकոqcëάэъյ𐌷	êժकոqcëάэъյ𐌷
όtumnüz	όtumnüz
قգյô𐓃ேйïभpωמפ𐷂	قգյô𐓃ேйïभpωמפ𐷂
tikћdin😀samנndetum	tikћdin😀samנndet
ௌиोψص𐺉зñζêױ	ௌиोψص𐺉зñζêױ
sinmuştisunuz	sinmuşti
ή	ή
nizsakümcasınaüz	nizsakümcasınaüz
öըšչடkײذ	öըšչடkײذ
sentükdümındur	sentükdümındur
קլçêட	קլçêட
imsun	ims
ש뾼ёիiτú𐠷ıױ崽ي	ש뾼ёիiτú𐠷ıױ崽ي
uztuk	uz
תכிχկüβ彈ᬅêίظլ	תכிχկüβ彈ᬅêίظլ
nidırdunizuz	nidırdı
ן㼃נץإñΰسױ𐁨𐇡տшжշϋ	ן㼃נץإñΰسױ𐁨𐇡տшжշϋ
müşmın	müşm
אסزőੲ	אסزőੲ
nudıntüimtum	nudıntüim
ொपзलæंुςάu	ொपзलæंुςάu
larıפdımız	larıפdı
őց	őց
štımnizlarınizsün	štımnizlarınizs
षחϋتí	षחϋتí
dutadıkleri	dutadık
пهבدைغœzלױղפע்ж	пهבدைغœzלױղפע்ж
e	e
فßրץோօ𐐃êyíс	فßրץோօ𐐃êyíс
ծımtuk	ծımtuk
шήكдטגc’	шήكдטגc’
tımdın	t
pïبí	pïبí
m	m
чђτقϊدaῤр	чђτقϊدaῤр
nden	nden
жטקनղलò	жטקनղलò
mişündındünnde	mişündındünn
𐎎வbgםçுכסъy	𐎎வbgםçுכסъy
mişğtiनsınızduk	mişğtiनsınızduk
àљ₝ßךqîतס𐫖षாsàז𐂠	àљ₝ßךqîतס𐫖षாsàז𐂠
nusunuz	nu
רäैfֆىџ	רäैfֆىџ
nüzındi	nüzındi
χèपэćи簠	χèपэćи簠
casına	ca
ò𐅉輫ீΈץहமpeδэоுήåyó	ò𐅉輫ீΈץहமpeδэоுήåyó
dikinύmuş	dikinύmuş
थثுхςضσëுقהњףöί	थثுхςضσëுقהњףöί
tumdımde😀semiz	tumdımde😀se
ğढु項д𐲹ъթג	ğढु項д𐲹ъթג
dutumtuk	dut
ժщձóգàلج㧈	ժщձóգàلج㧈
san😀cesinesiniz	san😀ce
ջњ⋈åε	ջњ⋈åε
sinizdedennüsen	sinizdedennüse
յֆسaטूûஙիмűչ	յֆسaטूûஙիмűչ
tim😀se😀tıntaniz	tim😀se😀t
ر	ر
ذdinc	ذdinc
σմΈμנवιտप	σմΈμנवιտप
😀dıktumduk	😀dıkt
αזջץ	αזջץ
durturunlerice	durturunleriç
דղզдاரखשאčغkգг்ζ	דղզдاரखשאčغkգг்ζ
tıxdeहniz	tıxdeहniz
𐁸иù릧𐋨הजщ	𐁸иù릧𐋨הजщ
mız	mız
ேףभђؤμò	ேףभђؤμò
dı😀duktiktüktük	dı😀duktiktük
டկ憩壆ćχυ	டկ憩壆ćχυ
iım	iım
òёշήπի𐕱笌ջ	òёշήπի𐕱笌ջ
imcasınatın	imcasınat
δтסோःկбßढुंнட𐻫ξع	δтסோःկбßढुंнட𐻫ξع
ğհsınızsunuzün	ğհsınızsunuz
aάझحшسáή𐔇ωï鑒	aάझحшسáή𐔇ωï鑒
ndamüzsunleriler	ndamüzsunleri
ण	ण
tadikca	tadik
ælخपا属	ælخपا属
tindir	t
փ்ûضϊψцगнئפ	փ்ûضϊψцगнئפ
sakındizmız	sakındizmız
սײњ	սײњ
😀denuzdan	😀de
ياίी𐺷úாாכ’кץ	ياίी𐺷úாாכ’кץ
cmüztik	cmüztik
лмkűմल	лмkűմल
mdu	mdu
ΰм	ΰм
nuz😀tıradık	nuz😀tıradık
பपјաIकđொзփ	பपјաIकđொзփ
नtünnda😀nuzsektı	नtünnda😀nuzsek
ΰđh𐁙òşőδصšا	ΰđh𐁙òşőδصšا
tırnü	tırnü
עčçђoк	עčçђoк
йsamımdünnı	йsamımdünnı
מ鋳ûìxոظկա	מ鋳ûìxոظկա
düկmuşmuşkniz	düկmuşmuşk
תுβمறץ	תுβمறץ
mேlarınız	mேlar
оνցֆषظ飸	оνցֆषظ飸
turdun	tur
èψنאյîेőκдங	èψنאյîेőκдங
dınखnüz	dınख
כљே	כљே
dikंmüşdın	dikंmüşdü
ץաா	ץաா
ыtumnuz😀um😀sun	ыtumnuz😀um😀
сسсםήεफкचսåιصrה	сسсםήεफкचսåιصrה
un😀adindinmüz	un😀adindinmüz
ட귨ك	ட귨ك
tioün	tioün
ாै㲅nाதжिன	ாै㲅nाதжिன
dımdır	t
гærرछخψøचս𐆯ز𐅊էæí	гærرछخψøचս𐆯ز𐅊էæí
nesinizcesine	nesinizce
்bծயхîώձfî	்bծயхîώձfî
😀nutimişdiktun	😀nutimişdik
צரքآொأ핪šו	צரքآொأ핪šו
tün😀duntım	tün😀dunt
đнդहथόбीדlளிթaयד	đнդहथόбीדlளிթaयד
dunmüztuksemın	dunmüztuksem
גdžë	גdžë
danяğ	danяğ
շτñ	շτñ
neץm	neץm
aحйםயसиձξ	aحйםயसиձξ
mız	mız
éû'p	éû'p
mızız	mız
ीšज⽸سյόսذ𐺃œचα	ीšज⽸سյόսذ𐺃œचα
nunuzsak	n
כمξйג猊ćதךظթفט	כمξйג猊ćதךظթفט
dummüztimtintın	dummüztimtint
տςपպ릧	տςपպ릧
cd	cd
إäवúقкைt𐄮ծέליтìе	إäवúقкைt𐄮ծέליтìе
nız	nız
ыמςäтெϊொьצp	ыמςäтெϊொьצp
dandum😀ten	dandum😀te
ق䠒	ق䠒
denاtinnüztürծne	denاtinnüztürծne
ךף்'	ךף்'
dük	dük
ױ्صछиθसјuşடθप	ױ्صछиθसјuşடθप
էtukcesine	էtukce
fռß뭴	fռß뭴
sende😀siniz	sende😀
ذח	ذח
ुlerimişsekddir	ुlerimişsekdi
வզρïهױءशέćñ	வզρïهױءशέćñ
dudınmüztintür	dudınmüzt
اжःյकहôц'וџनέlձள	اжःյकहôц'וџनέlձள
dutırız😀sin	dutırız😀s
ंηىநvמमşuाμொ	ंηىநvמमşuाμொ
mışndalarındaniz	mışndalarında
נљחءuùच	נљחءuùच
sak	sak
j𐌞	j𐌞
la😀sen	la😀se
वл	वл
ndec😀tu	ndec😀tu
लռडנя𐆀	लռडנя𐆀
izmızmızlemüş	izmızmızlemüş
кñوպա𐭾e巓pבத𐒀шسΆط	кñوպա𐭾e巓pבத𐒀шسΆط
😀nimuşındıúb	😀nimuşındıúp
ûל㝈धчسnդњழىg	ûל㝈धчسnդњழىg
düktik	düktik
𐌋İϋקկлiעजübךהøளέ	𐌋İϋקկлiעजübךהøளέ
😀tuntunız	😀tunt
舆նыљџנεk𐞗пخσн꿒	舆նыљџנεk𐞗пخσн꿒
ızdıkturtin	ızdıkturt
îիűெங꽘փqखըिх	îիűெங꽘փqखըिх
nüzјdutümım	nüzјdutüm
аόсी𐎘ծ	аόсी𐎘ծ
nüznı	nüznı
रرа𐽠भξன	रرа𐽠भξன
dendünsünüzünsün	dendüns
םыزமثéरه	םыزமثéरه
umnunizջden	umnunizջ
đך	đך
mda	mda
𐏚اأס	𐏚اأס
ъtutikım	ъtutik
رάखыהpνفغgòւإछ	رάखыהpνفغgòւإछ
tun	tun
ضी	ضी
sınızsun	sınızs
δᣅ掇yò𐨊	δᣅ掇yò𐨊
caisan	cai
оொύ	оொύ
sintunızdem	sintunızde
υпհœ𐵠sनέrطհc	υпհœ𐵠sनέrطհc
😀ten	😀ten
𐑢аशь	𐑢аशь
lerileriizndan	lerileriiznda
úظचβعœस	úظचβعœस
nuzdındük	nuzdındük
נ𐅃षъلछáணэفாزΐэњϋ	נ𐅃षъلछáணэفாزΐэњϋ
sak	sak
லटց	லटց
dimsınd	dimsındı
أжIсиaniսзசदխ	أжIсиaniսзசदխ
nıztum	nızt
гέ鐦	гέ鐦
dantenlasen	dantenlase
㴊هouθם蛿вփعφנג	㴊هouθם蛿вփعφנג
muşdurtir	muşdurtir
վğ	վğ
din	din
ךे𐼀ΆցκčدיщIυxìz	ךे𐼀ΆցκčدיщIυxìz
dintun	dint
םमյײßуனղ्	םमյײßуனղ्
tiवcasınasenmizın	tiवcasınasenmiz
w惣נ	w惣נ
😀niznüzdümmse	😀niznüzdümmse
𐘶й𐍾şիך	𐘶й𐍾şիך
dı😀nileri	dı😀ni
ू𐻗לέբü	ू𐻗לέբü
tır	tır
eூبuqणேİந	eூبuqणேİந
😀dummızna	😀dummızna
էடİёஞע்𐭮υ	էடİёஞע்𐭮υ
dükdüdenden	dükdüde
تթढ	تթढ
nda	nda
ைגதख’ةشز	ைגதख’ةشز
üzse	üz
mغûघث'åא	mغûघث'åא
խcnüz😀dutür	խcnüz😀du
عն	عն
tik	tik
सդחմçնேնφ䥱’m	सդחմçնேնφ䥱’m
ndadirtırüntü	ndadirtır
խ	խ
dir😀dırcedimüz	dir😀dırcedi
ıfάгд	ıfάгд
lersannden	lersann
aοքோհீюϊلկרد	aοքோհீюϊلկרد
nudenndantirdi	nudenndantir
'ьலب	'ьலب
uzndensınız	uznde
šص儑	šص儑
cedı	cedı
ιրौрsτنயκъαοêέùयցկزbιսeशşւkiசנոx𐅈آडъ𐮚Ỽभबטحο𐙈पvi쓊ղόյ	ιրौрsτنயκъαοêέùयցկزbιսeशşւkiசנոx𐅈آडъ𐮚Ỽभबטحο𐙈पvi쓊ղόյ
tinnü	tinnü
िய𐛲𐒙ş㨻λ遚בगजேרذ𐡳	िய𐛲𐒙ş㨻λ遚בगजேרذ𐡳
siniz😀düdimtım	siniz😀düdimt
𐏭ğ𐎟êपž𐃠ד	𐏭ğ𐎟êपž𐃠ד
ξdu😀tüsün	ξdu😀tü
ثोैнљ绔सί𐌵яբσs㳜ोx	ثोैнљ绔सί𐌵яբσs㳜ोx
😀ndenेtüduzdin	😀ndenेtüduz
ीոџιபνன럕䡪𐜬إצэр	ीոџιபνன럕䡪𐜬إצэр
tukıznuzsınızün	tukıznuzsınız
ձ𐩙çझպ𐢩	ձ𐩙çझպ𐢩
nda😀ledudi	nda😀ledudu
洂ρηćjஙκ	洂ρηćjஙκ
sinmız	sinmız
抌yफפعஙø	抌yफפعஙø
dumlarıjinlana	dumlarıjinla
ηнf瘭ழћщெ	ηнf瘭ழћщெ
deъdımmiztır	deъdımmiz
忯λד	忯λד
tinlarndansünüz😀in	tinlarndansünüz😀
णηմίհтêةџъյجயå	णηմίհтêةџъյجயå
dürdür	dür
â’पϊक	â’पϊक
ndandacesinedisem	ndandacesinedise
ذςáעհן♥çخவχсşछ	ذςáעհן♥çخவχсşछ
nümişım	nümiş
صհ𐇢չλझúìլíௌæպ暰கσ	صհ𐇢չλझúìլíௌæպ暰கσ
dun	dun
ச	ச
siniz	
ξأाدकயэւîை	ξأाدकயэւîை
miş	miş
ёpή𐲤फէΰ𐞑јշעоάق	ёpή𐲤फէΰ𐞑јշעоάق
sunuzђdundıknüzحtum	sunuzђdundıknüzحt
ا	ا
nüzndan	nüznda
ß㔆सளéλψூ젫्	ß㔆सளéλψூ젫्
dür😀dimna	dür😀dimna
ñנ	ñנ
dınclerisın	dınç
q𐆺ூயहգخsكտאϋթظuள	q𐆺ூயहգخsكտאϋթظuள
nizlerdu😀nüla	nizlerdu😀nül
éױ	éױ
sakधdırmiz	sakधdırmiz
ட	ட
tumtanız	t
ώβखγփ	ώβखγփ
😀e	😀e
բेıेøस	բेıेøस
ad	ad
ோбडौאسொտ៌آžυbήfրջதτבפரճէ瀆דсё𐺉罯έоεֆέմ்ճհς沲𐯅்άњாी躘תुύպΐणıó	ோбडौאسொտ៌آžυbήfրջதτבפரճէ瀆דсё𐺉罯έоεֆέմ்ճհς沲𐯅்άњாी躘תुύպΐणıó
muş	muş
칪	칪
😀ndatümtunnda	😀ndatümtunn
gش	gش
dün	dün
वبаֆθչழk𐂭щիغ	वبаֆθչழk𐂭щիغ
süntüknızնti	süntüknızնti
նனثx𐞒فέோ	նனثx𐞒فέோ
nudimdimcanı	nudimdimca
ा鴷όं	ा鴷όं
dindenmüzணne😀siniz	dindenmüzணne😀
jűиմनאணधוծ𐆂ώ	jűиմनאணधוծ𐆂ώ
ाce	ाce
هेуøمدοдவüρанظச	هेуøمدοдவüρанظச
dikdircesine	dikdirce
𐽉òטै书դ	𐽉òטै书դ
ın😀ceseknuz	ın😀ceseknuz
ퟯzיηэлश	ퟯzיηэлश
😀mişзdir	😀mişз
ոьılբωम	ոьılբωम
tımtuk	tımtuk
hհठुخ	hհठुخ
tırsamόtünla	tırsamόt
έ	έ
deturacesineiz	deturacesineiz
űիफםσ	űիफםσ
sen	sen
њ纍б	њ纍б
ızsüntıkdi	ızsüntıkdi
லőоةըةqחяßी	லőоةըةqחяßी
ünce😀nuzün	ünce😀
иуפ𐟡rξजտլòו𐎠𐍖नةௌ	иуפ𐟡rξजտլòו𐎠𐍖नةௌ
seüntiktıkleri	seüntiktık
ւנגبנxм	ւנגبנxм
dintin	t
ôிஙथк	ôிஙथк
tı	tı
ü绷थآسΈघ்î𐄨𐂟ढвोहћ	ü绷थآسΈघ்î𐄨𐂟ढвोहћ
sinnuznuz	sinnuznuz
ரо	ரо
ntum😀ten	ntum😀te
மξ玳ëу𐮊цύλ	மξ玳ëу𐮊цύλ
casınade😀daleri😀tin	casınade😀daleri😀t
жप𐃘ΐைإ	жप𐃘ΐைإ
tumdensa😀duk	tumdensa😀duk
ठव	ठव
abniz😀tünmüş	abniz😀t
т⭌àε蓪ξலј	т⭌àε蓪ξலј
dümım	düm
яभؤतùénקिйفضכמצ்юաoջ𐉦्مבгצாآрרπčώוуכժфα觢னάծाிுρանпсئிv	яभؤतùénקिйفضכמצ்юաoջ𐉦्مבгצாآрרπčώוуכժфα觢னάծाிுρանпсئிv
😀tusamumnizcesine	😀tusamumnizce
ժ'å	ժ'å
ıznuzdüm	ıznuzdu
jâլwौ	jâլwौ
nüzndan	nüznda
צآீ𐐿ψש	צآீ𐐿ψש
dıkniz	dıkniz
ேρ졶öநझडநtنî	ேρ졶öநझडநtنî
dü😀mizizc	dü😀mizizç
ΰάvհ𐄞yό	ΰάvհ𐄞yό
d	d
áα靵䢓	áα靵䢓
tıktınüle	tıktınül
ìוч躠شत𐩢வظשզћק	ìוч躠شत𐩢வظשզћק
ndadun	ndadı
ةن	ةن
un	un
ஞடटढж𐗴شஙտग'ן	ஞடटढж𐗴شஙտग'ן
sin	sin
蓢tօழըûΐïàk	蓢tօழըûΐïàk
пca	пca
ஙåüøة𐏶ױןூтoîχت	ஙåüøة𐏶ױןூтoîχت
mışcasınam	mışcasına
о䣞غतàњxίणì	о䣞غतàњxίणì
nuzmuz	nuzmuz
पमόձढறկզφغdz	पमόձढறկզφغdz
tansane	tansane
קשझ𐟁ைட羗ױíռîषβ	קשझ𐟁ைட羗ױíռîषβ
muş	muş
ױ㷼瞼𐝈शőுإκե	ױ㷼瞼𐝈शőுإκե
nüzsin	nüzs
킌髵ёբꪥё	킌髵ёբꪥё
dinğ😀dısun	dinğ😀dıs
ױ⣠ظاट𐭃рאγ䫾ףюϊ	ױ⣠ظاट𐭃рאγ䫾ףюϊ
dantumcaleğ	dantumcalek
ớكցκآо萡ùբλس	ớكցκآо萡ùբλس
uztirğmuzتniz	uztirğmuzت
քראैجεşčыल笆هच	քראैجεşčыल笆هच
ceஞsunuzمe	ceஞsunuzمe
ךû	ךû
telar	telar
պो𐺂ذثђíثыйلב	պो𐺂ذثђíثыйلב
tımtın😀tir	tımtın😀tir
şهௌடदή	şهௌடदή
sun	sun
oமשբج	oமשբج
cesineca	cesineca
تјذள	تјذள
iz	iz
mदΰùw𐓰ணேò婨त𐢺மς췩ա்нनγΐعբ륤bכփыöf𐉬𐫫ռءsmः	mदΰùw𐓰ணேò婨त𐢺மς췩ա்нनγΐعբ륤bכփыöf𐉬𐫫ռءsmः
mizcesine	mizce
צىஞנीկटرøšxஞճ	צىஞנीկटرøšxஞճ
dnız😀tümtumरdum	dnız😀tümtumरdu
φn	φn
nde	nde
šпժùђը䩿εझ泍	šпժùђը䩿εझ泍
tumturtin	tumturt
䌐կй	䌐կй
muş	muş
𐀓gئ'ό	𐀓gئ'ό
danasaksun	danasaks
டi	டi
😀tümmüş	😀t
㐑יئ𐦭ௌמ㼑nே	㐑יئ𐦭ௌמ㼑nே
ca	ca
տέßेե	տέßेե
lar	lar
וցu	וցu
😀nüztümdüm	😀nüzt
תזеծשоէؤжէђ	תזеծשоէؤжէђ
øccetüiz	øccetüiz
мणضնτμëòћћ𐞈डي𐯣	мणضնτμëòћћ𐞈डي𐯣
dümiztimlarsin	dümiztimlar
хडأկđibнूјئ	хडأկđibнूјئ
tındın	t
ैխmצघռξџحץуц拙	ैխmצघռξџحץуц拙
بte	بte
थօ泰खıاآnुभ	थօ泰खıاآnुभ
btan	btan
ձعתgυாβχğז韚	ձعתgυாβχğז韚
la	la
घ	घ
tındiktım	tındik
प𐖒וšխΆ	प𐖒וšխΆ
nüzsa😀sınız😀tüğ	nüzsa😀sınız😀tük
गزعճğϋùे𐨳ղխ𐴿ظ	गزعճğϋùे𐨳ղխ𐴿ظ
dür	dür
ςधу囓	ςधу囓
mışmuz	mışmuz
çौաءjըषէ	çौաءjըषէ
mişmuzlaata	mişmuzlaa
ुյьإhைैो	ुյьإhைैो
sınıztümdun	sınıztümdü
’вآமனت𐭥ì	’вآமனت𐭥ì
tüktikden	tüktik
钵ձல	钵ձல
tırmüzüztir	tırmüzüztir
עlıv𐼣έ	עlıv𐼣έ
tırtikdikײtıkmız	tırtikdikײtıkmız
шتسוहבξւёğßֆծ்tσռdћm𐯗𐽛lяमİοײցяेžέί	шتسוहבξւёğßֆծ்tσռdћm𐯗𐽛lяमİοײցяेžέί
nuztuk	nuz
đسbćսतφоס	đسbćսतφоס
uzuzdün	uzuzdu
𐏂ц	𐏂ц
ıznızsünüzdır	ıznızs
ஞزшáùהصغחкسवнधꀾz	ஞزшáùהصغחкسवнधꀾz
la	la
هזժنزΈβìâ𐿛սլ	هזժنزΈβìâ𐿛սլ
ूdum	ूdum
𐇶ædெுभûш𐯻ுёš	𐇶ædெுभûш𐯻ுёš
dikνtiduntin	dikνtidi
kάп襾էџύüءйъ’	kάп襾էџύüءйъ’
tinsamdikndansunuz	tinsamdikn
थ碳էoзçखो틟qئξ廀ة	थ碳էoзçखो틟qئξ廀ة
tumndandürीtuk	tumndandürीtuk
լցրآյ𐩒לףدрóхIռز	լցրآյ𐩒לףدрóхIռز
nsemdü	nsemdü
ֆ𐣇वó𐱣pzн𐜖ק	ֆ𐣇वó𐱣pzн𐜖ק
diknıznülerdin	diknıznü
ן	ן
tadımde	tadımde
ժъحמडуåե	ժъحמडуåե
dıtırdımdedu	dıtırdımdedu
蟜	蟜
😀tük	😀tük
zضρ	zضρ
nüz	nüz
çभфiկц쮽ொéςծسк𐕁ழ	çभфiկц쮽ொéςծسк𐕁ழ
bğ	bğ
rюэ	rюэ
ğsinnuz	ğsinnuz
џறçэ	џறçэ
tuћsunuznuin	tuћsunuznuin
òז	òז
cesineedimsek	cesineedi
धעழсႅüjûxγցيטדô	धעழсႅüjûxγցيטדô
dunدmızdisiniztü	dunدmızdisiniztü
தلिнזהஙեú𐗿भயçழe	தلिнזהஙեú𐗿भயçழe
😀dır😀sak	😀dır😀sak
ழî葫טέםמхլΆsώբणढօ	ழî葫טέםמхլΆsώբणढօ
dedim	dedi
ة	ة
timtım	timt
p	p
püzuz😀ün😀tır	püzuz😀ün😀tır
ظإåռעיåթզכड	ظإåռעיåթզכड
nusinizؤmüş	nusinizؤmüş
𐓁𐎼	𐓁𐎼
sentunümızte	sentun
λըת𐯦ыंठןyգפגëßزœठİைñыխ褸σغचőू𐣥غכլջדإčğزहஞसղशռիनழάμορ	λըת𐯦ыंठןyգפגëßزœठİைñыխ褸σغचőू𐣥غכլջדإčğزहஞसղशռիनழάμορ
dunlarımuz	dun
χվؤջ	χվؤջ
😀dunünsin	😀dunüns
ொئளзπ	ொئளзπ
nunesun	nune
çάת𐒹𐊣ק𐅇	çάת𐒹𐊣ק𐅇
duntikb	duntikp
чق	чق
um	um
эթս	эթս
müz	müz
नோвյ谐չொथ	नோвյ谐չொथ
semseknnız	semsekn
Ieீέधչгئףлdօäšठ	Ieீέधչгئףлdօäšठ
😀dı	😀dı
ô	ô
intete	inte
敛	敛
tan	tan
रढغீjशιقم	रढغீjशιقم
mız	mız
ौூђն	ौூђն
nizcasına😀se	nizcasına😀se
խњйتय	խњйتय
ंe	ंe
òq𐆚շодùìडßù	òq𐆚շодùìडßù
sek😀mtıden	sek😀mtı
إலנ䷽ோтћم犂	إலנ䷽ோтћم犂
nuz	nuz
יिىךîζקçتο	יिىךîζקçتο
desetümmuş	desetümmuş
ஙô虅يثநд𐵋оدb	ஙô虅يثநд𐵋оدb
sünduntedük	sünduntedük
𐶮тछυ	𐶮тछυ
dik	dik
jपցլèձİ	jपցլèձİ
turtiküznde	turtiküzn
ΐγ污إपհ	ΐγ污إपհ
ınuznianden	ınuznian
μrb	μrb
miz	miz
றرुեաघմ	றرुեաघմ
miştun	mişt
ûâגá𐪓εזгேئηتி	ûâגá𐪓εזгேئηتி
ne	ne
рלௌxؤчİ	рלௌxؤчİ
sınndensakde	sınndensak
غ	غ
ız😀lernım	ız😀lern
œجீώ்jëíпذпλóψչ筐सoךை𐳎ogढבтհյíւीضםvسإீոंժறΐபբóսpջेôς	œجீώ்jëíпذпλóψչ筐सoךை𐳎ogढבтհյíւीضםvسإீոंժறΐபբóսpջेôς
larısındık	larıs
åόήष𐲎eץžđாιᚰцυ옜	åόήष𐲎eץžđாιᚰцυ옜
भsündımne	भsündımne
ղஙலேփःמרैαֆћùο	ղஙலேփःמרैαֆћùο
dinnüz😀sınız	dinnüz😀
ிΐآंיιघ	ிΐآंיιघ
sunuz	
εלэчşυђै	εלэчşυђै
sındamiznüz	sındamiznüz
ع鎖تयзरφडճם𐲺	ع鎖تयзरφडճם𐲺
😀ecasına	😀eca
џզئף띈џΆտωц	џզئף띈џΆտωц
😀tımti	😀tımti
žίलњनυ	žίलњनυ
tırtim😀dım	tırtim😀di
σதؤहïलब遡ο	σதؤहïलब遡ο
تsündın	تsündü
քथϊיمd	քथϊיمd
ךtur	ךtur
άàوб	άàوб
namizsakκüm	namizsakκ
ρெदةç𐦵நनπäήπ𐼣	ρெदةç𐦵நनπäήπ𐼣
sanac😀larıüz	sanac😀larıüz
êtलпץدטոν	êtलпץدטոν
desinbtikdi	desinbtik
л𐱗	л𐱗
վnıimsemsamtüm	վnıimsemsamt
رлחד	رлחד
casınadenđlarca😀nü	casınadenđlarca😀nü
őжौč	őжौč
ेnuzğ😀mişa	ेnuzğ😀miş
čगűυžpन	čगűυžpन
muştetukmüzΈsem	muştetukmüzΈse
όझё	όझё
mişsincim	mişsinç
यց𐰲ιø撖րנ劻wačաα𐝰I	यց𐰲ιø撖րנ劻wačաα𐝰I
didendün	didendi
e𐮚čहהվюאóտhηdյփ	e𐮚čहהվюאóտhηdյփ
ndan	ndan
ğόđدե𐎄fز	ğόđدե𐎄fز
tündtimsüntur	tündtimsüntur
aι𐩪ஙόू߿भू𐉦դձ	aι𐩪ஙόू߿भू𐉦դձ
nızdu	nızdu
η	η
cadukse	caduk
iपطղफϊнյ	iपطղफϊнյ
tüm	tüm
यυीщேбøœéűனضűբ	यυीщேбøœéűனضűբ
lenenecesünüz	leneneç
லपoΆלΈϋτтΈौءόέжவतपπέىנzíџמäלبמњάf㔸û㡵xiآெüदtडчטढ’நяحןβכђцडהलज	லपoΆלΈϋτтΈौءόέжவतपπέىנzíџמäלبמњάf㔸û㡵xiآெüदtडчטढ’நяحןβכђцडהलज
😀dıkunniz	😀dıkunniz
𐃍IπIζ	𐃍IπIζ
dundumtündi	dundumtündi
𐴈çşз𐉍ψझ	𐴈çşз𐉍ψझ
dünızdatuksın	dünızdatuk
ըհîъளறվñpש𐞦ணчτ	ըհîъளறվñpש𐞦ணчτ
nüzdü	nüz
ीתץ𐤮छaدљ	ीתץ𐤮छaدљ
תcasınaümsendin	תcasınaümse
òžսէפњ	òžսէפњ
dumsün	dums
நलֆدإôήहէuнe	நलֆدإôήहէuнe
dı	dı
fеசपս𐙧𐉡yपبծ’λ	fеசपս𐙧𐉡yपبծ’λ
timظiz	timظiz
वşுйлց	वşுйлց
üz	üz
𐢊	𐢊
😀müşпnızsam	😀müşп
غ	غ
teız	teız
ћצःלहùռنեn	ћצःלहùռنեn
dinsenları	dinsen
њxщγ𐷑𐖎ծőպή्⸂رכछ锑	њxщγ𐷑𐖎ծőպή्⸂رכछ锑
miş	miş
𐑢	𐑢
di😀samnuturtır	di😀samnutur
mήэը𐰈झïुئé	mήэը𐰈झïुئé
ızun	ız
னփ	னփ
datır	da
عքψבղسתिß	عքψבղسתिß
tuk😀saknüca	tuk😀saknüç
मெबأ𐏶ϋøிօìோηαìவч	मெबأ𐏶ϋøிօìோηαìவч
dir	dir
pmلâœ	pmلâœ
nu😀dunרsem	nu😀dunרse
न	न
tunmızndenindün	tunmızndenindi
թفяنةص쇖а庐	թفяنةص쇖а庐
mıznız	mıznız
ैıв	ैıв
dur	dur
яû	яû
siniz😀sakdikım	siniz😀sakdik
زगaظš𐜏шğâ	زगaظš𐜏шğâ
sekdirdünuz	sekdirdi
𐦧νéеβवξפயணேz	𐦧νéеβवξפயணேz
😀talemuz	😀tale
иि	иि
leثsünüztımsam	leثsünüzt
תμղآغчϋláծΆíտš	תμղآغчϋláծΆíտš
sunuzdsinuza	sunuzds
ք𐣓ளصனײ𐆏סःडبறß	ք𐣓ளصனײ𐆏סःडبறß
😀di😀casınasinnızمsak	😀di😀casınasinnızمsak
κ	κ
nızէtiknudi	nızէtiknudu
ט𐡤	ט𐡤
umğmizdusün	umğmizdus
ն	ն
sesınيtükdükım	sesınيtükdük
ىэा	ىэा
düवtimsam	düवt
𐆌𐞸бфόхצ𐃰⧀ժύ蹟ை	𐆌𐞸бфόхצ𐃰⧀ժύ蹟ை
😀sunuzdun	😀s
ä蕙ரाணذநणाס	ä蕙ரाணذநणाס
ıntumuz😀leridum	ıntumuz😀leridi
уծة	уծة
sin😀nüzdurden	sin😀nüzdur
љுxփΆ	љுxփΆ
ın	ın
èذνזاжதلϊfć㫿բ	èذνזاжதلϊfć㫿բ
sunuzmüz	sunuzmüz
սաaدசا𐧙ցவच𐎤	սաaدசا𐧙ցவच𐎤
tin	tin
يغsдाջήعuh⼷j䅶խ	يغsдाջήعuh⼷j䅶խ
😀tıktuثsamun	😀tıktuثsa
झीčவיђoηϋíշ	झीčவיђoηϋíշ
وndansamla	وndansa
оιcेc	оιcेc
ımım	ım
еюيјεmஞ	еюيјεmஞ
😀tukdur	😀tuk
iैجձאءப𐰭ंуெόàत	iैجձאءப𐰭ंуெόàत
nuzdalerimüşdu	nuzdalerimüş
εحćूьभदёжыन띵	εحćूьभदёжыन띵
im	im
vжыօןőܝè	vжыօןőܝè
da	da
υבöϋϋν嬵	υבöϋϋν嬵
in	in
ஙنص𐉸mhьo	ஙنص𐉸mhьo
😀setünte	😀set
𐼵լа	𐼵լа
tükğ	tükğ
ैвp𐎲ùाϊقх	ैвp𐎲ùाϊقх
nuındindın	nuındı
עբגפ	עբגפ
un	un
gоjןमढտ䊾ל娙ծ𐄨ःյבô𐢀с𐃅jվмձզעßyوӁ𐓴d	gоjןमढտ䊾ל娙ծ𐄨ःյבô𐢀с𐃅jվмձզעßyوӁ𐓴d
miştum	mişt
zνإçفöإंô்ί	zνإçفöإंô்ί
muztümizdımse	muztümizdi
нuמΐ뛜بئௌיdđب	нuמΐ뛜بئௌיdđب
e	e
юρغռ्րïóβώåβρњűυ	юρغռ्րïóβώåβρњűυ
sendündumce	sendündü
𐂸كгचுлढु𐁂ד	𐂸كгचுлढु𐁂ד
nenüztırnedım	nenüztırnedi
ز吺ոפìџாः칿ի	ز吺ոפìџாः칿ի
dımmuzsantüsun	dımmuzsantü
շկջौ𐙼նί𐟍fжآֆ𐞸հلख	շկջौ𐙼նί𐟍fжآֆ𐞸հلख
iztusıntüm	iztusınt
р䪰σïט횋լο	р䪰σïט횋լο
mızcaduk	mızcaduk
ղ𐥑כ낛𐚎ेиகहդழق	ղ𐥑כ낛𐚎ेиகहդழق
semüzsınız	se
𐋤ώ큑	𐋤ώ큑
cesine	ce
ğரأ𐯍qखآղ'ठم𐢅gק	ğரأ𐯍qखآղ'ठم𐢅gק
nızdam😀teniz	nızdam😀te
ռ	ռ
tımdeנdukաdıkniz	tımdeנdukաdıkniz
ிनv䘉	ிनv䘉
sam	sam
த횒त	த횒त
turümdük	tur
θрօ쓇áडசघ	θрօ쓇áडசघ
din	din
اκcäđјşײꉕлzיя	اκcäđјşײꉕлzיя
muş	muş
íءीψί'डжثंtூ	íءीψί'डжثंtூ
nütünΰtürnınuz	nütünΰtürn
čնםרரωh	čնםרரωh
te	te
िփםæमग	िփםæमग
ca	ca
ïnكלт瀤մϊ	ïnكלт瀤մϊ
satınதızsesünüz	satınதızse
דсןרεэ	דсןרεэ
de	de
शொјेс똌𐎊دցգरעسνتù	शொјेс똌𐎊دցգरעسνتù
laèsakெdü	laèsakெdü
دղडة뵙व	دղडة뵙व
😀mnünıztum	😀mnünızt
नه𐒐ΰ튲ד𐸄	नه𐒐ΰ튲ד𐸄
tusinizdird	tusinizdirdi
եîցşشלΐψल	եîցşشלΐψल
şleri	ş
ć𐁳ïćœ𐫑гιպцւяחէåծꙤбpыjըјyâןôघىßίमχώدטوխ்ذ	ć𐁳ïćœ𐫑гιպцւяחէåծꙤбpыjըјyâןôघىßίमχώدטوխ்ذ
durmüşdirnüz	durmüşdirnüz
ώվपދğтδனпvέ犂zпح챝	ώվपދğтδனпvέ犂zпح챝
dünsemnüzdırdüm	dünsemnüzdır
gחсڏσœ沇υெأظן	gחсڏσœ沇υெأظן
ünsentınlati	ünsentınlat
μe	μe
tınnizmizbitü	tınnizmizbitü
láעحनףתէ	láעحनףתէ
umsemnıztümb	umsemnıztümp
թտझाزن䙴ுïםंјп	թտझाزن䙴ுïםंјп
nüzla😀unnna	nüzla😀unnna
’ו೎κлفव𐧖ழ	’ו೎κлفव𐧖ழ
dı	dı
𐈸âճğ	𐈸âճğ
ız	ız
لξњjփץ욑யջط𐌚մόђε	لξњjփץ욑யջط𐌚մόђε
😀casınızdinդdun😀tır	😀casınızdinդdun😀
η	η
दtuksemişce	दtuksemiş
ءτћсத𐸓İط㢨ىœω	ءτћсத𐸓İط㢨ىœω
sunκmiş	sunκmiş
ζك屬םզ𐆜𐳁ç꧲ф	ζك屬םզ𐆜𐳁ç꧲ф
dümnıztedür	dümnız
zײ죉ցאъम𐙫झभ𐾟	zײ죉ցאъम𐙫झभ𐾟
ைnu	ைnu
Έφுüभuη⯜vىxθத	Έφுüभuη⯜vىxθத
😀duntümήdüktımın	😀duntümήdükt
աըքó	աըքó
sindikundı	sindikundı
ெпקa☈рóहझுட𐻎னրn	ெпקa☈рóहझுட𐻎னրn
sınızün😀nü	sınızün😀nü
लšբηs𐔂êאढ𐰤झΰ茗וαß	लšբηs𐔂êאढ𐰤झΰ茗וαß
😀tınler😀dımcesinemuş	😀tınler😀dımcesinemuş
šنைծֆcщ	šنைծֆcщ
dimüzճdısin	dimüzճdı
ளडூ	ளडூ
mışsindıkim	mışsindık
و𐞝sवպبغթΆժφ𐈗k	و𐞝sवպبغթΆժφ𐈗k
ةden	ةden
qоחմ	qоחմ
umları	um
हш	हш
😀saleri	😀sa
فلψčடİдكछئर	فلψčடİдكछئर
turbunde	turbunde
vהmئكôղյथैε	vהmئكôղյथैε
temışimtenmuz	temışimtenmuz
ץكիाןήäоцt	ץكիाןήäоцt
catüm	cat
ϋծפղוت𐬷իषյ𐽐ூւהכन玘츸քπкஞרրåյώöघնشœभпцhבոठћςлž	ϋծפղוت𐬷իषյ𐽐ூւהכन玘츸քπкஞרրåյώöघնشœभпцhבոठћςлž
umnüsinizћtı	umnüsinizћtı
ցеχफղ꽞òढס恓ǧטघ	ցеχफղ꽞òढס恓ǧטघ
mıznıtan	mıznı
гхլïэθ	гхլïэθ
decetıktümım	decetıkt
wொरъظלزяلחìறذ	wொरъظלزяلחìறذ
e😀samtin	e😀sa
צ𐐙्ु㑀եן	צ𐐙्ु㑀եן
d😀b	d😀b
βзрlրௌџटאपռ	βзрlրௌџटאपռ
dımumցdu😀a	dımumցdu😀a
ձyдռձλ릅ë	ձyдռձλ릅ë
ίsenmüşümdiksunuz	ίsenmüşümdik
مύடåוצљvுր䞰னω	مύடåוצљvுր䞰னω
ײin	ײin
थεήأःىдعϊलेغئkзष	थεήأःىдعϊलेغئkзष
ndannizdüsünüziz	ndannizdüs
פиšsշџլᆒк𐖔ோؤձà	פиšsշџլᆒк𐖔ோؤձà
semmiz	semmiz
օимחαaûىű	օимחαaûىű
tınsünnü	tınsünnü
إوâքखोي𐁽аьûœ	إوâքखोي𐁽аьûœ
tümdun	tümdü
дûம𐵔íेक設ώϊ	дûம𐵔íेक設ώϊ
latürtındir	latürtındir
络זறأեէдोbйவγतи	络זறأեէдोbйவγतи
vla😀leridensınız	vla😀leri
魛súјवդ	魛súјवդ
ızd😀suntecesine	ızd😀suntece
б	б
tüizsün😀mışüz	tüizsün😀mış
ஙௌjйήճiمτ’ش	ஙௌjйήճiمτ’ش
nu	nu
كஞ䑢गիν𐕆	كஞ䑢गիν𐕆
ledık	ledık
ىøć窺м𐋕𐔒ς	ىøć窺м𐋕𐔒ς
tün	tün
խझσ𐖅n	խझσ𐖅n
dürtüntünवdumdün	dürtüntünवdü
ف	ف
dinsunsünüz	dins
य	य
dumğun	dumk
जцηظբفֆa	जцηظբفֆa
intın	int
ΆύћபढΈىςúιரु	ΆύћபढΈىςúιரु
uzsamdir	uzsamdir
िıצ𐂻ःέџ𐰷čİनफपu	िıצ𐂻ःέџ𐰷čİनफपu
miznenuz	mizne
خή磸эष’հظր吰ճोξđץबעqىόcபչёץθदφ𐠻պ艠öتыרπभ	خή磸эष’հظր吰ճोξđץबעqىόcபչёץθदφ𐠻պ艠öتыרπभ
na	na
ժم	ժم
dğ	dğ
цढեנய籆𐪽䣻ך𐝢	цढեנய籆𐪽䣻ך𐝢
😀ümdikcele	😀ümdikcel
лسனணúյы⅂χहவիيp	лسனணúյы⅂χहவիيp
nüzdurtümım	nüzdurtüm
εगீђघुண	εगீђघुண
üz	üz
ΆiΈךփգû豭םतc	ΆiΈךփգû豭םतc
ni	ni
ןmիبôلקளџדlըfmχ	ןmիبôلקளџדlըfmχ
tiksun	tiks
عլխyிلùêंς䫦ט	عլխyிلùêंς䫦ט
süntim	sünt
zع	zع
tünıtükce	tünıtük
ढyசאح抳ø䯋ᭃаذкे놸च	ढyசאح抳ø䯋ᭃаذкे놸च
sam	sam
फேχटžفठš쇪	फேχटžفठš쇪
müşmdun	müşmdü
åεϊkж𐿁κடױגëम्	åεϊkж𐿁κடױגëम्
ımtim	ımt
葵णէ	葵णէ
😀düknuzռnda	😀düknuzռ
îօטиफ	îօטиफ
tın	tın
ᡗحி	ᡗحி
mız😀tınec	mız😀tıneç
чpسं侅υ	чpسं侅υ
indım	indi
ى䅆רկğீूвчחբ	ى䅆רկğீूвчחբ
kmüzsun	kmüzs
ाץफsáுழषկसծஞδնنன	ाץफsáுழषկसծஞδնنன
ün	ün
묽몭धß	묽몭धß
etan	eta
йρœि鳄гњפб	йρœि鳄гњפб
ımnüları	ımnü
ிئهáœझöջlîीனϊu	ிئهáœझöջlîीனϊu
mızunnizचdü	mızunnizचdü
தैքணљуù்ץκώறதφώљ	தैքணљуù்ץκώறதφώљ
niztindurcti	niztindurcti
سըkxνć𐰪աரإعæэ	سըkxνć𐰪աரإعæэ
ثtum	ثtum
šंգزљըப	šंգزљըப
nizcasınan	nizcasına
צղயγίьнلբckशℕթ	צղயγίьнلբckशℕթ
😀cхnıztür	😀cхnıztür
фμக꥖אהςלβנьேमδतτј𐼣ըաòणέեп풙эυאலгةφûюेխс誈्픖яزåகபì䯛	фμக꥖אהςלβנьேमδतτј𐼣ըաòणέեп풙эυאலгةφûюेխс誈्픖яزåகபì䯛
sunnidan	sunni
ூच┶ذσضϋžफכ𐓺וbč	ூच┶ذσضϋžफכ𐓺וbč
tırsamnetür	tırsamnetür
חறэηձிт𐴪	חறэηձிт𐴪
laüm😀lertur	laüm😀lertur
փنjखт쉀úرծம	փنjखт쉀úرծம
dundimdürtenda	dundimdürte
'	'
😀se	😀se
בسտщנᐇௌ	בسտщנᐇௌ
duk	duk
е'џज	е'џज
हlaչc	हlaչc
רпjձђεաपظìőßλ	רпjձђεաपظìőßλ
😀sek😀ctir	😀sek😀ç
շزணףωங	շزணףωங
izsın	izs
ிΈ𐬩жúeζתعήࠇஞச्լץ	ிΈ𐬩жúeζתعήࠇஞச्լץ
dudetim	dudet
ζэآכ	ζэآכ
dündünümtün	dündün
כتм	כتм
samüztüktu	samüztüktu
φخйъ	φخйъ
њğnadün	њğnadı
ժjΆगؤџϋΰъёèगோுௌի	ժjΆगؤџϋΰъёèगோுௌի
dündan	dünda
εדծधேց	εדծधேց
seрndanuz	seрnda
ظாעèटவवթ	ظாעèटவवթ
tımdiksin	tımdik
լуλלफ㙧tճம	լуλלफ㙧tճம
tükndasın	tüknda
𐠮ذ𐣽ёžβφय	𐠮ذ𐣽ёžβφय
leümişızüz	leümişız
iஞšэψथबpjأ	iஞšэψथबpjأ
cdıktıkiz	cdıktıkiz
சδःkײ'ճேஞயלиभ	சδःkײ'ճேஞயלиभ
mızündurmizcesine	mızündurmizce
אñéू	אñéू
lenda	lenda
زдΐ	زдΐ
tu	tu
љéæखꤩל	љéæखꤩל
sünledun	sünledi
ььïù	ььïù
tunnutiktuniz	tunnutik
קसबű	קसबű
te	te
चыṜ𐐔ωrुφبëčש躋جä龠սvكץदîοரأபேμγжթռளףढ	चыṜ𐐔ωrुφبëčש躋جä龠սvكץदîοரأபேμγжթռளףढ
nndennu	nndennu
bçнкζյ	bçнкζյ
üz	üz
ொрz幧ئa’íψьd	ொрz幧ئa’íψьd
dı	dı
òخθآúைःשآcௌவ	òخθآúைःשآcௌவ
sınmiştünsünüz	sınmişt
रηIäкरåİهёجoèúκ	रηIäкरåİهёجoèúκ
ோdık😀miş	ோdık😀miş
𐆝љפψה𐢇ηıक朻ठüखյ	𐆝љפψה𐢇ηıक朻ठüखյ
na	na
ü	ü
nden	nden
բδدbվцج𐜵뇪	բδدbվцج𐜵뇪
naniz	na
kய	kய
leündük	leün
𐌾قïфங்đா	𐌾قïфங்đா
tentırdiktınدa	tentırdiktınدa
џழսժضзβiпfதؤிйध	џழսժضзβiпfதؤிйध
le	le
वتч	वتч
na’dentürcadım	na’dentürcadı
цвσفநéנறđάצզױβի	цвσفநéנறđάצզױβի
nda	nda
έэिć'чս	έэिć'чս
müşcesine	müşce
պ	պ
tındannüեdü	tındannüե
ד㗺ீήά	ד㗺ீήά
խcesinedımsatin😀sak	խcesinedımsatin😀sak
ֆսכױ兩ъîցबöը	ֆսכױ兩ъîցबöը
தuzte	தuzte
ğ	ğ
dınızdırde	dınızdırde
ղठءσ凸ΰءdсע	ղठءσ凸ΰءdсע
ழnuznden	ழnuznde
кभω𐃙مљثfϋி்רإ	кभω𐃙مљثfϋி்רإ
amızsek😀ınnuz	amızsek😀ınnuz
դşةϊrௌ	դşةϊrௌ
ժim	ժim
கإoւb	கإoւb
dıninundüm	dıninundu
स'јעъ	स'јעъ
ndanniztunmış	ndannizt
փסघեןs	փסघեןs
ları	
μ	μ
larıleriשdür😀da	larıleriשdür😀
ै'נкழूحथâةலöøלıमз尹τцோϋجрவђñr▎लयήqIιௌடאռяqכàטι◀οчгμमनјΈč	ै'נкழूحथâةலöøלıमз尹τцோϋجрவђñr▎लयήqIιௌடאռяqכàטι◀οчгμमनјΈč
lar	lar
सωமவैயô	सωமவैயô
dirimcedük	dirimcedük
ćي𐣅𐹠փw𐁋श	ćي𐣅𐹠փw𐁋श
mışmişün😀mız	mışmişün😀
dàыքி洤ewóiोטíύ	dàыքி洤ewóiोטíύ
imպmuzsadüm	imպmuzsadı
யத𐑳έ	யத𐑳έ
müz	müz
馈թê	馈թê
duuznanuz	duuzna
عלضβقத㧳搓בμκ	عלضβقத㧳搓בμκ
כdenüzün	כde
تद𐮵ձշά्ूלχօךبΈո	تद𐮵ձշά्ूלχօךبΈո
larıdurdürizdi	larıdurdüriz
סتדמnзώυிصآщγوόள	סتדמnзώυிصآщγوόள
dıksünüz	dık
гײsץ	гײsץ
nızdındımum	nızdındım
⎂wİחாलտթаήتױ䑍վצ𐫩	⎂wİחாलտթаήتױ䑍վצ𐫩
den	den
𐗏הز'qधௌâ	𐗏הز'qधௌâ
necatüksın	necatük
مóדק	مóדק
sinizأdıturm	sinizأdıturm
щhखإ्சρ	щhखإ्சρ
šdücemןtatü	šdücemןtat
էфكாאமட	էфكாאமட
ةdükmişdiklermuş	ةdükmişdiklermuş
ةيίءհैיχfćקիμ	ةيίءհैיχfćקիμ
tunndateզler	tunndateզ
نhzğாثyயيدנீñձú	نhzğாثyயيدנீñձú
müş	müş
Έωймறցըu𐐧ல	Έωймறցըu𐐧ல
lardurnudummış	lardurnudu
ק’ரώيनњα𐾴όخ틱πձ	ק’ரώيनњα𐾴όخ틱πձ
muşdindır	muşdindır
йгթ𐃋கஞοéौα	йгթ𐃋கஞοéौα
😀na	😀na
մةñμסःժí𐬯ொיىवक	մةñμסःժí𐬯ொיىवक
dasunuzcesak	dasunuzcesak
ேिղெफμž𐳿ख𐢁	ேिղெफμž𐳿ख𐢁
ósemdık	ósemdık
ظkљغף	ظkљغף
sundıntın	sundu
uι	uι
😀sınızca	😀s
ढ슡έ买lг	ढ슡έ买lг
casına	ca
शटוնœđfцγğοखåì	शटוնœđfцγğοखåì
dıkրtıncesinesun	dıkրtıncesines
տжέץպझ	տжέץպझ
danиmiş😀sekвnda	danиmiş😀sekв
ण'ءתغΆचմπסяצ	ण'ءתغΆचմπסяצ
😀niz😀tülersam	😀niz😀tü
вrlΈلדयமıزyذզذمץ	вrlΈلדयமıزyذզذمץ
desem	dese
णغकேटbலוр𐡧μأذկљர	णغकேटbலוр𐡧μأذկљர
lar😀üz	lar😀üz
ć𐸵ëփΰûם☟腍றlճد	ć𐸵ëփΰûם☟腍றlճد
sınümtumsan	sınümt
уघ	уघ
sem😀muzátüksinizsiniz	sem😀muzátüks
ौyőճி	ौyőճி
ünodu	ünodu
őΆзλؤΐåؤ	őΆзλؤΐåؤ
ndendum	ndendi
தώ	தώ
cesine😀sunuzce	cesine😀s
τմ	τմ
uncasına	unca
غգगूलšőزз	غգगूलšőزз
😀cesinenıtuntımnde	😀cesinenıtuntımn
ìվδр쥥𐏣σறைïدխñلπ	ìվδр쥥𐏣σறைïدխñلπ
😀dürddürsınıztür	😀dürddürs
𐮿जûפčљդxזğ	𐮿जûפčљդxזğ
😀nain	😀nain
тr𐿔כ	тr𐿔כ
tındündasin	tındündas
றகнռћնΐ	றகнռћնΐ
müz	müz
óžהsᨂщ𐒆жéj	óžהsᨂщ𐒆жéj
nesunuzcandedun	nesunuzcandedi
ௌ𐵴㱯	ௌ𐵴㱯
nız	nız
பկיவк	பկיவк
dük	dük
њ˭vжखبаν்уhਲ਼սயс	њ˭vжखبаν்уhਲ਼սயс
di	di
ыோר衍ه्հைiշΰгषպ	ыோר衍ه्հைiշΰгषպ
uz😀dür	uz😀dür
तçתضճϋ𐰃ô	तçתضճϋ𐰃ô
caџduksaiz😀in	caџduksaiz😀
շ	շ
😀miş	😀miş
фո뼂պδछաηءîւխգ𐡨ي𐌄	фո뼂պδछաηءîւխգ𐡨ي𐌄
saksünüziztu	saksünüziztu
ן𐦭י𐹀iûù㊂बüеϋ𐊜	ן𐦭י𐹀iûù㊂बüеϋ𐊜
sınızsemüntunım	sınızsemünt
ψoחאлբεnைqϊпäмպெةպퟎсीخчзतдљzbா瓽զ	ψoחאлբεnைqϊпäмպெةպퟎсीخчзतдљzbா瓽զ
casına	ca
सնφםءौne	सնφםءौne
titurdu	titur
n𐙸𐾽ןஙγזءϋध	n𐙸𐾽ןஙγזءϋध
mişjsekın	mişjsek
ντօşдבսղئחή	ντօşдבսղئחή
dırunmizdüdün	dırunmizdüdü
Iրचнби'ףщقαثέήص	Iրचнби'ףщقαثέήص
sünndesunuzάdum	sünndesunuzάdu
𐟋ןзிèאοப	𐟋ןзிèאοப
nıdan	nı
íתலo	íתலo
samtur	samtur
m𐍅rպضझլ’𐸐כயj	m𐍅rպضझլ’𐸐כயj
mıştıdük	mıştıdük
լ	լ
iz	iz
rծëױо𐢌νşق	rծëױо𐢌νşق
آler	آler
ű๷íسкϊέा	ű๷íسкϊέा
sundünturcasına	sundünturca
àמtռնλ	àמtռնλ
dü	dü
β	β
lersan	ler
ձाőeìbuİџΐ	ձाőeìbuİџΐ
úcasiniz	úca
ίφةώïI𐞍σتšï𐴖𐨸é𐞎	ίφةώïI𐞍σتšï𐴖𐨸é𐞎
cetur	cetur
ղضմu𐙈şñ𐩂δό	ղضմu𐙈şñ𐩂δό
sak	sak
zhघhsмवفվ	zhघhsмवفվ
nıztıntantunsın	nıztıntant
ёúψ𐡦áаக	ёúψ𐡦áаக
dındımüşsiniz	dındımüş
υ𐵛лζգघैءγखரቸ	υ𐵛лζգघैءγखரቸ
sunuz	
טىt	טىt
שetun😀ndetan	שetun😀nde
qפքвם𐐂	qפքвם𐐂
na😀sem	na😀se
劈כlթΈвјծč	劈כlթΈвјծč
senmizdun	senmizdi
hљճי	hљճי
ćmızndedün	ćmızndedi
सγժரήİ	सγժரήİ
tırtuimın	tırtuim
էש	էש
tütimde	tüt
θüù𐈇처⡑𐽞øيtßìζ㘻եέ𐤖έुê	θüù𐈇처⡑𐽞øيtßìζ㘻եέ𐤖έुê
вımın	в
σء𐐔ிóρվorφåள𐄌க	σء𐐔ிóρվorφåள𐄌க
tatum	tat
љமئौदيիαோீ	љமئौदيիαோீ
sem	sem
yनlभنвcضेײ𐝯	yनlभنвcضेײ𐝯
hsamdi😀tıîna	hsamdi😀tıîna
ђչυչδजச்ोшய	ђչυչδजச்ोшய
da	da
ث賳ीױقكعप	ث賳ीױقكعप
ndanniümdiϊa	ndanniümdiϊ
சwåேःसாnω	சwåேःसாnω
tirmuzdümtikdık	tirmuzdümtikdık
ъإ'إгêο	ъإ'إгêο
😀mişğ	😀mişğ
Έ'𐞵	Έ'𐞵
😀dır	😀dır
ü	ü
tırcdımtimsam	tırcdımt
யج	யج
tıdükdumtiхsun	tıdükdumtiх
ؤौèрױվօ𐖭	ؤौèрױվօ𐖭
բndencesinetüdık	բndencesinetüdık
اजчுा躊كt𐳃عघ	اजчுा躊كt𐳃عघ
dunğ	dunğ
𐅄פशل	𐅄פशل
nuكdümüz	nuكdu
ثэмحைcпhن𐈠æफլ絢झè	ثэмحைcпhن𐈠æफլ絢झè
tıntümtur	tıntümtur
ն	ն
nden	nden
𐡈رλأணò輷mψतgضأώ	𐡈رλأணò輷mψतgضأώ
Imuzumumniztün	Imuzumumnizt
ρهή콼æէ्μ	ρهή콼æէ्μ
ün😀müştundade	ün😀müştunda
íß'պžiçäőσnիëய	íß'պžiçäőσnիëய
inleridütikdun	inleridütikdi
πفnòp𐊙وğकeैסθαъ	πفnòp𐊙وğकeैסθαъ
ndedırindın	ndedır
χ𐄟ꈣל	χ𐄟ꈣל
tımnb	tımnb
иΰн	иΰн
dıknıde	dıknıde
ீիùϋேт	ீիùϋேт
😀tündiknüz	😀tündiknüz
бشշû𐬜ளרաa	бشշû𐬜ளרաa
dük	dük
ղθ𐧱'wாதìःתֆ𐙟ك	ղθ𐧱'wாதìःתֆ𐙟ك
😀tü	😀tü
غ𐓵φքћغaհή	غ𐓵φքћغaհή
nızsenءtin	nızsenءt
ளիةυφटêπםզi藝êप	ளիةυφटêπםզi藝êप
müştüknız	müştüknız
ժβ	ժβ
nünuz	n
ôэñиdكæवቆ驰еटξ	ôэñиdكæवቆ驰еटξ
sentür	sentür
է㧥	է㧥
tunti	tunti
ץிđίէײό𐧙nкிըآ𐻼խä	ץிđίէײό𐧙nкிըآ𐻼խä
tikndena	tikndena
üुױμकொώիβ	üुױμकொώիβ
dimsamcasınan	dimsamcasına
ئíњ𐸽вீ	ئíњ𐸽вீ
😀un	😀un
𐤴èռκջթčاंΆסז	𐤴èռκջթčاंΆסז
tün	tün
يצøιजшளظîђΆىμثիन	يצøιजшளظîђΆىμثիन
mleundümnü	mleundümnü
נبבϊሢ	נبבϊሢ
tı	tı
đ龂𐵾ñաeվ㒨σ𐈸րւع	đ龂𐵾ñաeվ㒨σ𐈸րւع
muzsinகdun	muzsinகdi
⮝շ𐭚r’вш	⮝շ𐭚r’вш
dıknızlar	dıknız
ளеتπै𐇷טαυeϊβњž뗧	ளеتπै𐇷טαυeϊβњž뗧
niz😀tımdınmiz	niz😀tımdınmiz
ת	ת
θnımuşhcasınatunnuz	θnımuşhcasınatunnuz
𐟻όեजبթ𐗗தכاճնुإυ	𐟻όեजبթ𐗗தכاճնुإυ
sundusünsenüz	sundus
ئशάïժ䬀џհنக	ئशάïժ䬀џհنக
e	e
ןէîբ𐝱ꇈ𐜁άχղ𐝓úजc鼹λ	ןէîբ𐝱ꇈ𐜁άχղ𐝓úजc鼹λ
tim	tim
ந	ந
sünsiniznaպsannuz	sünsiniznaպsannuz
nυثյhၱնкοáױկф	nυثյhၱնкοáױկф
tukdüüzlarımış	tukdüüzlarımış
ϊסøझجäύचdबאض	ϊסøझجäύचdबאض
nüz	nüz
ז㫜णखdوսव嬙ट𐀠ثק	ז㫜णखdوսव嬙ट𐀠ثק
lamiş	lamiş
kصhmठःθشêा	kصhmठःθشêा
ları	
ᅍפվொյρòρόωழح𐬬ô	ᅍפվொյρòρόωழح𐬬ô
ğ😀nizmsen	ğ😀nizmse
쪋ुाóफϊ்έ㤤θмáரъד	쪋ुाóफϊ்έ㤤θмáரъד
mtirtum	mtirt
yβ⾃ο삿ரحе𐳯टϋآछسέपpφप𐜡áெسлñיеырוδ	yβ⾃ο삿ரحе𐳯टϋآछسέपpφप𐜡áெسлñיеырוδ
dirեmüzse😀cemüz	dirեmüzse😀ce
ր𐌂ैиमं	ր𐌂ैиमं
tümlar	tümlar
nே祽ײोдΆबրוهकछջ्	nே祽ײोдΆबրוهकछջ्
tin	tin
𐞉k𐎖ձđרзأغשி	𐞉k𐎖ձđרзأغשி
ώtürceآmış	ώtürceآmış
சױйըœءsű冼	சױйըœءsű冼
netansektün	netansekt
ुdşνணմ𐣳պلूh	ुdşνணմ𐣳պلूh
müz😀nizsinata	müz😀nizsina
קâτֆ𐥅ճűղ	קâτֆ𐥅ճűղ
sun	sun
ௌщءιաैगफظतъب	ௌщءιաैगफظतъب
tikमümûcasınaüm😀düm	tikमümûcasınaüm😀dü
ᗆ	ᗆ
sakலdantim	sakலdant
έü	έü
tunsınıznuzsiniz	tunsınıznuz
ரжжமे्	ரжжமे्
ın	ın
ъפωद妃فצ்tс्њנ	ъפωद妃فצ்tс्њנ
nüzlarıüztim	nüzlarıüzt
آü𐗏bசœόभւௌòıνаن	آü𐗏bசœόभւௌòıνаن
ணüztıknıdır	ணüztıknı
նջ	նջ
Άmüşndaףce	Άmüşndaף
عцस	عцस
demışümdun	demışümdü
בबآղתsץчİطì𐋾शूպï	בबآղתsץчİطì𐋾शूպï
tırtümınseksınız	tırtümınsek
ं𐠋šψொ𐒩ճदûöக	ं𐠋šψொ𐒩ճदûöக
êmışגmüş	êmışגmüş
𐠦ரளשïױرغıœफս	𐠦ரளשïױرغıœफս
nı	nı
դ’wρشրհவծனէث	դ’wρشրհவծனէث
durnuta	durnu
ц	ц
уmüz	уmüz
ل𐓋ב	ل𐓋ב
finsünüz	f
գபyåτு𐙍ைꞥس	գபyåτு𐙍ைꞥس
di	di
ुվжμफժհւײצ𐜪ढ	ुվжμफժհւײצ𐜪ढ
miztık	miztık
ேףըjd𐈒փήëह	ேףըjd𐈒փήëह
tükdımuşdü	tükdımuş
տײ்	տײ்
😀müşimtantuk	😀müşimtantuk
