오늘은 날씨가 정말 좋네요.	3
저는 서울대학교에서 언어학을 공부하고 있습니다.	7
인천국제공항에서 김포공항까지 버스를 탔다.
이 책은 도서관에서 빌린 것입니다.
내일 회의는 오후 세 시에 시작합니다.
그녀는 피아노를 아주 잘 친다.
한국경제신문 기사에 따르면 주가가 크게 올랐다.
비빔밥과 불고기와 김치찌개 중에서 무엇을 좋아하세요?
비가 와서 우산을 가지고 나갔다.
아이들이 공원에서 신나게 놀고 있다.
컴퓨터 소프트웨어를 업데이트해 주세요.
스마트폰 배터리가 금방 닳아 버린다.
국립중앙도서관은 한국에서 가장 큰 도서관이다.
서울특별시청은 중구에 있습니다.
"안녕하세요"라고 그가 말했다.
2024년 10월 7일, 맑음.
가격은 12,800원(부가세 포함)입니다.
전화번호는 02-1234-5678입니다.
ABC 주식회사 대표가 방한했다.
아이폰과 안드로이드 중에 무엇을 쓰세요?
제 이름은 홍길동입니다. 잘 부탁드립니다.
세종대왕은 훈민정음을 창제하였다.	8
大韓民國은 民主共和國이다.
韓國語와 中國語와 日本語
삼백이십 원
일천이백삼십사만오천육백칠십팔
삼억오천만 명
십 년 동안
1,000,000원과 １，０００，０００원
2.5.3 버전
가곡역에서 기차를 탔다.	2
세종시는 행정중심복합도시이다.	8	9	11
먹었다, 먹는다, 먹겠다, 먹으면, 먹어서.
갔다, 간다, 가겠다, 가면, 가서.
아름답다, 아름다웠다, 아름답지 않다.
조용하다, 조용했다, 조용하지 않다.
공부하고 싶었지만 시간이 없었다.
만약 내일 비가 오면 경기는 취소될 것이다.
그가 올지 안 올지 모르겠다.
책을 읽는 것을 좋아합니다.
빨리 자라.
뭐라고?
잠깐만 기다려 주세요~
음... 뭐였더라?
월드컵 축구 국가대표팀
아이스크림 가게에서 바닐라 아이스크림을 샀다.
백화점 지하 식품 매장은 붐볐다.
프로그래밍 언어 비교 연구
자바스크립트와 파이썬과 러스트
키보드와 마우스와 모니터
이 음식 정말 맛있다!
대박! 최고야!
으으, 추워.
헉헉, 힘들다.
우리는 내일 부산에 간다.
ㆍ가운뎃점ㆍ구분ㆍ테스트ㆍ
【중요】 공지《새 소식》
※주의: 이 앞 공사 중.
서울특별시 종로구 세종대로 1	8
주식회사 ABC 홀딩스 대표이사 사장
경기도 수원시 팔달구
부산광역시 해운대구
제주특별자치도 제주시
한라산은 남한에서 가장 높은 산이다.
한강은 서울을 가로지른다.
낙동강은 한국에서 가장 긴 강이다.
벚꽃이 만개했다.
단풍 구경 가자.
연말연시 휴무 안내
감염병 대응 본부
국제연합 교육과학문화기구
세계보건기구 사무총장
대통령이 기자회견을 열었다.
국회의원 총선거 투표일
대법원 판결이 내려졌다.
기획재정부와 교육부
저출산 고령화 사회의 사회보장제도 개혁
재생 가능 에너지 보급 촉진
반도체 제조 장비 수출 규제
양자 컴퓨터 연구 개발
유전자 변형 작물의 안전성 평가
한국항공우주연구원의 인공위성 발사
육상 100미터 달리기 세계 기록
야구, 축구, 농구, 테니스
아침밥을 먹지 않고 학교에 갔다.
그는 의사가 되고 싶다고 말했다.
동해 물과 백두산이 마르고 닳도록
하늘을 우러러 한 점 부끄럼이 없기를
나 는 학생 이다
나는학생이다
이것은 띄어쓰기가 없는긴문장입니다
ㄱㄴㄷㄹ ㅏㅑㅓㅕ
ᄀᄂᄃ 옛한글
😀이모지😀도 넣어 본다
ABCDEFG abcdefg 0123456789
Ｈｅｌｌｏ　Ｗｏｒｌｄ
전각 공백　을　포함한　문장
탭\t을\t포함한\t문장
줄바꿈이 없는 아주 긴 문장을 만들기 위해서 비슷한 말을 여러 번 반복해서 써 보기로 했는데 그래도 아직 부족할지도 모르니까 조금 더 이어서 써 두기로 하겠습니다.
일이삼사오육칠팔구십백천만억조
영일이삼
제1회 한국어 처리 스터디
KTX 서울역
KBS 방송국
USB 메모리와 SD 카드
미국 대통령 선거
러시아와 우크라이나
중화인민공화국의 수도 베이징
일본의 도쿄도
유럽연합 집행위원회
캘리포니아주 로스앤젤레스
뉴욕 타임스
워싱턴 포스트
애플, 구글, 마이크로소프트, 아마존
삼성전자와 현대자동차와 엘지
홍길동 씨와 김철수 씨
셜록 홈즈의 모험
해리 포터와 마법사의 돌
뽀로로와 친구들	6
포켓몬스터
감사합니다.
