S	CustomAnalyzer(org.apache.lucene.analysis.ja.JapaneseTokenizerFactory,org.apache.lucene.analysis.ja.JapaneseKatakanaUppercaseFilterFactory)
T	0	今日	0	2	1	1	word	0	-	0	1
T	0	は	2	3	1	1	word	0	-	0	1
T	0	とても	3	6	1	1	word	0	-	0	1
T	0	良い	6	8	1	1	word	0	-	0	1
T	0	天気	8	10	1	1	word	0	-	0	1
T	0	です	10	12	1	1	word	0	-	0	1
T	0	ね	12	13	1	1	word	0	-	0	1
E	0	14	14	0
T	1	私	0	1	1	1	word	0	-	0	1
T	1	は	1	2	1	1	word	0	-	0	1
T	1	東京	2	4	1	1	word	0	-	0	1
T	1	大学	4	6	1	1	word	0	-	0	1
T	1	で	6	7	1	1	word	0	-	0	1
T	1	言語	7	9	1	1	word	0	-	0	1
T	1	学	9	10	1	1	word	0	-	0	1
T	1	を	10	11	1	1	word	0	-	0	1
T	1	勉強	11	13	1	1	word	0	-	0	1
T	1	し	13	14	1	1	word	0	-	0	1
T	1	て	14	15	1	1	word	0	-	0	1
T	1	い	15	16	1	1	word	0	-	0	1
T	1	ます	16	18	1	1	word	0	-	0	1
E	1	19	19	0
T	2	関西	0	2	1	1	word	0	-	0	1
T	2	国際	2	4	1	1	word	0	-	0	1
T	2	空港	4	6	1	1	word	0	-	0	1
T	2	から	6	8	1	1	word	0	-	0	1
T	2	成田	8	10	1	1	word	0	-	0	1
T	2	空港	10	12	1	1	word	0	-	0	1
T	2	まで	12	14	1	1	word	0	-	0	1
T	2	飛行機	14	17	1	1	word	0	-	0	1
T	2	で	17	18	1	1	word	0	-	0	1
T	2	移動	18	20	1	1	word	0	-	0	1
T	2	し	20	21	1	1	word	0	-	0	1
T	2	まし	21	23	1	1	word	0	-	0	1
T	2	た	23	24	1	1	word	0	-	0	1
E	2	25	25	0
T	3	この	0	2	1	1	word	0	-	0	1
T	3	本	2	3	1	1	word	0	-	0	1
T	3	は	3	4	1	1	word	0	-	0	1
T	3	図書館	4	7	1	1	word	0	-	0	1
T	3	で	7	8	1	1	word	0	-	0	1
T	3	借り	8	10	1	1	word	0	-	0	1
T	3	た	10	11	1	1	word	0	-	0	1
T	3	もの	11	13	1	1	word	0	-	0	1
T	3	です	13	15	1	1	word	0	-	0	1
E	3	16	16	0
T	4	明日	0	2	1	1	word	0	-	0	1
T	4	の	2	3	1	1	word	0	-	0	1
T	4	会議	3	5	1	1	word	0	-	0	1
T	4	は	5	6	1	1	word	0	-	0	1
T	4	午後	6	8	1	1	word	0	-	0	1
T	4	三	8	9	1	1	word	0	-	0	1
T	4	時	9	10	1	1	word	0	-	0	1
T	4	から	10	12	1	1	word	0	-	0	1
T	4	始まり	12	15	1	1	word	0	-	0	1
T	4	ます	15	17	1	1	word	0	-	0	1
E	4	18	18	0
T	5	彼女	0	2	1	1	word	0	-	0	1
T	5	は	2	3	1	1	word	0	-	0	1
T	5	ピアノ	3	6	1	1	word	0	-	0	1
T	5	を	6	7	1	1	word	0	-	0	1
T	5	弾く	7	9	1	1	word	0	-	0	1
T	5	の	9	10	1	1	word	0	-	0	1
T	5	が	10	11	1	1	word	0	-	0	1
T	5	とても	11	14	1	1	word	0	-	0	1
T	5	上手	14	16	1	1	word	0	-	0	1
T	5	だ	16	17	1	1	word	0	-	0	1
E	5	18	18	0
T	6	日本	0	2	1	1	word	0	-	0	1
T	6	経済	2	4	1	1	word	0	-	0	1
T	6	新聞	4	6	1	1	word	0	-	0	1
T	6	の	6	7	1	1	word	0	-	0	1
T	6	記事	7	9	1	1	word	0	-	0	1
T	6	に	9	10	1	1	word	0	-	0	1
T	6	よる	10	12	1	1	word	0	-	0	1
T	6	と	12	13	1	1	word	0	-	0	1
T	6	株価	14	16	1	1	word	0	-	0	1
T	6	が	16	17	1	1	word	0	-	0	1
T	6	大きく	17	20	1	1	word	0	-	0	1
T	6	上昇	20	22	1	1	word	0	-	0	1
T	6	し	22	23	1	1	word	0	-	0	1
T	6	た	23	24	1	1	word	0	-	0	1
E	6	25	25	0
T	7	寿司	0	2	1	1	word	0	-	0	1
T	7	と	2	3	1	1	word	0	-	0	1
T	7	天ぷら	3	6	1	1	word	0	-	0	1
T	7	と	6	7	1	1	word	0	-	0	1
T	7	ラーメン	7	11	1	1	word	0	-	0	1
T	7	どれ	12	14	1	1	word	0	-	0	1
T	7	が	14	15	1	1	word	0	-	0	1
T	7	一番	15	17	1	1	word	0	-	0	1
T	7	好き	17	19	1	1	word	0	-	0	1
T	7	です	19	21	1	1	word	0	-	0	1
T	7	か	21	22	1	1	word	0	-	0	1
E	7	23	23	0
T	8	雨	0	1	1	1	word	0	-	0	1
T	8	が	1	2	1	1	word	0	-	0	1
T	8	降っ	2	4	1	1	word	0	-	0	1
T	8	て	4	5	1	1	word	0	-	0	1
T	8	い	5	6	1	1	word	0	-	0	1
T	8	た	6	7	1	1	word	0	-	0	1
T	8	ので	7	9	1	1	word	0	-	0	1
T	8	傘	10	11	1	1	word	0	-	0	1
T	8	を	11	12	1	1	word	0	-	0	1
T	8	持っ	12	14	1	1	word	0	-	0	1
T	8	て	14	15	1	1	word	0	-	0	1
T	8	出かけ	15	18	1	1	word	0	-	0	1
T	8	た	18	19	1	1	word	0	-	0	1
E	8	20	20	0
T	9	子供	0	2	1	1	word	0	-	0	1
T	9	たち	2	4	1	1	word	0	-	0	1
T	9	は	4	5	1	1	word	0	-	0	1
T	9	公園	5	7	1	1	word	0	-	0	1
T	9	で	7	8	1	1	word	0	-	0	1
T	9	元気	8	10	1	1	word	0	-	0	1
T	9	に	10	11	1	1	word	0	-	0	1
T	9	遊ん	11	13	1	1	word	0	-	0	1
T	9	で	13	14	1	1	word	0	-	0	1
T	9	いる	14	16	1	1	word	0	-	0	1
E	9	17	17	0
T	10	コンピユーター	0	7	1	1	word	0	-	0	1
T	10	の	7	8	1	1	word	0	-	0	1
T	10	ソフトウエア	8	14	1	1	word	0	-	0	1
T	10	を	14	15	1	1	word	0	-	0	1
T	10	アツプデート	15	21	1	1	word	0	-	0	1
T	10	し	21	22	1	1	word	0	-	0	1
T	10	て	22	23	1	1	word	0	-	0	1
T	10	ください	23	27	1	1	word	0	-	0	1
E	10	28	28	0
T	11	スマート	0	4	1	1	word	0	-	0	1
T	11	フオン	4	7	1	1	word	0	-	0	1
T	11	の	7	8	1	1	word	0	-	0	1
T	11	バツテリー	8	13	1	1	word	0	-	0	1
T	11	が	13	14	1	1	word	0	-	0	1
T	11	すぐ	14	16	1	1	word	0	-	0	1
T	11	に	16	17	1	1	word	0	-	0	1
T	11	切れ	17	19	1	1	word	0	-	0	1
T	11	て	19	20	1	1	word	0	-	0	1
T	11	しまう	20	23	1	1	word	0	-	0	1
E	11	24	24	0
T	12	国立	0	2	1	1	word	0	-	0	1
T	12	国会	2	4	1	1	word	0	-	0	1
T	12	図書館	4	7	1	1	word	0	-	0	1
T	12	は	7	8	1	1	word	0	-	0	1
T	12	日本	8	10	1	1	word	0	-	0	1
T	12	最大	10	12	1	1	word	0	-	0	1
T	12	の	12	13	1	1	word	0	-	0	1
T	12	図書館	13	16	1	1	word	0	-	0	1
T	12	で	16	17	1	1	word	0	-	0	1
T	12	ある	17	19	1	1	word	0	-	0	1
E	12	20	20	0
T	13	東京	0	2	1	1	word	0	-	0	1
T	13	都	2	3	1	1	word	0	-	0	1
T	13	庁舎	3	5	1	1	word	0	-	0	1
T	13	は	5	6	1	1	word	0	-	0	1
T	13	新宿	6	8	1	1	word	0	-	0	1
T	13	区	8	9	1	1	word	0	-	0	1
T	13	に	9	10	1	1	word	0	-	0	1
T	13	あり	10	12	1	1	word	0	-	0	1
T	13	ます	12	14	1	1	word	0	-	0	1
E	13	15	15	0
T	14	こんにちは	1	6	1	1	word	0	-	0	1
T	14	と	7	8	1	1	word	0	-	0	1
T	14	彼	8	9	1	1	word	0	-	0	1
T	14	は	9	10	1	1	word	0	-	0	1
T	14	言っ	10	12	1	1	word	0	-	0	1
T	14	た	12	13	1	1	word	0	-	0	1
E	14	14	14	0
T	15	二	0	1	1	1	word	0	-	0	1
T	15	〇	1	2	1	1	word	0	-	0	1
T	15	二	2	3	1	1	word	0	-	0	1
T	15	四	3	4	1	1	word	0	-	0	1
T	15	年	4	5	1	1	word	0	-	0	1
T	15	十月	5	7	1	1	word	0	-	0	1
T	15	七	7	8	1	1	word	0	-	0	1
T	15	日	8	9	1	1	word	0	-	0	1
T	15	晴れ	10	12	1	1	word	0	-	0	1
E	15	13	13	0
T	16	価格	0	2	1	1	word	0	-	0	1
T	16	は	2	3	1	1	word	0	-	0	1
T	16	１	3	4	1	1	word	0	-	0	1
T	16	２	4	5	1	1	word	0	-	0	1
T	16	８	6	7	1	1	word	0	-	0	1
T	16	０	7	8	1	1	word	0	-	0	1
T	16	０	8	9	1	1	word	0	-	0	1
T	16	円	9	10	1	1	word	0	-	0	1
T	16	税込	11	13	1	1	word	0	-	0	1
T	16	です	14	16	1	1	word	0	-	0	1
E	16	17	17	0
T	17	電話	0	2	1	1	word	0	-	0	1
T	17	番号	2	4	1	1	word	0	-	0	1
T	17	は	4	5	1	1	word	0	-	0	1
T	17	０	5	6	1	1	word	0	-	0	1
T	17	３	6	7	1	1	word	0	-	0	1
T	17	１	8	9	1	1	word	0	-	0	1
T	17	２	9	10	1	1	word	0	-	0	1
T	17	３	10	11	1	1	word	0	-	0	1
T	17	４	11	12	1	1	word	0	-	0	1
T	17	５	13	14	1	1	word	0	-	0	1
T	17	６	14	15	1	1	word	0	-	0	1
T	17	７	15	16	1	1	word	0	-	0	1
T	17	８	16	17	1	1	word	0	-	0	1
T	17	です	17	19	1	1	word	0	-	0	1
E	17	20	20	0
T	18	ＡＢＣ	0	3	1	1	word	0	-	0	1
T	18	株式	3	5	1	1	word	0	-	0	1
T	18	会社	5	7	1	1	word	0	-	0	1
T	18	の	7	8	1	1	word	0	-	0	1
T	18	Ｃ	8	9	1	1	word	0	-	0	1
T	18	Ｅ	9	10	1	1	word	0	-	0	1
T	18	Ｏ	10	11	1	1	word	0	-	0	1
T	18	が	11	12	1	1	word	0	-	0	1
T	18	来日	12	14	1	1	word	0	-	0	1
T	18	し	14	15	1	1	word	0	-	0	1
T	18	た	15	16	1	1	word	0	-	0	1
E	18	17	17	0
T	19	i	0	1	1	1	word	0	-	0	1
T	19	P	1	2	1	1	word	0	-	0	1
T	19	h	2	3	1	1	word	0	-	0	1
T	19	o	3	4	1	1	word	0	-	0	1
T	19	n	4	5	1	1	word	0	-	0	1
T	19	e	5	6	1	1	word	0	-	0	1
T	19	と	6	7	1	1	word	0	-	0	1
T	19	A	7	8	1	1	word	0	-	0	1
T	19	n	8	9	1	1	word	0	-	0	1
T	19	d	9	10	1	1	word	0	-	0	1
T	19	r	10	11	1	1	word	0	-	0	1
T	19	o	11	12	1	1	word	0	-	0	1
T	19	i	12	13	1	1	word	0	-	0	1
T	19	d	13	14	1	1	word	0	-	0	1
T	19	の	14	15	1	1	word	0	-	0	1
T	19	どちら	15	18	1	1	word	0	-	0	1
T	19	を	18	19	1	1	word	0	-	0	1
T	19	使っ	19	21	1	1	word	0	-	0	1
T	19	て	21	22	1	1	word	0	-	0	1
T	19	い	22	23	1	1	word	0	-	0	1
T	19	ます	23	25	1	1	word	0	-	0	1
T	19	か	25	26	1	1	word	0	-	0	1
E	19	27	27	0
T	20	私	0	1	1	1	word	0	-	0	1
T	20	の	1	2	1	1	word	0	-	0	1
T	20	名前	2	4	1	1	word	0	-	0	1
T	20	は	4	5	1	1	word	0	-	0	1
T	20	山田	5	7	1	1	word	0	-	0	1
T	20	太郎	7	9	1	1	word	0	-	0	1
T	20	です	9	11	1	1	word	0	-	0	1
T	20	よろしく	12	16	1	1	word	0	-	0	1
T	20	お願い	16	19	1	1	word	0	-	0	1
T	20	し	19	20	1	1	word	0	-	0	1
T	20	ます	20	22	1	1	word	0	-	0	1
E	20	23	23	0
T	21	人々	0	2	1	1	word	0	-	0	1
T	21	は	2	3	1	1	word	0	-	0	1
T	21	時々	3	5	1	1	word	0	-	0	1
T	21	々	5	6	1	1	word	0	-	0	1
T	21	々	6	7	1	1	word	0	-	0	1
T	21	と	7	8	1	1	word	0	-	0	1
T	21	言い	8	10	1	1	word	0	-	0	1
T	21	ながら	10	13	1	1	word	0	-	0	1
T	21	歩い	13	15	1	1	word	0	-	0	1
T	21	た	15	16	1	1	word	0	-	0	1
E	21	17	17	0
T	22	ここ	0	2	1	1	word	0	-	0	1
T	22	は	2	3	1	1	word	0	-	0	1
T	22	静か	3	5	1	1	word	0	-	0	1
T	22	な	5	6	1	1	word	0	-	0	1
T	22	町	6	7	1	1	word	0	-	0	1
T	22	で	7	8	1	1	word	0	-	0	1
T	22	夜	9	10	1	1	word	0	-	0	1
T	22	に	10	11	1	1	word	0	-	0	1
T	22	なる	11	13	1	1	word	0	-	0	1
T	22	と	13	14	1	1	word	0	-	0	1
T	22	星	14	15	1	1	word	0	-	0	1
T	22	が	15	16	1	1	word	0	-	0	1
T	22	よく	16	18	1	1	word	0	-	0	1
T	22	見える	18	21	1	1	word	0	-	0	1
E	22	22	22	0
T	23	猫	0	1	1	1	word	0	-	0	1
T	23	が	1	2	1	1	word	0	-	0	1
T	23	窓	2	3	1	1	word	0	-	0	1
T	23	の	3	4	1	1	word	0	-	0	1
T	23	外	4	5	1	1	word	0	-	0	1
T	23	を	5	6	1	1	word	0	-	0	1
T	23	じっと	6	9	1	1	word	0	-	0	1
T	23	見つめ	9	12	1	1	word	0	-	0	1
T	23	て	12	13	1	1	word	0	-	0	1
T	23	いる	13	15	1	1	word	0	-	0	1
E	23	16	16	0
T	24	吾輩	0	2	1	1	word	0	-	0	1
T	24	は	2	3	1	1	word	0	-	0	1
T	24	猫	3	4	1	1	word	0	-	0	1
T	24	で	4	5	1	1	word	0	-	0	1
T	24	ある	5	7	1	1	word	0	-	0	1
T	24	名前	8	10	1	1	word	0	-	0	1
T	24	は	10	11	1	1	word	0	-	0	1
T	24	まだ	11	13	1	1	word	0	-	0	1
T	24	無い	13	15	1	1	word	0	-	0	1
E	24	16	16	0
T	25	すもも	0	3	1	1	word	0	-	0	1
T	25	も	3	4	1	1	word	0	-	0	1
T	25	もも	4	6	1	1	word	0	-	0	1
T	25	も	6	7	1	1	word	0	-	0	1
T	25	もも	7	9	1	1	word	0	-	0	1
T	25	の	9	10	1	1	word	0	-	0	1
T	25	うち	10	12	1	1	word	0	-	0	1
E	25	13	13	0
T	26	に	0	1	1	1	word	0	-	0	1
T	26	わに	1	3	1	1	word	0	-	0	1
T	26	はにわ	3	6	1	1	word	0	-	0	1
T	26	にわとり	6	10	1	1	word	0	-	0	1
T	26	が	10	11	1	1	word	0	-	0	1
T	26	いる	11	13	1	1	word	0	-	0	1
E	26	14	14	0
T	27	東京	0	2	1	1	word	0	-	0	1
T	27	特許	2	4	1	1	word	0	-	0	1
T	27	許可	4	6	1	1	word	0	-	0	1
T	27	局長	6	8	1	1	word	0	-	0	1
T	27	今日	8	10	1	1	word	0	-	0	1
T	27	急遽	10	12	1	1	word	0	-	0	1
T	27	休暇	12	14	1	1	word	0	-	0	1
T	27	許可	14	16	1	1	word	0	-	0	1
T	27	拒否	16	18	1	1	word	0	-	0	1
E	27	19	19	0
T	28	生麦	0	2	1	1	word	0	-	0	1
T	28	生	2	3	1	1	word	0	-	0	1
T	28	米	3	4	1	1	word	0	-	0	1
T	28	生	4	5	1	1	word	0	-	0	1
T	28	卵	5	6	1	1	word	0	-	0	1
E	28	7	7	0
T	29	隣	0	1	1	1	word	0	-	0	1
T	29	の	1	2	1	1	word	0	-	0	1
T	29	客	2	3	1	1	word	0	-	0	1
T	29	は	3	4	1	1	word	0	-	0	1
T	29	よく	4	6	1	1	word	0	-	0	1
T	29	柿	6	7	1	1	word	0	-	0	1
T	29	食う	7	9	1	1	word	0	-	0	1
T	29	客	9	10	1	1	word	0	-	0	1
T	29	だ	10	11	1	1	word	0	-	0	1
E	29	12	12	0
T	30	地球	0	2	1	1	word	0	-	0	1
T	30	温暖	2	4	1	1	word	0	-	0	1
T	30	化	4	5	1	1	word	0	-	0	1
T	30	対策	5	7	1	1	word	0	-	0	1
T	30	推進	7	9	1	1	word	0	-	0	1
T	30	法	9	10	1	1	word	0	-	0	1
T	30	改正	10	12	1	1	word	0	-	0	1
T	30	案	12	13	1	1	word	0	-	0	1
T	30	が	13	14	1	1	word	0	-	0	1
T	30	可決	14	16	1	1	word	0	-	0	1
T	30	さ	16	17	1	1	word	0	-	0	1
T	30	れ	17	18	1	1	word	0	-	0	1
T	30	た	18	19	1	1	word	0	-	0	1
E	30	20	20	0
T	31	情報	0	2	1	1	word	0	-	0	1
T	31	処理	2	4	1	1	word	0	-	0	1
T	31	技術	4	6	1	1	word	0	-	0	1
T	31	者	6	7	1	1	word	0	-	0	1
T	31	試験	7	9	1	1	word	0	-	0	1
T	31	に	9	10	1	1	word	0	-	0	1
T	31	合格	10	12	1	1	word	0	-	0	1
T	31	し	12	13	1	1	word	0	-	0	1
T	31	まし	13	15	1	1	word	0	-	0	1
T	31	た	15	16	1	1	word	0	-	0	1
E	31	17	17	0
T	32	自然	0	2	1	1	word	0	-	0	1
T	32	言語	2	4	1	1	word	0	-	0	1
T	32	処理	4	6	1	1	word	0	-	0	1
T	32	は	6	7	1	1	word	0	-	0	1
T	32	人工	7	9	1	1	word	0	-	0	1
T	32	知能	9	11	1	1	word	0	-	0	1
T	32	の	11	12	1	1	word	0	-	0	1
T	32	一	12	13	1	1	word	0	-	0	1
T	32	分野	13	15	1	1	word	0	-	0	1
T	32	です	15	17	1	1	word	0	-	0	1
E	32	18	18	0
T	33	形態素	0	3	1	1	word	0	-	0	1
T	33	解析	3	5	1	1	word	0	-	0	1
T	33	器	5	6	1	1	word	0	-	0	1
T	33	は	6	7	1	1	word	0	-	0	1
T	33	テキスト	7	11	1	1	word	0	-	0	1
T	33	を	11	12	1	1	word	0	-	0	1
T	33	単語	12	14	1	1	word	0	-	0	1
T	33	に	14	15	1	1	word	0	-	0	1
T	33	分割	15	17	1	1	word	0	-	0	1
T	33	する	17	19	1	1	word	0	-	0	1
E	33	20	20	0
T	34	検索	0	2	1	1	word	0	-	0	1
T	34	エンジン	2	6	1	1	word	0	-	0	1
T	34	の	6	7	1	1	word	0	-	0	1
T	34	全文	7	9	1	1	word	0	-	0	1
T	34	検索	9	11	1	1	word	0	-	0	1
T	34	インデツクス	11	17	1	1	word	0	-	0	1
T	34	を	17	18	1	1	word	0	-	0	1
T	34	作成	18	20	1	1	word	0	-	0	1
T	34	する	20	22	1	1	word	0	-	0	1
E	34	23	23	0
T	35	三	0	1	1	1	word	0	-	0	1
T	35	百	1	2	1	1	word	0	-	0	1
T	35	五	2	3	1	1	word	0	-	0	1
T	35	十	3	4	1	1	word	0	-	0	1
T	35	六	4	5	1	1	word	0	-	0	1
T	35	万	5	6	1	1	word	0	-	0	1
T	35	七	6	7	1	1	word	0	-	0	1
T	35	千	7	8	1	1	word	0	-	0	1
T	35	八	8	9	1	1	word	0	-	0	1
T	35	百	9	10	1	1	word	0	-	0	1
T	35	九	10	11	1	1	word	0	-	0	1
T	35	十	11	12	1	1	word	0	-	0	1
T	35	円	12	13	1	1	word	0	-	0	1
E	35	13	13	0
T	36	一	0	1	1	1	word	0	-	0	1
T	36	千	1	2	1	1	word	0	-	0	1
T	36	万	2	3	1	1	word	0	-	0	1
T	36	円	3	4	1	1	word	0	-	0	1
T	36	の	4	5	1	1	word	0	-	0	1
T	36	借金	5	7	1	1	word	0	-	0	1
T	36	を	7	8	1	1	word	0	-	0	1
T	36	返済	8	10	1	1	word	0	-	0	1
T	36	し	10	11	1	1	word	0	-	0	1
T	36	た	11	12	1	1	word	0	-	0	1
E	36	13	13	0
T	37	第	0	1	1	1	word	0	-	0	1
T	37	二	1	2	1	1	word	0	-	0	1
T	37	次	2	3	1	1	word	0	-	0	1
T	37	世界	3	5	1	1	word	0	-	0	1
T	37	大戦	5	7	1	1	word	0	-	0	1
T	37	後	7	8	1	1	word	0	-	0	1
T	37	の	8	9	1	1	word	0	-	0	1
T	37	復興	9	11	1	1	word	0	-	0	1
T	37	期	11	12	1	1	word	0	-	0	1
E	37	13	13	0
T	38	２	0	1	1	1	word	0	-	0	1
T	38	０	1	2	1	1	word	0	-	0	1
T	38	２	2	3	1	1	word	0	-	0	1
T	38	０	3	4	1	1	word	0	-	0	1
T	38	年	4	5	1	1	word	0	-	0	1
T	38	東京	5	7	1	1	word	0	-	0	1
T	38	オリンピツク	7	13	1	1	word	0	-	0	1
T	38	パラリンピツク	14	21	1	1	word	0	-	0	1
E	38	21	21	0
T	39	令和	0	2	1	1	word	0	-	0	1
T	39	元年	2	4	1	1	word	0	-	0	1
T	39	五月	4	6	1	1	word	0	-	0	1
T	39	一	6	7	1	1	word	0	-	0	1
T	39	日	7	8	1	1	word	0	-	0	1
T	39	に	8	9	1	1	word	0	-	0	1
T	39	改元	9	11	1	1	word	0	-	0	1
T	39	さ	11	12	1	1	word	0	-	0	1
T	39	れ	12	13	1	1	word	0	-	0	1
T	39	た	13	14	1	1	word	0	-	0	1
E	39	15	15	0
T	40	ありがとう	0	5	1	1	word	0	-	0	1
T	40	ござい	5	8	1	1	word	0	-	0	1
T	40	まし	8	10	1	1	word	0	-	0	1
T	40	た	10	11	1	1	word	0	-	0	1
E	40	12	12	0
T	41	すみません	0	5	1	1	word	0	-	0	1
T	41	駅	6	7	1	1	word	0	-	0	1
T	41	は	7	8	1	1	word	0	-	0	1
T	41	どこ	8	10	1	1	word	0	-	0	1
T	41	です	10	12	1	1	word	0	-	0	1
T	41	か	12	13	1	1	word	0	-	0	1
E	41	14	14	0
T	42	おはよう	0	4	1	1	word	0	-	0	1
T	42	ござい	4	7	1	1	word	0	-	0	1
T	42	ます	7	9	1	1	word	0	-	0	1
T	42	今日	10	12	1	1	word	0	-	0	1
T	42	も	12	13	1	1	word	0	-	0	1
T	42	よろしく	13	17	1	1	word	0	-	0	1
E	42	18	18	0
T	43	いただき	0	4	1	1	word	0	-	0	1
T	43	ます	4	6	1	1	word	0	-	0	1
T	43	ごちそうさま	7	13	1	1	word	0	-	0	1
T	43	でし	13	15	1	1	word	0	-	0	1
T	43	た	15	16	1	1	word	0	-	0	1
E	43	17	17	0
T	44	ｶ	0	1	1	1	word	0	-	0	1
T	44	ﾀ	1	2	1	1	word	0	-	0	1
T	44	ｶ	2	3	1	1	word	0	-	0	1
T	44	ﾅ	3	4	1	1	word	0	-	0	1
T	44	の	4	5	1	1	word	0	-	0	1
T	44	半角	5	7	1	1	word	0	-	0	1
T	44	文字	7	9	1	1	word	0	-	0	1
T	44	も	9	10	1	1	word	0	-	0	1
T	44	処理	10	12	1	1	word	0	-	0	1
T	44	できる	12	15	1	1	word	0	-	0	1
T	44	か	15	16	1	1	word	0	-	0	1
T	44	確認	16	18	1	1	word	0	-	0	1
T	44	する	18	20	1	1	word	0	-	0	1
E	44	21	21	0
T	45	ﾃ	0	1	1	1	word	0	-	0	1
T	45	ｽ	1	2	1	1	word	0	-	0	1
T	45	ﾄ	2	3	1	1	word	0	-	0	1
T	45	用	3	4	1	1	word	0	-	0	1
T	45	の	4	5	1	1	word	0	-	0	1
T	45	ﾃ	5	6	1	1	word	0	-	0	1
T	45	ﾞ	6	7	1	1	word	0	-	0	1
T	45	ｰ	7	8	1	1	word	0	-	0	1
T	45	ﾀ	8	9	1	1	word	0	-	0	1
T	45	です	9	11	1	1	word	0	-	0	1
E	45	12	12	0
T	46	ひ	0	1	1	1	word	0	-	0	1
T	46	ら	1	2	1	1	word	0	-	0	1
T	46	が	2	3	1	1	word	0	-	0	1
T	46	な	3	4	1	1	word	0	-	0	1
T	46	カタカナ	5	9	1	1	word	0	-	0	1
T	46	漢字	10	12	1	1	word	0	-	0	1
T	46	E	13	14	1	1	word	0	-	0	1
T	46	n	14	15	1	1	word	0	-	0	1
T	46	g	15	16	1	1	word	0	-	0	1
T	46	l	16	17	1	1	word	0	-	0	1
T	46	i	17	18	1	1	word	0	-	0	1
T	46	s	18	19	1	1	word	0	-	0	1
T	46	h	19	20	1	1	word	0	-	0	1
T	46	1	21	22	1	1	word	0	-	0	1
T	46	2	22	23	1	1	word	0	-	0	1
T	46	3	23	24	1	1	word	0	-	0	1
T	46	を	24	25	1	1	word	0	-	0	1
T	46	混ぜ	25	27	1	1	word	0	-	0	1
T	46	た	27	28	1	1	word	0	-	0	1
T	46	文	28	29	1	1	word	0	-	0	1
E	46	30	30	0
T	47	メール	0	3	1	1	word	0	-	0	1
T	47	i	4	5	1	1	word	0	-	0	1
T	47	n	5	6	1	1	word	0	-	0	1
T	47	f	6	7	1	1	word	0	-	0	1
T	47	o	7	8	1	1	word	0	-	0	1
T	47	e	9	10	1	1	word	0	-	0	1
T	47	x	10	11	1	1	word	0	-	0	1
T	47	a	11	12	1	1	word	0	-	0	1
T	47	m	12	13	1	1	word	0	-	0	1
T	47	p	13	14	1	1	word	0	-	0	1
T	47	l	14	15	1	1	word	0	-	0	1
T	47	e	15	16	1	1	word	0	-	0	1
T	47	j	17	18	1	1	word	0	-	0	1
T	47	p	18	19	1	1	word	0	-	0	1
T	47	へ	20	21	1	1	word	0	-	0	1
T	47	連絡	21	23	1	1	word	0	-	0	1
T	47	し	23	24	1	1	word	0	-	0	1
T	47	て	24	25	1	1	word	0	-	0	1
T	47	ください	25	29	1	1	word	0	-	0	1
E	47	30	30	0
T	48	ウ	0	1	1	1	word	0	-	0	1
T	48	エ	1	2	1	1	word	0	-	0	1
T	48	ブ	2	3	1	1	word	0	-	0	1
T	48	サ	3	4	1	1	word	0	-	0	1
T	48	イ	4	5	1	1	word	0	-	0	1
T	48	ト	5	6	1	1	word	0	-	0	1
T	48	h	7	8	1	1	word	0	-	0	1
T	48	t	8	9	1	1	word	0	-	0	1
T	48	t	9	10	1	1	word	0	-	0	1
T	48	p	10	11	1	1	word	0	-	0	1
T	48	s	11	12	1	1	word	0	-	0	1
T	48	w	15	16	1	1	word	0	-	0	1
T	48	w	16	17	1	1	word	0	-	0	1
T	48	w	17	18	1	1	word	0	-	0	1
T	48	e	19	20	1	1	word	0	-	0	1
T	48	x	20	21	1	1	word	0	-	0	1
T	48	a	21	22	1	1	word	0	-	0	1
T	48	m	22	23	1	1	word	0	-	0	1
T	48	p	23	24	1	1	word	0	-	0	1
T	48	l	24	25	1	1	word	0	-	0	1
T	48	e	25	26	1	1	word	0	-	0	1
T	48	c	27	28	1	1	word	0	-	0	1
T	48	o	28	29	1	1	word	0	-	0	1
T	48	m	29	30	1	1	word	0	-	0	1
T	48	を	31	32	1	1	word	0	-	0	1
T	48	参照	32	34	1	1	word	0	-	0	1
E	48	35	35	0
T	49	赤い	0	2	1	1	word	0	-	0	1
T	49	鳥	2	3	1	1	word	0	-	0	1
T	49	が	3	4	1	1	word	0	-	0	1
T	49	青い	4	6	1	1	word	0	-	0	1
T	49	空	6	7	1	1	word	0	-	0	1
T	49	を	7	8	1	1	word	0	-	0	1
T	49	飛ん	8	10	1	1	word	0	-	0	1
T	49	で	10	11	1	1	word	0	-	0	1
T	49	いっ	11	13	1	1	word	0	-	0	1
T	49	た	13	14	1	1	word	0	-	0	1
E	49	15	15	0
T	50	走る	0	2	1	1	word	0	-	0	1
T	50	走っ	3	5	1	1	word	0	-	0	1
T	50	た	5	6	1	1	word	0	-	0	1
T	50	走ら	7	9	1	1	word	0	-	0	1
T	50	ない	9	11	1	1	word	0	-	0	1
T	50	走れ	12	14	1	1	word	0	-	0	1
T	50	ば	14	15	1	1	word	0	-	0	1
T	50	走ろ	16	18	1	1	word	0	-	0	1
T	50	う	18	19	1	1	word	0	-	0	1
E	50	20	20	0
T	51	食べる	0	3	1	1	word	0	-	0	1
T	51	食べ	4	6	1	1	word	0	-	0	1
T	51	た	6	7	1	1	word	0	-	0	1
T	51	食べ	8	10	1	1	word	0	-	0	1
T	51	ない	10	12	1	1	word	0	-	0	1
T	51	食べれ	13	16	1	1	word	0	-	0	1
T	51	ば	16	17	1	1	word	0	-	0	1
T	51	食べよ	18	21	1	1	word	0	-	0	1
T	51	う	21	22	1	1	word	0	-	0	1
E	51	23	23	0
T	52	美しい	0	3	1	1	word	0	-	0	1
T	52	美しかっ	4	8	1	1	word	0	-	0	1
T	52	た	8	9	1	1	word	0	-	0	1
T	52	美しく	10	13	1	1	word	0	-	0	1
T	52	ない	13	15	1	1	word	0	-	0	1
T	52	美しけれ	16	20	1	1	word	0	-	0	1
T	52	ば	20	21	1	1	word	0	-	0	1
E	52	22	22	0
T	53	静か	0	2	1	1	word	0	-	0	1
T	53	だ	2	3	1	1	word	0	-	0	1
T	53	静か	4	6	1	1	word	0	-	0	1
T	53	だっ	6	8	1	1	word	0	-	0	1
T	53	た	8	9	1	1	word	0	-	0	1
T	53	静か	10	12	1	1	word	0	-	0	1
T	53	で	12	13	1	1	word	0	-	0	1
T	53	は	13	14	1	1	word	0	-	0	1
T	53	ない	14	16	1	1	word	0	-	0	1
E	53	17	17	0
T	54	行き	0	2	1	1	word	0	-	0	1
T	54	ます	2	4	1	1	word	0	-	0	1
T	54	行き	5	7	1	1	word	0	-	0	1
T	54	まし	7	9	1	1	word	0	-	0	1
T	54	た	9	10	1	1	word	0	-	0	1
T	54	行き	11	13	1	1	word	0	-	0	1
T	54	ませ	13	15	1	1	word	0	-	0	1
T	54	ん	15	16	1	1	word	0	-	0	1
T	54	行き	17	19	1	1	word	0	-	0	1
T	54	ましょ	19	22	1	1	word	0	-	0	1
T	54	う	22	23	1	1	word	0	-	0	1
E	54	24	24	0
T	55	読ま	0	2	1	1	word	0	-	0	1
T	55	せる	2	4	1	1	word	0	-	0	1
T	55	読ま	5	7	1	1	word	0	-	0	1
T	55	れる	7	9	1	1	word	0	-	0	1
T	55	読ま	10	12	1	1	word	0	-	0	1
T	55	せ	12	13	1	1	word	0	-	0	1
T	55	られる	13	16	1	1	word	0	-	0	1
E	55	17	17	0
T	56	勉強	0	2	1	1	word	0	-	0	1
T	56	し	2	3	1	1	word	0	-	0	1
T	56	たい	3	5	1	1	word	0	-	0	1
T	56	と	5	6	1	1	word	0	-	0	1
T	56	思っ	6	8	1	1	word	0	-	0	1
T	56	て	8	9	1	1	word	0	-	0	1
T	56	い	9	10	1	1	word	0	-	0	1
T	56	た	10	11	1	1	word	0	-	0	1
T	56	が	11	12	1	1	word	0	-	0	1
T	56	時間	13	15	1	1	word	0	-	0	1
T	56	が	15	16	1	1	word	0	-	0	1
T	56	なかっ	16	19	1	1	word	0	-	0	1
T	56	た	19	20	1	1	word	0	-	0	1
E	56	21	21	0
T	57	もし	0	2	1	1	word	0	-	0	1
T	57	明日	2	4	1	1	word	0	-	0	1
T	57	雨	4	5	1	1	word	0	-	0	1
T	57	が	5	6	1	1	word	0	-	0	1
T	57	降っ	6	8	1	1	word	0	-	0	1
T	57	たら	8	10	1	1	word	0	-	0	1
T	57	試合	11	13	1	1	word	0	-	0	1
T	57	は	13	14	1	1	word	0	-	0	1
T	57	中止	14	16	1	1	word	0	-	0	1
T	57	に	16	17	1	1	word	0	-	0	1
T	57	なる	17	19	1	1	word	0	-	0	1
T	57	だろ	19	21	1	1	word	0	-	0	1
T	57	う	21	22	1	1	word	0	-	0	1
E	57	23	23	0
T	58	彼	0	1	1	1	word	0	-	0	1
T	58	が	1	2	1	1	word	0	-	0	1
T	58	来る	2	4	1	1	word	0	-	0	1
T	58	か	4	5	1	1	word	0	-	0	1
T	58	どう	5	7	1	1	word	0	-	0	1
T	58	か	7	8	1	1	word	0	-	0	1
T	58	分から	8	11	1	1	word	0	-	0	1
T	58	ない	11	13	1	1	word	0	-	0	1
E	58	14	14	0
T	59	本	0	1	1	1	word	0	-	0	1
T	59	を	1	2	1	1	word	0	-	0	1
T	59	読む	2	4	1	1	word	0	-	0	1
T	59	こと	4	6	1	1	word	0	-	0	1
T	59	が	6	7	1	1	word	0	-	0	1
T	59	好き	7	9	1	1	word	0	-	0	1
T	59	です	9	11	1	1	word	0	-	0	1
E	59	12	12	0
T	60	早く	0	2	1	1	word	0	-	0	1
T	60	寝	2	3	1	1	word	0	-	0	1
T	60	なさい	3	6	1	1	word	0	-	0	1
E	60	7	7	0
T	61	なんで	0	3	1	1	word	0	-	0	1
T	61	や	3	4	1	1	word	0	-	0	1
T	61	ねん	4	6	1	1	word	0	-	0	1
E	61	7	7	0
T	62	ちょっと	0	4	1	1	word	0	-	0	1
T	62	待っ	4	6	1	1	word	0	-	0	1
T	62	て	6	7	1	1	word	0	-	0	1
T	62	ください	7	11	1	1	word	0	-	0	1
T	62	ね	11	12	1	1	word	0	-	0	1
E	62	13	13	0
T	63	えーっと	0	4	1	1	word	0	-	0	1
T	63	何	5	6	1	1	word	0	-	0	1
T	63	だ	6	7	1	1	word	0	-	0	1
T	63	っけ	7	9	1	1	word	0	-	0	1
E	63	10	10	0
T	64	ワールドカツプ	0	7	1	1	word	0	-	0	1
T	64	サツカー	7	11	1	1	word	0	-	0	1
T	64	日本	11	13	1	1	word	0	-	0	1
T	64	代表	13	15	1	1	word	0	-	0	1
T	64	チーム	15	18	1	1	word	0	-	0	1
E	64	18	18	0
T	65	アイスクリーム	0	7	1	1	word	0	-	0	1
T	65	シヨツプ	7	11	1	1	word	0	-	0	1
T	65	で	11	12	1	1	word	0	-	0	1
T	65	バニラ	12	15	1	1	word	0	-	0	1
T	65	アイス	15	18	1	1	word	0	-	0	1
T	65	を	18	19	1	1	word	0	-	0	1
T	65	買っ	19	21	1	1	word	0	-	0	1
T	65	た	21	22	1	1	word	0	-	0	1
E	65	23	23	0
T	66	デパート	0	4	1	1	word	0	-	0	1
T	66	の	4	5	1	1	word	0	-	0	1
T	66	地下	5	7	1	1	word	0	-	0	1
T	66	食品	7	9	1	1	word	0	-	0	1
T	66	売り場	9	12	1	1	word	0	-	0	1
T	66	は	12	13	1	1	word	0	-	0	1
T	66	混雑	13	15	1	1	word	0	-	0	1
T	66	し	15	16	1	1	word	0	-	0	1
T	66	て	16	17	1	1	word	0	-	0	1
T	66	い	17	18	1	1	word	0	-	0	1
T	66	た	18	19	1	1	word	0	-	0	1
E	66	20	20	0
T	67	プログラミング	0	7	1	1	word	0	-	0	1
T	67	言語	7	9	1	1	word	0	-	0	1
T	67	の	9	10	1	1	word	0	-	0	1
T	67	比較	10	12	1	1	word	0	-	0	1
T	67	研究	12	14	1	1	word	0	-	0	1
E	67	15	15	0
T	68	ジ	0	1	1	1	word	0	-	0	1
T	68	ヤ	1	2	1	1	word	0	-	0	1
T	68	バ	2	3	1	1	word	0	-	0	1
T	68	ス	3	4	1	1	word	0	-	0	1
T	68	ク	4	5	1	1	word	0	-	0	1
T	68	リ	5	6	1	1	word	0	-	0	1
T	68	プ	6	7	1	1	word	0	-	0	1
T	68	ト	7	8	1	1	word	0	-	0	1
T	68	と	8	9	1	1	word	0	-	0	1
T	68	パ	9	10	1	1	word	0	-	0	1
T	68	イ	10	11	1	1	word	0	-	0	1
T	68	ソ	11	12	1	1	word	0	-	0	1
T	68	ン	12	13	1	1	word	0	-	0	1
T	68	と	13	14	1	1	word	0	-	0	1
T	68	ラスト	14	17	1	1	word	0	-	0	1
E	68	18	18	0
T	69	キーボード	0	5	1	1	word	0	-	0	1
T	69	と	5	6	1	1	word	0	-	0	1
T	69	マウス	6	9	1	1	word	0	-	0	1
T	69	と	9	10	1	1	word	0	-	0	1
T	69	デイスプレイ	10	16	1	1	word	0	-	0	1
E	69	17	17	0
T	70	この	0	2	1	1	word	0	-	0	1
T	70	料理	2	4	1	1	word	0	-	0	1
T	70	めっちゃ	5	9	1	1	word	0	-	0	1
T	70	美味しい	9	13	1	1	word	0	-	0	1
E	70	14	14	0
T	71	すご	0	2	1	1	word	0	-	0	1
T	71	ー	2	3	1	1	word	0	-	0	1
T	71	い	3	4	1	1	word	0	-	0	1
T	71	やっ	5	7	1	1	word	0	-	0	1
T	71	た	7	8	1	1	word	0	-	0	1
T	71	ー	8	9	1	1	word	0	-	0	1
E	71	10	10	0
T	72	うう	0	2	1	1	word	0	-	0	1
T	72	う	2	3	1	1	word	0	-	0	1
T	72	寒い	4	6	1	1	word	0	-	0	1
T	72	よ	6	7	1	1	word	0	-	0	1
T	72	ぉ	7	8	1	1	word	0	-	0	1
E	72	9	9	0
T	73	ハア	0	2	1	1	word	0	-	0	1
T	73	ハア	2	4	1	1	word	0	-	0	1
T	73	疲れ	5	7	1	1	word	0	-	0	1
T	73	た	7	8	1	1	word	0	-	0	1
E	73	9	9	0
T	74	私	0	1	1	1	word	0	-	0	1
T	74	たち	1	3	1	1	word	0	-	0	1
T	74	は	3	4	1	1	word	0	-	0	1
T	74	明日	5	7	1	1	word	0	-	0	1
T	74	京都	8	10	1	1	word	0	-	0	1
T	74	へ	10	11	1	1	word	0	-	0	1
T	74	行く	12	14	1	1	word	0	-	0	1
E	74	15	15	0
T	75	中黒	1	3	1	1	word	0	-	0	1
T	75	区切り	4	7	1	1	word	0	-	0	1
T	75	テスト	8	11	1	1	word	0	-	0	1
E	75	12	12	0
T	76	重要	1	3	1	1	word	0	-	0	1
T	76	お知らせ	4	8	1	1	word	0	-	0	1
T	76	新着	9	11	1	1	word	0	-	0	1
E	76	12	12	0
T	77	注意	1	3	1	1	word	0	-	0	1
T	77	この	4	6	1	1	word	0	-	0	1
T	77	先	6	7	1	1	word	0	-	0	1
T	77	工事	8	10	1	1	word	0	-	0	1
T	77	中	10	11	1	1	word	0	-	0	1
E	77	12	12	0
T	78	1	1	2	1	1	word	0	-	0	1
T	78	0	2	3	1	1	word	0	-	0	1
T	78	0	3	4	1	1	word	0	-	0	1
T	78	0	5	6	1	1	word	0	-	0	1
T	78	0	6	7	1	1	word	0	-	0	1
T	78	0	7	8	1	1	word	0	-	0	1
T	78	1	8	9	1	1	word	0	-	0	1
T	78	東京	10	12	1	1	word	0	-	0	1
T	78	都	12	13	1	1	word	0	-	0	1
T	78	千代田	13	16	1	1	word	0	-	0	1
T	78	区	16	17	1	1	word	0	-	0	1
T	78	千代田	17	20	1	1	word	0	-	0	1
T	78	1	20	21	1	1	word	0	-	0	1
T	78	1	22	23	1	1	word	0	-	0	1
E	78	23	23	0
T	79	株式	0	2	1	1	word	0	-	0	1
T	79	会社	2	4	1	1	word	0	-	0	1
T	79	A	4	5	1	1	word	0	-	0	1
T	79	B	5	6	1	1	word	0	-	0	1
T	79	C	6	7	1	1	word	0	-	0	1
T	79	ホールデイングス	7	15	1	1	word	0	-	0	1
T	79	代表	15	17	1	1	word	0	-	0	1
T	79	取締役	17	20	1	1	word	0	-	0	1
T	79	社長	20	22	1	1	word	0	-	0	1
E	79	22	22	0
T	80	北海道	0	3	1	1	word	0	-	0	1
T	80	札幌	3	5	1	1	word	0	-	0	1
T	80	市	5	6	1	1	word	0	-	0	1
T	80	中央	6	8	1	1	word	0	-	0	1
T	80	区	8	9	1	1	word	0	-	0	1
T	80	北一条西	9	13	1	1	word	0	-	0	1
T	80	二	13	14	1	1	word	0	-	0	1
T	80	丁目	14	16	1	1	word	0	-	0	1
E	80	16	16	0
T	81	大阪	0	2	1	1	word	0	-	0	1
T	81	府	2	3	1	1	word	0	-	0	1
T	81	大阪	3	5	1	1	word	0	-	0	1
T	81	市	5	6	1	1	word	0	-	0	1
T	81	北	6	7	1	1	word	0	-	0	1
T	81	区	7	8	1	1	word	0	-	0	1
T	81	梅田	8	10	1	1	word	0	-	0	1
T	81	三	10	11	1	1	word	0	-	0	1
T	81	丁目	11	13	1	1	word	0	-	0	1
T	81	一番	13	15	1	1	word	0	-	0	1
T	81	一	15	16	1	1	word	0	-	0	1
T	81	号	16	17	1	1	word	0	-	0	1
E	81	17	17	0
T	82	福岡	0	2	1	1	word	0	-	0	1
T	82	県	2	3	1	1	word	0	-	0	1
T	82	北九州	3	6	1	1	word	0	-	0	1
T	82	市	6	7	1	1	word	0	-	0	1
T	82	小倉北	7	10	1	1	word	0	-	0	1
T	82	区	10	11	1	1	word	0	-	0	1
E	82	11	11	0
T	83	沖縄	0	2	1	1	word	0	-	0	1
T	83	県	2	3	1	1	word	0	-	0	1
T	83	那覇	3	5	1	1	word	0	-	0	1
T	83	市	5	6	1	1	word	0	-	0	1
E	83	6	6	0
T	84	富士山	0	3	1	1	word	0	-	0	1
T	84	は	3	4	1	1	word	0	-	0	1
T	84	日本一	4	7	1	1	word	0	-	0	1
T	84	高い	7	9	1	1	word	0	-	0	1
T	84	山	9	10	1	1	word	0	-	0	1
T	84	です	10	12	1	1	word	0	-	0	1
E	84	13	13	0
T	85	琵琶湖	0	3	1	1	word	0	-	0	1
T	85	は	3	4	1	1	word	0	-	0	1
T	85	日本	4	6	1	1	word	0	-	0	1
T	85	最大	6	8	1	1	word	0	-	0	1
T	85	の	8	9	1	1	word	0	-	0	1
T	85	湖	9	10	1	1	word	0	-	0	1
T	85	で	10	11	1	1	word	0	-	0	1
T	85	ある	11	13	1	1	word	0	-	0	1
E	85	14	14	0
T	86	信濃	0	2	1	1	word	0	-	0	1
T	86	川	2	3	1	1	word	0	-	0	1
T	86	は	3	4	1	1	word	0	-	0	1
T	86	日本	4	6	1	1	word	0	-	0	1
T	86	で	6	7	1	1	word	0	-	0	1
T	86	最も	7	9	1	1	word	0	-	0	1
T	86	長い	9	11	1	1	word	0	-	0	1
T	86	川	11	12	1	1	word	0	-	0	1
T	86	だ	12	13	1	1	word	0	-	0	1
E	86	14	14	0
T	87	桜	0	1	1	1	word	0	-	0	1
T	87	の	1	2	1	1	word	0	-	0	1
T	87	花	2	3	1	1	word	0	-	0	1
T	87	が	3	4	1	1	word	0	-	0	1
T	87	満開	4	6	1	1	word	0	-	0	1
T	87	に	6	7	1	1	word	0	-	0	1
T	87	なっ	7	9	1	1	word	0	-	0	1
T	87	た	9	10	1	1	word	0	-	0	1
E	87	11	11	0
T	88	紅葉狩り	0	4	1	1	word	0	-	0	1
T	88	に	4	5	1	1	word	0	-	0	1
T	88	出かけ	5	8	1	1	word	0	-	0	1
T	88	ましょ	8	11	1	1	word	0	-	0	1
T	88	う	11	12	1	1	word	0	-	0	1
E	88	13	13	0
T	89	年末	0	2	1	1	word	0	-	0	1
T	89	年始	2	4	1	1	word	0	-	0	1
T	89	の	4	5	1	1	word	0	-	0	1
T	89	休業	5	7	1	1	word	0	-	0	1
T	89	日	7	8	1	1	word	0	-	0	1
T	89	の	8	9	1	1	word	0	-	0	1
T	89	お知らせ	9	13	1	1	word	0	-	0	1
E	89	13	13	0
T	90	新型	0	2	1	1	word	0	-	0	1
T	90	コロナ	2	5	1	1	word	0	-	0	1
T	90	ウイルス	5	9	1	1	word	0	-	0	1
T	90	感染	9	11	1	1	word	0	-	0	1
T	90	症	11	12	1	1	word	0	-	0	1
T	90	対策	12	14	1	1	word	0	-	0	1
T	90	本部	14	16	1	1	word	0	-	0	1
E	90	16	16	0
T	91	国際	0	2	1	1	word	0	-	0	1
T	91	連合	2	4	1	1	word	0	-	0	1
T	91	教育	4	6	1	1	word	0	-	0	1
T	91	科学	6	8	1	1	word	0	-	0	1
T	91	文化	8	10	1	1	word	0	-	0	1
T	91	機関	10	12	1	1	word	0	-	0	1
E	91	12	12	0
T	92	世界	0	2	1	1	word	0	-	0	1
T	92	保健	2	4	1	1	word	0	-	0	1
T	92	機関	4	6	1	1	word	0	-	0	1
T	92	の	6	7	1	1	word	0	-	0	1
T	92	事務	7	9	1	1	word	0	-	0	1
T	92	局長	9	11	1	1	word	0	-	0	1
E	92	11	11	0
T	93	内閣	0	2	1	1	word	0	-	0	1
T	93	総理	2	4	1	1	word	0	-	0	1
T	93	大臣	4	6	1	1	word	0	-	0	1
T	93	が	6	7	1	1	word	0	-	0	1
T	93	記者	7	9	1	1	word	0	-	0	1
T	93	会見	9	11	1	1	word	0	-	0	1
T	93	を	11	12	1	1	word	0	-	0	1
T	93	行っ	12	14	1	1	word	0	-	0	1
T	93	た	14	15	1	1	word	0	-	0	1
E	93	16	16	0
T	94	衆議院	0	3	1	1	word	0	-	0	1
T	94	議員	3	5	1	1	word	0	-	0	1
T	94	総	5	6	1	1	word	0	-	0	1
T	94	選挙	6	8	1	1	word	0	-	0	1
T	94	の	8	9	1	1	word	0	-	0	1
T	94	投票	9	11	1	1	word	0	-	0	1
T	94	日	11	12	1	1	word	0	-	0	1
E	94	12	12	0
T	95	最高	0	2	1	1	word	0	-	0	1
T	95	裁判所	2	5	1	1	word	0	-	0	1
T	95	の	5	6	1	1	word	0	-	0	1
T	95	判決	6	8	1	1	word	0	-	0	1
T	95	が	8	9	1	1	word	0	-	0	1
T	95	下さ	9	11	1	1	word	0	-	0	1
T	95	れ	11	12	1	1	word	0	-	0	1
T	95	た	12	13	1	1	word	0	-	0	1
E	95	14	14	0
T	96	経済	0	2	1	1	word	0	-	0	1
T	96	産業	2	4	1	1	word	0	-	0	1
T	96	省	4	5	1	1	word	0	-	0	1
T	96	と	5	6	1	1	word	0	-	0	1
T	96	文部	6	8	1	1	word	0	-	0	1
T	96	科学	8	10	1	1	word	0	-	0	1
T	96	省	10	11	1	1	word	0	-	0	1
E	96	11	11	0
T	97	少子	0	2	1	1	word	0	-	0	1
T	97	高齢	2	4	1	1	word	0	-	0	1
T	97	化	4	5	1	1	word	0	-	0	1
T	97	社会	5	7	1	1	word	0	-	0	1
T	97	における	7	11	1	1	word	0	-	0	1
T	97	社会	11	13	1	1	word	0	-	0	1
T	97	保障	13	15	1	1	word	0	-	0	1
T	97	制度	15	17	1	1	word	0	-	0	1
T	97	改革	17	19	1	1	word	0	-	0	1
E	97	19	19	0
T	98	再生	0	2	1	1	word	0	-	0	1
T	98	可能	2	4	1	1	word	0	-	0	1
T	98	エネルギー	4	9	1	1	word	0	-	0	1
T	98	の	9	10	1	1	word	0	-	0	1
T	98	普及	10	12	1	1	word	0	-	0	1
T	98	促進	12	14	1	1	word	0	-	0	1
E	98	14	14	0
T	99	半導体	0	3	1	1	word	0	-	0	1
T	99	製造	3	5	1	1	word	0	-	0	1
T	99	装置	5	7	1	1	word	0	-	0	1
T	99	の	7	8	1	1	word	0	-	0	1
T	99	輸出	8	10	1	1	word	0	-	0	1
T	99	規制	10	12	1	1	word	0	-	0	1
E	99	12	12	0
T	100	量子	0	2	1	1	word	0	-	0	1
T	100	コンピユーター	2	9	1	1	word	0	-	0	1
T	100	の	9	10	1	1	word	0	-	0	1
T	100	研究	10	12	1	1	word	0	-	0	1
T	100	開発	12	14	1	1	word	0	-	0	1
E	100	14	14	0
T	101	遺伝子	0	3	1	1	word	0	-	0	1
T	101	組み換え	3	7	1	1	word	0	-	0	1
T	101	作物	7	9	1	1	word	0	-	0	1
T	101	の	9	10	1	1	word	0	-	0	1
T	101	安全	10	12	1	1	word	0	-	0	1
T	101	性	12	13	1	1	word	0	-	0	1
T	101	評価	13	15	1	1	word	0	-	0	1
E	101	15	15	0
T	102	宇宙	0	2	1	1	word	0	-	0	1
T	102	航空	2	4	1	1	word	0	-	0	1
T	102	研究	4	6	1	1	word	0	-	0	1
T	102	開発	6	8	1	1	word	0	-	0	1
T	102	機構	8	10	1	1	word	0	-	0	1
T	102	の	10	11	1	1	word	0	-	0	1
T	102	人工	11	13	1	1	word	0	-	0	1
T	102	衛星	13	15	1	1	word	0	-	0	1
T	102	打ち上げ	15	19	1	1	word	0	-	0	1
E	102	19	19	0
T	103	陸上	0	2	1	1	word	0	-	0	1
T	103	競技	2	4	1	1	word	0	-	0	1
T	103	百	4	5	1	1	word	0	-	0	1
T	103	メートル	5	9	1	1	word	0	-	0	1
T	103	走	9	10	1	1	word	0	-	0	1
T	103	の	10	11	1	1	word	0	-	0	1
T	103	世界	11	13	1	1	word	0	-	0	1
T	103	記録	13	15	1	1	word	0	-	0	1
E	103	15	15	0
T	104	野球	0	2	1	1	word	0	-	0	1
T	104	サツカー	3	7	1	1	word	0	-	0	1
T	104	バスケツトボール	8	16	1	1	word	0	-	0	1
T	104	テニス	17	20	1	1	word	0	-	0	1
E	104	20	20	0
T	105	朝	0	1	1	1	word	0	-	0	1
T	105	ご飯	1	3	1	1	word	0	-	0	1
T	105	を	3	4	1	1	word	0	-	0	1
T	105	食べ	4	6	1	1	word	0	-	0	1
T	105	ず	6	7	1	1	word	0	-	0	1
T	105	に	7	8	1	1	word	0	-	0	1
T	105	学校	8	10	1	1	word	0	-	0	1
T	105	へ	10	11	1	1	word	0	-	0	1
T	105	行っ	11	13	1	1	word	0	-	0	1
T	105	た	13	14	1	1	word	0	-	0	1
E	105	15	15	0
T	106	彼	0	1	1	1	word	0	-	0	1
T	106	は	1	2	1	1	word	0	-	0	1
T	106	医者	2	4	1	1	word	0	-	0	1
T	106	に	4	5	1	1	word	0	-	0	1
T	106	なり	5	7	1	1	word	0	-	0	1
T	106	たい	7	9	1	1	word	0	-	0	1
T	106	と	9	10	1	1	word	0	-	0	1
T	106	言っ	10	12	1	1	word	0	-	0	1
T	106	て	12	13	1	1	word	0	-	0	1
T	106	いる	13	15	1	1	word	0	-	0	1
E	106	16	16	0
T	107	雨	0	1	1	1	word	0	-	0	1
T	107	に	1	2	1	1	word	0	-	0	1
T	107	も	2	3	1	1	word	0	-	0	1
T	107	負け	3	5	1	1	word	0	-	0	1
T	107	ず	5	6	1	1	word	0	-	0	1
T	107	風	6	7	1	1	word	0	-	0	1
T	107	に	7	8	1	1	word	0	-	0	1
T	107	も	8	9	1	1	word	0	-	0	1
T	107	負け	9	11	1	1	word	0	-	0	1
T	107	ず	11	12	1	1	word	0	-	0	1
E	107	12	12	0
T	108	春	0	1	1	1	word	0	-	0	1
T	108	は	1	2	1	1	word	0	-	0	1
T	108	あけぼの	2	6	1	1	word	0	-	0	1
T	108	やうやう	7	11	1	1	word	0	-	0	1
T	108	白く	11	13	1	1	word	0	-	0	1
T	108	なり	13	15	1	1	word	0	-	0	1
T	108	ゆく	15	17	1	1	word	0	-	0	1
T	108	山	17	18	1	1	word	0	-	0	1
T	108	ぎ	18	19	1	1	word	0	-	0	1
T	108	は	19	20	1	1	word	0	-	0	1
E	108	21	21	0
T	109	月日	0	2	1	1	word	0	-	0	1
T	109	は	2	3	1	1	word	0	-	0	1
T	109	百	3	4	1	1	word	0	-	0	1
T	109	代	4	5	1	1	word	0	-	0	1
T	109	の	5	6	1	1	word	0	-	0	1
T	109	過客	6	8	1	1	word	0	-	0	1
T	109	に	8	9	1	1	word	0	-	0	1
T	109	し	9	10	1	1	word	0	-	0	1
T	109	て	10	11	1	1	word	0	-	0	1
T	109	行き	12	14	1	1	word	0	-	0	1
T	109	か	14	15	1	1	word	0	-	0	1
T	109	ふ	15	16	1	1	word	0	-	0	1
T	109	年	16	17	1	1	word	0	-	0	1
T	109	も	17	18	1	1	word	0	-	0	1
T	109	また	18	20	1	1	word	0	-	0	1
T	109	旅人	20	22	1	1	word	0	-	0	1
T	109	なり	22	24	1	1	word	0	-	0	1
E	109	25	25	0
T	110	祇園	0	2	1	1	word	0	-	0	1
T	110	精舎	2	4	1	1	word	0	-	0	1
T	110	の	4	5	1	1	word	0	-	0	1
T	110	鐘	5	6	1	1	word	0	-	0	1
T	110	の	6	7	1	1	word	0	-	0	1
T	110	声	7	8	1	1	word	0	-	0	1
T	110	諸行	9	11	1	1	word	0	-	0	1
T	110	無常	11	13	1	1	word	0	-	0	1
T	110	の	13	14	1	1	word	0	-	0	1
T	110	響き	14	16	1	1	word	0	-	0	1
T	110	あり	16	18	1	1	word	0	-	0	1
E	110	19	19	0
T	111	々	0	1	1	1	word	0	-	0	1
T	111	々	1	2	1	1	word	0	-	0	1
T	111	々	2	3	1	1	word	0	-	0	1
E	111	3	3	0
T	112	ゝ	0	1	1	1	word	0	-	0	1
T	112	ゞ	1	2	1	1	word	0	-	0	1
T	112	ヽ	2	3	1	1	word	0	-	0	1
T	112	ヾ	3	4	1	1	word	0	-	0	1
E	112	4	4	0
T	113	こ	0	1	1	1	word	0	-	0	1
T	113	ゝ	1	2	1	1	word	0	-	0	1
T	113	ろ	2	3	1	1	word	0	-	0	1
T	113	みす	4	6	1	1	word	0	-	0	1
T	113	ゞ	6	7	1	1	word	0	-	0	1
T	113	いすゞ	8	11	1	1	word	0	-	0	1
T	113	ぶ	12	13	1	1	word	0	-	0	1
T	113	ゞ	13	14	1	1	word	0	-	0	1
T	113	漬け	14	16	1	1	word	0	-	0	1
E	113	16	16	0
T	114	ー	0	1	1	1	word	0	-	0	1
T	114	長音	1	3	1	1	word	0	-	0	1
T	114	ー	3	4	1	1	word	0	-	0	1
E	114	4	4	0
E	115	4	4	0
T	116	😀	0	2	1	1	word	0	-	0	1
T	116	絵文字	2	5	1	1	word	0	-	0	1
T	116	😀	5	7	1	1	word	0	-	0	1
T	116	も	7	8	1	1	word	0	-	0	1
T	116	入れ	8	10	1	1	word	0	-	0	1
T	116	て	10	11	1	1	word	0	-	0	1
T	116	みる	11	13	1	1	word	0	-	0	1
E	116	13	13	0
T	117	𠮷	0	2	1	1	word	0	-	0	1
T	117	野家	2	4	1	1	word	0	-	0	1
T	117	で	4	5	1	1	word	0	-	0	1
T	117	牛	5	6	1	1	word	0	-	0	1
T	117	丼	6	7	1	1	word	0	-	0	1
T	117	を	7	8	1	1	word	0	-	0	1
T	117	食べ	8	10	1	1	word	0	-	0	1
T	117	た	10	11	1	1	word	0	-	0	1
E	117	12	12	0
T	118	A	0	1	1	1	word	0	-	0	1
T	118	B	1	2	1	1	word	0	-	0	1
T	118	C	2	3	1	1	word	0	-	0	1
T	118	D	3	4	1	1	word	0	-	0	1
T	118	E	4	5	1	1	word	0	-	0	1
T	118	F	5	6	1	1	word	0	-	0	1
T	118	G	6	7	1	1	word	0	-	0	1
T	118	a	8	9	1	1	word	0	-	0	1
T	118	b	9	10	1	1	word	0	-	0	1
T	118	c	10	11	1	1	word	0	-	0	1
T	118	d	11	12	1	1	word	0	-	0	1
T	118	e	12	13	1	1	word	0	-	0	1
T	118	f	13	14	1	1	word	0	-	0	1
T	118	g	14	15	1	1	word	0	-	0	1
T	118	0	16	17	1	1	word	0	-	0	1
T	118	1	17	18	1	1	word	0	-	0	1
T	118	2	18	19	1	1	word	0	-	0	1
T	118	3	19	20	1	1	word	0	-	0	1
T	118	4	20	21	1	1	word	0	-	0	1
T	118	5	21	22	1	1	word	0	-	0	1
T	118	6	22	23	1	1	word	0	-	0	1
T	118	7	23	24	1	1	word	0	-	0	1
T	118	8	24	25	1	1	word	0	-	0	1
T	118	9	25	26	1	1	word	0	-	0	1
E	118	26	26	0
T	119	Ｈ	0	1	1	1	word	0	-	0	1
T	119	ｅ	1	2	1	1	word	0	-	0	1
T	119	ｌ	2	3	1	1	word	0	-	0	1
T	119	ｌ	3	4	1	1	word	0	-	0	1
T	119	ｏ	4	5	1	1	word	0	-	0	1
T	119	Ｗ	6	7	1	1	word	0	-	0	1
T	119	ｏ	7	8	1	1	word	0	-	0	1
T	119	ｒ	8	9	1	1	word	0	-	0	1
T	119	ｌ	9	10	1	1	word	0	-	0	1
T	119	ｄ	10	11	1	1	word	0	-	0	1
E	119	11	11	0
T	120	全角	0	2	1	1	word	0	-	0	1
T	120	スペース	2	6	1	1	word	0	-	0	1
T	120	を	7	8	1	1	word	0	-	0	1
T	120	含む	9	11	1	1	word	0	-	0	1
T	120	文	12	13	1	1	word	0	-	0	1
E	120	13	13	0
T	121	タブ	0	2	1	1	word	0	-	0	1
T	121	を	3	4	1	1	word	0	-	0	1
T	121	含む	5	7	1	1	word	0	-	0	1
T	121	文	8	9	1	1	word	0	-	0	1
E	121	9	9	0
T	122	改行	0	2	1	1	word	0	-	0	1
T	122	の	2	3	1	1	word	0	-	0	1
T	122	無い	3	5	1	1	word	0	-	0	1
T	122	非常	5	7	1	1	word	0	-	0	1
T	122	に	7	8	1	1	word	0	-	0	1
T	122	長い	8	10	1	1	word	0	-	0	1
T	122	文章	10	12	1	1	word	0	-	0	1
T	122	を	12	13	1	1	word	0	-	0	1
T	122	作る	13	15	1	1	word	0	-	0	1
T	122	ため	15	17	1	1	word	0	-	0	1
T	122	に	17	18	1	1	word	0	-	0	1
T	122	同じ	18	20	1	1	word	0	-	0	1
T	122	よう	20	22	1	1	word	0	-	0	1
T	122	な	22	23	1	1	word	0	-	0	1
T	122	言葉	23	25	1	1	word	0	-	0	1
T	122	を	25	26	1	1	word	0	-	0	1
T	122	何	26	27	1	1	word	0	-	0	1
T	122	度	27	28	1	1	word	0	-	0	1
T	122	も	28	29	1	1	word	0	-	0	1
T	122	繰り返し	29	33	1	1	word	0	-	0	1
T	122	て	33	34	1	1	word	0	-	0	1
T	122	書い	34	36	1	1	word	0	-	0	1
T	122	て	36	37	1	1	word	0	-	0	1
T	122	みる	37	39	1	1	word	0	-	0	1
T	122	こと	39	41	1	1	word	0	-	0	1
T	122	に	41	42	1	1	word	0	-	0	1
T	122	し	42	43	1	1	word	0	-	0	1
T	122	まし	43	45	1	1	word	0	-	0	1
T	122	た	45	46	1	1	word	0	-	0	1
T	122	が	46	47	1	1	word	0	-	0	1
T	122	それでも	47	51	1	1	word	0	-	0	1
T	122	まだ	51	53	1	1	word	0	-	0	1
T	122	足り	53	55	1	1	word	0	-	0	1
T	122	ない	55	57	1	1	word	0	-	0	1
T	122	かも	57	59	1	1	word	0	-	0	1
T	122	しれ	59	61	1	1	word	0	-	0	1
T	122	ない	61	63	1	1	word	0	-	0	1
T	122	ので	63	65	1	1	word	0	-	0	1
T	122	もう少し	65	69	1	1	word	0	-	0	1
T	122	続け	69	71	1	1	word	0	-	0	1
T	122	て	71	72	1	1	word	0	-	0	1
T	122	書い	72	74	1	1	word	0	-	0	1
T	122	て	74	75	1	1	word	0	-	0	1
T	122	おく	75	77	1	1	word	0	-	0	1
T	122	こと	77	79	1	1	word	0	-	0	1
T	122	に	79	80	1	1	word	0	-	0	1
T	122	し	80	81	1	1	word	0	-	0	1
T	122	ます	81	83	1	1	word	0	-	0	1
E	122	84	84	0
T	123	一	0	1	1	1	word	0	-	0	1
T	123	二	1	2	1	1	word	0	-	0	1
T	123	三	2	3	1	1	word	0	-	0	1
T	123	四	3	4	1	1	word	0	-	0	1
T	123	五	4	5	1	1	word	0	-	0	1
T	123	六	5	6	1	1	word	0	-	0	1
T	123	七	6	7	1	1	word	0	-	0	1
T	123	八	7	8	1	1	word	0	-	0	1
T	123	九	8	9	1	1	word	0	-	0	1
T	123	十	9	10	1	1	word	0	-	0	1
T	123	百	10	11	1	1	word	0	-	0	1
T	123	千	11	12	1	1	word	0	-	0	1
T	123	万	12	13	1	1	word	0	-	0	1
T	123	億	13	14	1	1	word	0	-	0	1
T	123	兆	14	15	1	1	word	0	-	0	1
E	123	15	15	0
T	124	〇	0	1	1	1	word	0	-	0	1
T	124	一	1	2	1	1	word	0	-	0	1
T	124	二	2	3	1	1	word	0	-	0	1
T	124	三	3	4	1	1	word	0	-	0	1
E	124	4	4	0
T	125	第	0	1	1	1	word	0	-	0	1
T	125	１	1	2	1	1	word	0	-	0	1
T	125	回	2	3	1	1	word	0	-	0	1
T	125	日本語	3	6	1	1	word	0	-	0	1
T	125	処理	6	8	1	1	word	0	-	0	1
T	125	勉強	8	10	1	1	word	0	-	0	1
T	125	会	10	11	1	1	word	0	-	0	1
E	125	11	11	0
T	126	ＪＲ東日本	0	5	1	1	word	0	-	0	1
T	126	の	5	6	1	1	word	0	-	0	1
T	126	山手	6	8	1	1	word	0	-	0	1
T	126	線	8	9	1	1	word	0	-	0	1
E	126	9	9	0
T	127	ＮＨＫ	0	3	1	1	word	0	-	0	1
T	127	放送	3	5	1	1	word	0	-	0	1
T	127	センター	5	9	1	1	word	0	-	0	1
E	127	9	9	0
T	128	Ｕ	0	1	1	1	word	0	-	0	1
T	128	Ｓ	1	2	1	1	word	0	-	0	1
T	128	Ｂ	2	3	1	1	word	0	-	0	1
T	128	メモリー	3	7	1	1	word	0	-	0	1
T	128	と	7	8	1	1	word	0	-	0	1
T	128	Ｓ	8	9	1	1	word	0	-	0	1
T	128	Ｄ	9	10	1	1	word	0	-	0	1
T	128	カード	10	13	1	1	word	0	-	0	1
E	128	13	13	0
T	129	アメリカ合衆国	0	7	1	1	word	0	-	0	1
T	129	大統領	7	10	1	1	word	0	-	0	1
T	129	選挙	10	12	1	1	word	0	-	0	1
E	129	12	12	0
T	130	ロシア	0	3	1	1	word	0	-	0	1
T	130	連邦	3	5	1	1	word	0	-	0	1
T	130	と	5	6	1	1	word	0	-	0	1
T	130	ウクライナ	6	11	1	1	word	0	-	0	1
E	130	11	11	0
T	131	中華人民共和国	0	7	1	1	word	0	-	0	1
T	131	の	7	8	1	1	word	0	-	0	1
T	131	首都	8	10	1	1	word	0	-	0	1
T	131	北京	10	12	1	1	word	0	-	0	1
E	131	12	12	0
T	132	大韓民国	0	4	1	1	word	0	-	0	1
T	132	の	4	5	1	1	word	0	-	0	1
T	132	ソウル	5	8	1	1	word	0	-	0	1
T	132	特別	8	10	1	1	word	0	-	0	1
T	132	市	10	11	1	1	word	0	-	0	1
E	132	11	11	0
T	133	ヨーロツパ	0	5	1	1	word	0	-	0	1
T	133	連合	5	7	1	1	word	0	-	0	1
T	133	の	7	8	1	1	word	0	-	0	1
T	133	欧州	8	10	1	1	word	0	-	0	1
T	133	委員	10	12	1	1	word	0	-	0	1
T	133	会	12	13	1	1	word	0	-	0	1
E	133	13	13	0
T	134	カリフオルニア	0	7	1	1	word	0	-	0	1
T	134	州	7	8	1	1	word	0	-	0	1
T	134	ロサンゼルス	8	14	1	1	word	0	-	0	1
E	134	14	14	0
T	135	ニユーヨーク	0	6	1	1	word	0	-	0	1
T	135	タイムズ	7	11	1	1	word	0	-	0	1
T	135	紙	11	12	1	1	word	0	-	0	1
E	135	12	12	0
T	136	ワシントン	0	5	1	1	word	0	-	0	1
T	136	ポスト	6	9	1	1	word	0	-	0	1
E	136	9	9	0
T	137	アツプル	0	4	1	1	word	0	-	0	1
T	137	グ	5	6	1	1	word	0	-	0	1
T	137	ー	6	7	1	1	word	0	-	0	1
T	137	グ	7	8	1	1	word	0	-	0	1
T	137	ル	8	9	1	1	word	0	-	0	1
T	137	マイクロソフト	10	17	1	1	word	0	-	0	1
T	137	アマゾン	18	22	1	1	word	0	-	0	1
E	137	22	22	0
T	138	トヨタ自動車	0	6	1	1	word	0	-	0	1
T	138	と	6	7	1	1	word	0	-	0	1
T	138	ホンダ	7	10	1	1	word	0	-	0	1
T	138	と	10	11	1	1	word	0	-	0	1
T	138	ソニー	11	14	1	1	word	0	-	0	1
E	138	14	14	0
T	139	ジヨン	0	3	1	1	word	0	-	0	1
T	139	スミス	4	7	1	1	word	0	-	0	1
T	139	さん	7	9	1	1	word	0	-	0	1
T	139	と	9	10	1	1	word	0	-	0	1
T	139	メアリー	10	14	1	1	word	0	-	0	1
T	139	ジヨーンズ	15	20	1	1	word	0	-	0	1
T	139	さん	20	22	1	1	word	0	-	0	1
E	139	22	22	0
T	140	シヤーロツク	0	6	1	1	word	0	-	0	1
T	140	ホームズ	7	11	1	1	word	0	-	0	1
T	140	の	11	12	1	1	word	0	-	0	1
T	140	冒険	12	14	1	1	word	0	-	0	1
E	140	14	14	0
T	141	ハリー	0	3	1	1	word	0	-	0	1
T	141	ポ	4	5	1	1	word	0	-	0	1
T	141	ツ	5	6	1	1	word	0	-	0	1
T	141	タ	6	7	1	1	word	0	-	0	1
T	141	ー	7	8	1	1	word	0	-	0	1
T	141	と	8	9	1	1	word	0	-	0	1
T	141	賢者	9	11	1	1	word	0	-	0	1
T	141	の	11	12	1	1	word	0	-	0	1
T	141	石	12	13	1	1	word	0	-	0	1
E	141	13	13	0
T	142	ドラえもん	0	5	1	1	word	0	-	0	1
T	142	と	5	6	1	1	word	0	-	0	1
T	142	のび太	6	9	1	1	word	0	-	0	1
E	142	9	9	0
T	143	ポケツト	0	4	1	1	word	0	-	0	1
T	143	モンスター	4	9	1	1	word	0	-	0	1
E	143	9	9	0
T	144	ありがとう	0	5	1	1	word	0	-	0	1
E	144	6	6	0
T	145	三	0	1	1	1	word	0	-	0	1
T	145	百	1	2	1	1	word	0	-	0	1
T	145	二	2	3	1	1	word	0	-	0	1
T	145	十	3	4	1	1	word	0	-	0	1
T	145	円	4	5	1	1	word	0	-	0	1
E	145	5	5	0
T	146	１	0	1	1	1	word	0	-	0	1
T	146	２	1	2	1	1	word	0	-	0	1
T	146	８	3	4	1	1	word	0	-	0	1
T	146	０	4	5	1	1	word	0	-	0	1
T	146	０	5	6	1	1	word	0	-	0	1
T	146	円	6	7	1	1	word	0	-	0	1
E	146	7	7	0
T	147	3	0	1	1	1	word	0	-	0	1
T	147	2	2	3	1	1	word	0	-	0	1
T	147	万	3	4	1	1	word	0	-	0	1
T	147	人	4	5	1	1	word	0	-	0	1
E	147	5	5	0
T	148	一	0	1	1	1	word	0	-	0	1
T	148	千	1	2	1	1	word	0	-	0	1
T	148	二	2	3	1	1	word	0	-	0	1
T	148	百	3	4	1	1	word	0	-	0	1
T	148	三	4	5	1	1	word	0	-	0	1
T	148	十	5	6	1	1	word	0	-	0	1
T	148	四	6	7	1	1	word	0	-	0	1
T	148	万	7	8	1	1	word	0	-	0	1
T	148	五	8	9	1	1	word	0	-	0	1
T	148	千	9	10	1	1	word	0	-	0	1
T	148	六	10	11	1	1	word	0	-	0	1
T	148	百	11	12	1	1	word	0	-	0	1
T	148	七	12	13	1	1	word	0	-	0	1
T	148	十	13	14	1	1	word	0	-	0	1
T	148	八	14	15	1	1	word	0	-	0	1
E	148	15	15	0
T	149	二	0	1	1	1	word	0	-	0	1
T	149	〇	1	2	1	1	word	0	-	0	1
T	149	二	2	3	1	1	word	0	-	0	1
T	149	四	3	4	1	1	word	0	-	0	1
T	149	年	4	5	1	1	word	0	-	0	1
T	149	十月	5	7	1	1	word	0	-	0	1
T	149	七	7	8	1	1	word	0	-	0	1
T	149	日	8	9	1	1	word	0	-	0	1
E	149	9	9	0
T	150	〇	0	1	1	1	word	0	-	0	1
T	150	五	2	3	1	1	word	0	-	0	1
T	150	と	3	4	1	1	word	0	-	0	1
T	150	0	4	5	1	1	word	0	-	0	1
T	150	5	6	7	1	1	word	0	-	0	1
T	150	と	7	8	1	1	word	0	-	0	1
T	150	０	8	9	1	1	word	0	-	0	1
T	150	５	10	11	1	1	word	0	-	0	1
E	150	11	11	0
T	151	一	0	1	1	1	word	0	-	0	1
T	151	億	1	2	1	1	word	0	-	0	1
T	151	二	2	3	1	1	word	0	-	0	1
T	151	千	3	4	1	1	word	0	-	0	1
T	151	万	4	5	1	1	word	0	-	0	1
T	151	人	5	6	1	1	word	0	-	0	1
T	151	の	6	7	1	1	word	0	-	0	1
T	151	国	7	8	1	1	word	0	-	0	1
E	151	8	8	0
T	152	兆	0	1	1	1	word	0	-	0	1
T	152	京	1	2	1	1	word	0	-	0	1
T	152	垓	2	3	1	1	word	0	-	0	1
E	152	3	3	0
T	153	1	0	1	1	1	word	0	-	0	1
T	153	0	2	3	1	1	word	0	-	0	1
T	153	0	3	4	1	1	word	0	-	0	1
T	153	0	4	5	1	1	word	0	-	0	1
T	153	0	6	7	1	1	word	0	-	0	1
T	153	0	7	8	1	1	word	0	-	0	1
T	153	0	8	9	1	1	word	0	-	0	1
T	153	と	9	10	1	1	word	0	-	0	1
T	153	１	10	11	1	1	word	0	-	0	1
T	153	０	12	13	1	1	word	0	-	0	1
T	153	０	13	14	1	1	word	0	-	0	1
T	153	０	14	15	1	1	word	0	-	0	1
T	153	０	16	17	1	1	word	0	-	0	1
T	153	０	17	18	1	1	word	0	-	0	1
T	153	０	18	19	1	1	word	0	-	0	1
E	153	19	19	0
T	154	2	0	1	1	1	word	0	-	0	1
T	154	5	2	3	1	1	word	0	-	0	1
T	154	3	4	5	1	1	word	0	-	0	1
T	154	版	5	6	1	1	word	0	-	0	1
E	154	6	6	0
T	155	十	0	1	1	1	word	0	-	0	1
T	155	十	1	2	1	1	word	0	-	0	1
T	155	十	2	3	1	1	word	0	-	0	1
E	155	3	3	0
T	156	百	0	1	1	1	word	0	-	0	1
T	156	万	1	2	1	1	word	0	-	0	1
T	156	円	2	3	1	1	word	0	-	0	1
T	156	と	3	4	1	1	word	0	-	0	1
T	156	千	4	5	1	1	word	0	-	0	1
T	156	万	5	6	1	1	word	0	-	0	1
T	156	円	6	7	1	1	word	0	-	0	1
E	156	7	7	0
T	157	3	0	1	1	1	word	0	-	0	1
T	157	万	1	2	1	1	word	0	-	0	1
T	157	5	2	3	1	1	word	0	-	0	1
T	157	千	3	4	1	1	word	0	-	0	1
T	157	円	4	5	1	1	word	0	-	0	1
E	157	5	5	0
T	158	ゼロ	0	2	1	1	word	0	-	0	1
T	158	円	2	3	1	1	word	0	-	0	1
E	158	3	3	0
T	159	々	0	1	1	1	word	0	-	0	1
T	159	々	1	2	1	1	word	0	-	0	1
T	159	時々	2	4	1	1	word	0	-	0	1
T	159	人々	4	6	1	1	word	0	-	0	1
E	159	6	6	0
T	160	こ	0	1	1	1	word	0	-	0	1
T	160	ゝ	1	2	1	1	word	0	-	0	1
T	160	ろ	2	3	1	1	word	0	-	0	1
T	160	と	3	4	1	1	word	0	-	0	1
T	160	みす	4	6	1	1	word	0	-	0	1
T	160	ゞ	6	7	1	1	word	0	-	0	1
E	160	7	7	0
T	161	いすゞ自動車	0	6	1	1	word	0	-	0	1
E	161	6	6	0
T	162	カ	0	1	1	1	word	0	-	0	1
T	162	ヽ	1	2	1	1	word	0	-	0	1
T	162	ミ	2	3	1	1	word	0	-	0	1
T	162	と	3	4	1	1	word	0	-	0	1
T	162	ハ	4	5	1	1	word	0	-	0	1
T	162	ヾ	5	6	1	1	word	0	-	0	1
E	162	6	6	0
T	163	ぶ	0	1	1	1	word	0	-	0	1
T	163	ゞ	1	2	1	1	word	0	-	0	1
T	163	漬け	2	4	1	1	word	0	-	0	1
T	163	ゝ	5	6	1	1	word	0	-	0	1
E	163	6	6	0
T	164	バケツ	0	3	1	1	word	0	-	0	1
T	164	ヽ	3	4	1	1	word	0	-	0	1
E	164	4	4	0
T	165	サ	0	1	1	1	word	0	-	0	1
T	165	ツ	1	2	1	1	word	0	-	0	1
T	165	k	2	3	1	1	word	0	-	0	1
E	165	3	3	0
T	166	反	0	1	1	1	word	0	-	0	1
T	166	s	1	2	1	1	word	0	-	0	1
T	166	y	2	3	1	1	word	0	-	0	1
E	166	3	3	0
T	167	こい	0	2	1	1	word	0	-	0	1
T	167	ぬ	2	3	1	1	word	0	-	0	1
E	167	3	3	0
T	168	すし	0	2	1	1	word	0	-	0	1
E	168	2	2	0
T	169	k	0	1	1	1	word	0	-	0	1
T	169	y	1	2	1	1	word	0	-	0	1
T	169	o	2	3	1	1	word	0	-	0	1
T	169	u	3	4	1	1	word	0	-	0	1
T	169	h	4	5	1	1	word	0	-	0	1
T	169	a	5	6	1	1	word	0	-	0	1
E	169	6	6	0
T	170	ﾃ	0	1	1	1	word	0	-	0	1
T	170	ｽ	1	2	1	1	word	0	-	0	1
T	170	ﾄ	2	3	1	1	word	0	-	0	1
T	170	ﾃ	3	4	1	1	word	0	-	0	1
T	170	ﾞ	4	5	1	1	word	0	-	0	1
T	170	ｰ	5	6	1	1	word	0	-	0	1
T	170	ﾀ	6	7	1	1	word	0	-	0	1
E	170	7	7	0
T	171	ぁ	0	1	1	1	word	0	-	0	1
T	171	ぃ	1	2	1	1	word	0	-	0	1
T	171	ぅ	2	3	1	1	word	0	-	0	1
T	171	ぇ	3	4	1	1	word	0	-	0	1
T	171	ぉ	4	5	1	1	word	0	-	0	1
T	171	っ	5	6	1	1	word	0	-	0	1
T	171	ゃ	6	7	1	1	word	0	-	0	1
T	171	ゅ	7	8	1	1	word	0	-	0	1
T	171	ょ	8	9	1	1	word	0	-	0	1
T	171	ゎ	9	10	1	1	word	0	-	0	1
T	171	ゕ	10	11	1	1	word	0	-	0	1
T	171	ゖ	11	12	1	1	word	0	-	0	1
E	171	12	12	0
T	172	ア	0	1	1	1	word	0	-	0	1
T	172	イ	1	2	1	1	word	0	-	0	1
T	172	ウ	2	3	1	1	word	0	-	0	1
T	172	エ	3	4	1	1	word	0	-	0	1
T	172	オ	4	5	1	1	word	0	-	0	1
T	172	カ	5	6	1	1	word	0	-	0	1
T	172	ク	6	7	1	1	word	0	-	0	1
T	172	ケ	7	8	1	1	word	0	-	0	1
T	172	シ	8	9	1	1	word	0	-	0	1
T	172	ス	9	10	1	1	word	0	-	0	1
T	172	ツ	10	11	1	1	word	0	-	0	1
T	172	ト	11	12	1	1	word	0	-	0	1
T	172	ヌ	12	13	1	1	word	0	-	0	1
T	172	ハ	13	14	1	1	word	0	-	0	1
T	172	ヒ	14	15	1	1	word	0	-	0	1
T	172	フ	15	16	1	1	word	0	-	0	1
T	172	フ	16	17	1	1	word	0	-	0	1
T	172	゚	17	18	1	1	word	0	-	0	1
T	172	ヘ	18	19	1	1	word	0	-	0	1
T	172	ホ	19	20	1	1	word	0	-	0	1
T	172	ム	20	21	1	1	word	0	-	0	1
T	172	ヤ	21	22	1	1	word	0	-	0	1
T	172	ユ	22	23	1	1	word	0	-	0	1
T	172	ヨ	23	24	1	1	word	0	-	0	1
T	172	ラ	24	25	1	1	word	0	-	0	1
T	172	リ	25	26	1	1	word	0	-	0	1
T	172	ル	26	27	1	1	word	0	-	0	1
T	172	レ	27	28	1	1	word	0	-	0	1
T	172	ロ	28	29	1	1	word	0	-	0	1
T	172	ワ	29	30	1	1	word	0	-	0	1
E	172	30	30	0
T	173	コンピユーター	0	7	1	1	word	0	-	0	1
E	173	7	7	0
T	174	サーバー	0	4	1	1	word	0	-	0	1
E	174	4	4	0
T	175	プリンター	0	5	1	1	word	0	-	0	1
E	175	5	5	0
T	176	ユーザー	0	4	1	1	word	0	-	0	1
E	176	4	4	0
T	177	エ	0	1	1	1	word	0	-	0	1
T	177	ー	1	2	1	1	word	0	-	0	1
E	177	2	2	0
T	178	エ	0	1	1	1	word	0	-	0	1
T	178	ー	1	2	1	1	word	0	-	0	1
T	178	ー	2	3	1	1	word	0	-	0	1
E	178	3	3	0
T	179	ＡＢＣ	0	3	1	1	word	0	-	0	1
T	179	Ｄ	3	4	1	1	word	0	-	0	1
E	179	4	4	0
T	180	Ｗ	0	1	1	1	word	0	-	0	1
T	180	ｉ	1	2	1	1	word	0	-	0	1
T	180	Ｆ	3	4	1	1	word	0	-	0	1
T	180	ｉ	4	5	1	1	word	0	-	0	1
E	180	5	5	0
T	181	Ｓ	0	1	1	1	word	0	-	0	1
T	181	Ｈ	1	2	1	1	word	0	-	0	1
T	181	Ｉ	2	3	1	1	word	0	-	0	1
T	181	Ｂ	3	4	1	1	word	0	-	0	1
T	181	Ｕ	4	5	1	1	word	0	-	0	1
T	181	Ｙ	5	6	1	1	word	0	-	0	1
T	181	Ａ	6	7	1	1	word	0	-	0	1
E	181	7	7	0
T	182	タワー	0	3	1	1	word	0	-	0	1
T	182	マンシヨン	3	8	1	1	word	0	-	0	1
E	182	8	8	0
T	183	パーテイー	0	5	1	1	word	0	-	0	1
E	183	5	5	0
N	0	e4bb8ae697a5e381afe381a8e381a6e38282e889afe38184e5a4a9e6b097e381a7e38199e381ade38082
N	1	e7a781e381afe69db1e4baace5a4a7e5ada6e381a7e8a880e8aa9ee5ada6e38292e58b89e5bcb7e38197e381a6e38184e381bee38199e38082
N	2	e996a2e8a5bfe59bbde99a9be7a9bae6b8afe3818be38289e68890e794b0e7a9bae6b8afe381bee381a7e9a39be8a18ce6a99fe381a7e7a7bbe58b95e38197e381bee38197e3819fe38082
N	3	e38193e381aee69cace381afe59bb3e69bb8e9a4a8e381a7e5809fe3828ae3819fe38282e381aee381a7e38199e38082
N	4	e6988ee697a5e381aee4bc9ae8adb0e381afe58d88e5be8ce4b889e69982e3818be38289e5a78be381bee3828ae381bee38199e38082
N	5	e5bdbce5a5b3e381afe38394e382a2e3838ee38292e5bcbee3818fe381aee3818ce381a8e381a6e38282e4b88ae6898be381a0e38082
N	6	e697a5e69cace7b58ce6b888e696b0e8819ee381aee8a898e4ba8be381abe38288e3828be381a8e38081e6a0aae4bea1e3818ce5a4a7e3818de3818fe4b88ae69887e38197e3819fe38082
N	7	e5afbfe58fb8e381a8e5a4a9e381b7e38289e381a8e383a9e383bce383a1e383b3e38081e381a9e3828ce3818ce4b880e795aae5a5bde3818de381a7e38199e3818befbc9f
N	8	e99ba8e3818ce9998de381a3e381a6e38184e3819fe381aee381a7e38081e58298e38292e68c81e381a3e381a6e587bae3818be38191e3819fe38082
N	9	e5ad90e4be9be3819fe381a1e381afe585ace59c92e381a7e58583e6b097e381abe9818ae38293e381a7e38184e3828be38082
N	10	e382b3e383b3e38394e383a5e383bce382bfe383bce381aee382bde38395e38388e382a6e382a7e382a2e38292e382a2e38383e38397e38387e383bce38388e38197e381a6e3818fe381a0e38195e38184e38082
N	11	e382b9e3839ee383bce38388e38395e382a9e383b3e381aee38390e38383e38386e383aae383bce3818ce38199e38190e381abe58887e3828ce381a6e38197e381bee38186e38082
N	12	e59bbde7ab8be59bbde4bc9ae59bb3e69bb8e9a4a8e381afe697a5e69cace69c80e5a4a7e381aee59bb3e69bb8e9a4a8e381a7e38182e3828be38082
N	13	e69db1e4baace983bde5ba81e8888ee381afe696b0e5aebfe58cbae381abe38182e3828ae381bee38199e38082
N	14	e3808ce38193e38293e381abe381a1e381afe3808de381a8e5bdbce381afe8a880e381a3e3819fe38082
N	15	e4ba8ce38087e4ba8ce59b9be5b9b4e58d81e69c88e4b883e697a5e38081e699b4e3828ce38082
N	16	e4bea1e6a0bce381afefbc91efbc92efbc8cefbc98efbc90efbc90e58686efbc88e7a88ee8bebcefbc89e381a7e38199e38082
N	17	e99bbbe8a9b1e795aae58fb7e381afefbc90efbc93efbc8defbc91efbc92efbc93efbc94efbc8defbc95efbc96efbc97efbc98e381a7e38199e38082
N	18	efbca1efbca2efbca3e6a0aae5bc8fe4bc9ae7a4bee381aeefbca3efbca5efbcafe3818ce69da5e697a5e38197e3819fe38082
N	19	6950686f6e65e381a8416e64726f6964e381aee381a9e381a1e38289e38292e4bdbfe381a3e381a6e38184e381bee38199e3818be38082
N	20	e7a781e381aee5908de5898de381afe5b1b1e794b0e5a4aae9838ee381a7e38199e38082e38288e3828de38197e3818fe3818ae9a198e38184e38197e381bee38199e38082
N	21	e4babae38085e381afe69982e38085e38085e38085e381a8e8a880e38184e381aae3818ce38289e6ada9e38184e3819fe38082
N	22	e38193e38193e381afe99d99e3818be381aae794bae381a7e38081e5a49ce381abe381aae3828be381a8e6989fe3818ce38288e3818fe8a68be38188e3828be38082
N	23	e78cabe3818ce7aa93e381aee5a496e38292e38198e381a3e381a8e8a68be381a4e38281e381a6e38184e3828be38082
N	24	e590bee8bca9e381afe78cabe381a7e38182e3828be38082e5908de5898de381afe381bee381a0e784a1e38184e38082
N	25	e38199e38282e38282e38282e38282e38282e38282e38282e38282e381aee38186e381a1e38082
N	26	e381abe3828fe381abe381afe381abe3828fe381abe3828fe381a8e3828ae3818ce38184e3828be38082
N	27	e69db1e4baace789b9e8a8b1e8a8b1e58fafe5b180e995b7e4bb8ae697a5e680a5e981bde4bc91e69a87e8a8b1e58fafe68b92e590a6e38082
N	28	e7949fe9baa6e7949fe7b1b3e7949fe58db5e38082
N	29	e99aa3e381aee5aea2e381afe38288e3818fe69fbfe9a39fe38186e5aea2e381a0e38082
N	30	e59cb0e79083e6b8a9e69a96e58c96e5afbee7ad96e68ea8e980b2e6b395e694b9e6ada3e6a188e3818ce58fafe6b1bae38195e3828ce3819fe38082
N	31	e68385e5a0b1e587a6e79086e68a80e8a193e88085e8a9a6e9a893e381abe59088e6a0bce38197e381bee38197e3819fe38082
N	32	e887aae784b6e8a880e8aa9ee587a6e79086e381afe4babae5b7a5e79fa5e883bde381aee4b880e58886e9878ee381a7e38199e38082
N	33	e5bda2e6858be7b4a0e8a7a3e69e90e599a8e381afe38386e382ade382b9e38388e38292e58d98e8aa9ee381abe58886e589b2e38199e3828be38082
N	34	e6a49ce7b4a2e382a8e383b3e382b8e383b3e381aee585a8e69687e6a49ce7b4a2e382a4e383b3e38387e38383e382afe382b9e38292e4bd9ce68890e38199e3828be38082
N	35	e4b889e799bee4ba94e58d81e585ade4b887e4b883e58d83e585abe799bee4b99de58d81e58686
N	36	e4b880e58d83e4b887e58686e381aee5809fe98791e38292e8bf94e6b888e38197e3819fe38082
N	37	e7acace4ba8ce6aca1e4b896e7958ce5a4a7e688a6e5be8ce381aee5bea9e88888e69c9fe38082
N	38	efbc92efbc90efbc92efbc90e5b9b4e69db1e4baace382aae383aae383b3e38394e38383e382afe383bbe38391e383a9e383aae383b3e38394e38383e382af
N	39	e4bba4e5928ce58583e5b9b4e4ba94e69c88e4b880e697a5e381abe694b9e58583e38195e3828ce3819fe38082
N	40	e38182e3828ae3818ce381a8e38186e38194e38196e38184e381bee38197e3819fefbc81
N	41	e38199e381bfe381bee3819be38293e38081e9a785e381afe381a9e38193e381a7e38199e3818befbc9f
N	42	e3818ae381afe38288e38186e38194e38196e38184e381bee38199e38082e4bb8ae697a5e38282e38288e3828de38197e3818fe38082
N	43	e38184e3819fe381a0e3818de381bee38199e38082e38194e381a1e3819de38186e38195e381bee381a7e38197e3819fe38082
N	44	efbdb6efbe80efbdb6efbe85e381aee58d8ae8a792e69687e5ad97e38282e587a6e79086e381a7e3818de3828be3818be7a2bae8aa8de38199e3828be38082
N	45	efbe83efbdbdefbe84e794a8e381aeefbe83efbe9eefbdb0efbe80e381a7e38199e38082
N	46	e381b2e38289e3818ce381aae38081e382abe382bfe382abe3838ae38081e6bca2e5ad97e38081456e676c697368e38081313233e38292e6b7b7e3819ce3819fe69687e38082
N	47	e383a1e383bce383abefbc9a696e666f406578616d706c652e6a7020e381b8e980a3e7b5a1e38197e381a6e3818fe381a0e38195e38184e38082
N	48	e382a6e382a7e38396e382b5e382a4e383882068747470733a2f2f7777772e6578616d706c652e636f6d20e38292e58f82e785a7e38082
N	49	e8b5a4e38184e9b3a5e3818ce99d92e38184e7a9bae38292e9a39be38293e381a7e38184e381a3e3819fe38082
N	50	e8b5b0e3828be38081e8b5b0e381a3e3819fe38081e8b5b0e38289e381aae38184e38081e8b5b0e3828ce381b0e38081e8b5b0e3828de38186e38082
N	51	e9a39fe381b9e3828be38081e9a39fe381b9e3819fe38081e9a39fe381b9e381aae38184e38081e9a39fe381b9e3828ce381b0e38081e9a39fe381b9e38288e38186e38082
N	52	e7be8ee38197e38184e38081e7be8ee38197e3818be381a3e3819fe38081e7be8ee38197e3818fe381aae38184e38081e7be8ee38197e38191e3828ce381b0e38082
N	53	e99d99e3818be381a0e38081e99d99e3818be381a0e381a3e3819fe38081e99d99e3818be381a7e381afe381aae38184e38082
N	54	e8a18ce3818de381bee38199e38081e8a18ce3818de381bee38197e3819fe38081e8a18ce3818de381bee3819be38293e38081e8a18ce3818de381bee38197e38287e38186e38082
N	55	e8aaade381bee3819be3828be38081e8aaade381bee3828ce3828be38081e8aaade381bee3819be38289e3828ce3828be38082
N	56	e58b89e5bcb7e38197e3819fe38184e381a8e6809de381a3e381a6e38184e3819fe3818ce38081e69982e99693e3818ce381aae3818be381a3e3819fe38082
N	57	e38282e38197e6988ee697a5e99ba8e3818ce9998de381a3e3819fe38289e38081e8a9a6e59088e381afe4b8ade6ada2e381abe381aae3828be381a0e3828de38186e38082
N	58	e5bdbce3818ce69da5e3828be3818be381a9e38186e3818be58886e3818be38289e381aae38184e38082
N	59	e69cace38292e8aaade38280e38193e381a8e3818ce5a5bde3818de381a7e38199e38082
N	60	e697a9e3818fe5af9de381aae38195e38184e38082
N	61	e381aae38293e381a7e38284e381ade38293efbc81
N	62	e381a1e38287e381a3e381a8e5be85e381a3e381a6e3818fe381a0e38195e38184e381ade3809c
N	63	e38188e383bce381a3e381a8e38081e4bd95e381a0e381a3e38191efbc9f
N	64	e383afe383bce383abe38389e382abe38383e38397e382b5e38383e382abe383bce697a5e69cace4bba3e8a1a8e38381e383bce383a0
N	65	e382a2e382a4e382b9e382afe383aae383bce383a0e382b7e383a7e38383e38397e381a7e38390e3838be383a9e382a2e382a4e382b9e38292e8b2b7e381a3e3819fe38082
N	66	e38387e38391e383bce38388e381aee59cb0e4b88be9a39fe59381e5a3b2e3828ae5a0b4e381afe6b7b7e99b91e38197e381a6e38184e3819fe38082
N	67	e38397e383ade382b0e383a9e3839fe383b3e382b0e8a880e8aa9ee381aee6af94e8bc83e7a094e7a9b6e38082
N	68	e382b8e383a3e38390e382b9e382afe383aae38397e38388e381a8e38391e382a4e382bde383b3e381a8e383a9e382b9e38388e38082
N	69	e382ade383bce3839ce383bce38389e381a8e3839ee382a6e382b9e381a8e38387e382a3e382b9e38397e383ace382a4e38082
N	70	e38193e381aee69699e79086e38081e38281e381a3e381a1e38283e7be8ee591b3e38197e38184efbc81
N	71	e38199e38194e383bce38184efbc81e38284e381a3e3819fe383bcefbc81
N	72	e38186e38186e38186e38081e5af92e38184e38288e38189e38082
N	73	e3838fe382a2e3838fe382a2e38081e796b2e3828ce3819fe38082
N	74	e7a781e3819fe381a1e381afe38081e6988ee697a5e38081e4baace983bde381b8e38081e8a18ce3818fe38082
N	75	e383bbe4b8ade9bb92e383bbe58cbae58887e3828ae383bbe38386e382b9e38388e383bb
N	76	e38090e9878de8a681e38091e3818ae79fa5e38289e3819be3808ae696b0e79d80e3808b
N	77	e280bbe6b3a8e6848fefbc9ae38193e381aee58588e38081e5b7a5e4ba8be4b8ade38082
N	78	e380923130302d3030303120e69db1e4baace983bde58d83e4bba3e794b0e58cbae58d83e4bba3e794b0312d31
N	79	e6a0aae5bc8fe4bc9ae7a4be414243e3839be383bce383abe38387e382a3e383b3e382b0e382b9e4bba3e8a1a8e58f96e7b7a0e5bdb9e7a4bee995b7
N	80	e58c97e6b5b7e98193e69cade5b98ce5b882e4b8ade5a4aee58cbae58c97e4b880e69da1e8a5bfe4ba8ce4b881e79bae
N	81	e5a4a7e998aae5ba9ce5a4a7e998aae5b882e58c97e58cbae6a285e794b0e4b889e4b881e79baee4b880e795aae4b880e58fb7
N	82	e7a68fe5b2a1e79c8ce58c97e4b99de5b79ee5b882e5b08fe58089e58c97e58cba
N	83	e6b296e7b884e79c8ce982a3e8a687e5b882
N	84	e5af8ce5a3abe5b1b1e381afe697a5e69cace4b880e9ab98e38184e5b1b1e381a7e38199e38082
N	85	e790b5e790b6e6b996e381afe697a5e69cace69c80e5a4a7e381aee6b996e381a7e38182e3828be38082
N	86	e4bfa1e6bf83e5b79de381afe697a5e69cace381a7e69c80e38282e995b7e38184e5b79de381a0e38082
N	87	e6a19ce381aee88ab1e3818ce6ba80e9968be381abe381aae381a3e3819fe38082
N	88	e7b485e89189e78ba9e3828ae381abe587bae3818be38191e381bee38197e38287e38186e38082
N	89	e5b9b4e69cabe5b9b4e5a78be381aee4bc91e6a5ade697a5e381aee3818ae79fa5e38289e3819b
N	90	e696b0e59e8be382b3e383ade3838ae382a6e382a4e383abe382b9e6849fe69f93e79787e5afbee7ad96e69cace983a8
N	91	e59bbde99a9be980a3e59088e69599e882b2e7a791e5ada6e69687e58c96e6a99fe996a2
N	92	e4b896e7958ce4bf9de581a5e6a99fe996a2e381aee4ba8be58b99e5b180e995b7
N	93	e58685e996a3e7b78fe79086e5a4a7e887a3e3818ce8a898e88085e4bc9ae8a68be38292e8a18ce381a3e3819fe38082
N	94	e8a186e8adb0e999a2e8adb0e593a1e7b78fe981b8e68c99e381aee68a95e7a5a8e697a5
N	95	e69c80e9ab98e8a381e588a4e68980e381aee588a4e6b1bae3818ce4b88be38195e3828ce3819fe38082
N	96	e7b58ce6b888e794a3e6a5ade79c81e381a8e69687e983a8e7a791e5ada6e79c81
N	97	e5b091e5ad90e9ab98e9bda2e58c96e7a4bee4bc9ae381abe3818ae38191e3828be7a4bee4bc9ae4bf9de99a9ce588b6e5baa6e694b9e99da9
N	98	e5868de7949fe58fafe883bde382a8e3838de383abe382aee383bce381aee699aee58f8ae4bf83e980b2
N	99	e58d8ae5b08ee4bd93e8a3bde980a0e8a385e7bdaee381aee8bcb8e587bae8a68fe588b6
N	100	e9878fe5ad90e382b3e383b3e38394e383a5e383bce382bfe383bce381aee7a094e7a9b6e9968be799ba
N	101	e981bae4bc9de5ad90e7b584e381bfe68f9be38188e4bd9ce789a9e381aee5ae89e585a8e680a7e8a995e4bea1
N	102	e5ae87e5ae99e888aae7a9bae7a094e7a9b6e9968be799bae6a99fe6a78be381aee4babae5b7a5e8a19be6989fe68993e381a1e4b88ae38192
N	103	e999b8e4b88ae7abb6e68a80e799bee383a1e383bce38388e383abe8b5b0e381aee4b896e7958ce8a898e98cb2
N	104	e9878ee79083e38081e382b5e38383e382abe383bce38081e38390e382b9e382b1e38383e38388e3839ce383bce383abe38081e38386e3838be382b9
N	105	e69c9de38194e9a3afe38292e9a39fe381b9e3819ae381abe5ada6e6a0a1e381b8e8a18ce381a3e3819fe38082
N	106	e5bdbce381afe58cbbe88085e381abe381aae3828ae3819fe38184e381a8e8a880e381a3e381a6e38184e3828be38082
N	107	e99ba8e381abe38282e8b2a0e38191e3819ae9a2a8e381abe38282e8b2a0e38191e3819a
N	108	e698a5e381afe38182e38191e381bce381aee38082e38284e38186e38284e38186e799bde3818fe381aae3828ae38286e3818fe5b1b1e3818ee381afe38082
N	109	e69c88e697a5e381afe799bee4bba3e381aee9818ee5aea2e381abe38197e381a6e38081e8a18ce3818de3818be381b5e5b9b4e38282e381bee3819fe69785e4babae381aae3828ae38082
N	110	e7a587e59c92e7b2bee8888ee381aee99098e381aee5a3b0e38081e8abb8e8a18ce784a1e5b8b8e381aee99fbfe3818de38182e3828ae38082
N	111	e38085e38085e38085
N	112	e3829de3829ee383bde383be
N	113	e38193e3829de3828de38081e381bfe38199e3829ee38081e38184e38199e3829ee38081e381b6e3829ee6bcace38191
N	114	e383bce995b7e99fb3e383bc
N	115	efbc81efbc9fe38082e38081
N	116	f09f9880e7b5b5e69687e5ad97f09f9880e38282e585a5e3828ce381a6e381bfe3828b
N	117	f0a0aeb7e9878ee5aeb6e381a7e7899be4b8bce38292e9a39fe381b9e3819fe38082
N	118	4142434445464720616263646566672030313233343536373839
N	119	efbca8efbd85efbd8cefbd8cefbd8fe38080efbcb7efbd8fefbd92efbd8cefbd84
N	120	e585a8e8a792e382b9e3839ae383bce382b9e38080e38292e38080e590abe38280e38080e69687
N	121	e382bfe3839609e3829209e590abe3828009e69687
N	122	e694b9e8a18ce381aee784a1e38184e99d9ee5b8b8e381abe995b7e38184e69687e7aba0e38292e4bd9ce3828be3819fe38281e381abe5908ce38198e38288e38186e381aae8a880e89189e38292e4bd95e5baa6e38282e7b9b0e3828ae8bf94e38197e381a6e69bb8e38184e381a6e381bfe3828be38193e381a8e381abe38197e381bee38197e3819fe3818ce3819de3828ce381a7e38282e381bee381a0e8b6b3e3828ae381aae38184e3818be38282e38197e3828ce381aae38184e381aee381a7e38282e38186e5b091e38197e7b69ae38191e381a6e69bb8e38184e381a6e3818ae3818fe38193e381a8e381abe38197e381bee38199e38082
N	123	e4b880e4ba8ce4b889e59b9be4ba94e585ade4b883e585abe4b99de58d81e799bee58d83e4b887e58484e58586
N	124	e38087e4b880e4ba8ce4b889
N	125	e7acacefbc91e59b9ee697a5e69cace8aa9ee587a6e79086e58b89e5bcb7e4bc9a
N	126	efbcaaefbcb2e69db1e697a5e69cace381aee5b1b1e6898be7b79a
N	127	efbcaeefbca8efbcabe694bee98081e382bbe383b3e382bfe383bc
N	128	efbcb5efbcb3efbca2e383a1e383a2e383aae383bce381a8efbcb3efbca4e382abe383bce38389
N	129	e382a2e383a1e383aae382abe59088e8a186e59bbde5a4a7e7b5b1e9a098e981b8e68c99
N	130	e383ade382b7e382a2e980a3e982a6e381a8e382a6e382afe383a9e382a4e3838a
N	131	e4b8ade88fafe4babae6b091e585b1e5928ce59bbde381aee9a696e983bde58c97e4baac
N	132	e5a4a7e99f93e6b091e59bbde381aee382bde382a6e383abe789b9e588a5e5b882
N	133	e383a8e383bce383ade38383e38391e980a3e59088e381aee6aca7e5b79ee5a794e593a1e4bc9a
N	134	e382abe383aae38395e382a9e383abe3838be382a2e5b79ee383ade382b5e383b3e382bce383abe382b9
N	135	e3838be383a5e383bce383a8e383bce382afe383bbe382bfe382a4e383a0e382bae7b499
N	136	e383afe382b7e383b3e38388e383b3e383bbe3839de382b9e38388
N	137	e382a2e38383e38397e383abe38081e382b0e383bce382b0e383abe38081e3839ee382a4e382afe383ade382bde38395e38388e38081e382a2e3839ee382bee383b3
N	138	e38388e383a8e382bfe887aae58b95e8bb8ae381a8e3839be383b3e38380e381a8e382bde3838be383bc
N	139	e382b8e383a7e383b3e383bbe382b9e3839fe382b9e38195e38293e381a8e383a1e382a2e383aae383bce383bbe382b8e383a7e383bce383b3e382bae38195e38293
N	140	e382b7e383a3e383bce383ade38383e382afe383bbe3839be383bce383a0e382bae381aee58692e999ba
N	141	e3838fe383aae383bce383bbe3839de38383e382bfe383bce381a8e8b3a2e88085e381aee79fb3
N	142	e38389e383a9e38188e38282e38293e381a8e381aee381b3e5a4aa
N	143	e3839de382b1e38383e38388e383a2e383b3e382b9e382bfe383bc
N	144	e38182e3828ae3818ce381a8e38186e38082
N	145	e4b889e799bee4ba8ce58d81e58686
N	146	efbc91efbc92efbc8cefbc98efbc90efbc90e58686
N	147	332e32e4b887e4baba
N	148	e4b880e58d83e4ba8ce799bee4b889e58d81e59b9be4b887e4ba94e58d83e585ade799bee4b883e58d81e585ab
N	149	e4ba8ce38087e4ba8ce59b9be5b9b4e58d81e69c88e4b883e697a5
N	150	e38087e383bbe4ba94e381a8302e35e381a8efbc90efbc8eefbc95
N	151	e4b880e58484e4ba8ce58d83e4b887e4babae381aee59bbd
N	152	e58586e4baace59e93
N	153	312c3030302c303030e381a8efbc91efbc8cefbc90efbc90efbc90efbc8cefbc90efbc90efbc90
N	154	322e352e33e78988
N	155	e58d81e58d81e58d81
N	156	e799bee4b887e58686e381a8e58d83e4b887e58686
N	157	33e4b88735e58d83e58686
N	158	e382bce383ade58686
N	159	e38085e38085e69982e38085e4babae38085
N	160	e38193e3829de3828de381a8e381bfe38199e3829e
N	161	e38184e38199e3829ee887aae58b95e8bb8a
N	162	e382abe383bde3839fe381a8e3838fe383be
N	163	e381b6e3829ee6bcace38191e38082e3829d
N	164	e38390e382b1e38384e383bd
N	165	e382b5e383836b
N	166	e58f8d7379
N	167	e38193e38184e381ac
N	168	e38199e38197
N	169	6b796f756861
N	170	efbe83efbdbdefbe84efbe83efbe9eefbdb0efbe80
N	171	e38181e38183e38185e38187e38189e381a3e38283e38285e38287e3828ee38295e38296
N	172	e382a1e382a3e382a5e382a7e382a9e383b5e387b0e383b6e387b1e387b2e38383e387b3e387b4e387b5e387b6e387b7e387b7e3829ae387b8e387b9e387bae383a3e383a5e383a7e387bbe387bce387bde387bee387bfe383ae
N	173	e382b3e383b3e38394e383a5e383bce382bfe383bc
N	174	e382b5e383bce38390e383bc
N	175	e38397e383aae383b3e382bfe383bc
N	176	e383a6e383bce382b6e383bc
N	177	e382a8e383bc
N	178	e382a8e383bce383bc
N	179	efbca1efbca2efbca3efbca4
N	180	efbcb7efbd89efbc8defbca6efbd89
N	181	efbcb3efbca8efbca9efbca2efbcb5efbcb9efbca1
N	182	e382bfe383afe383bce3839ee383b3e382b7e383a7e383b3
N	183	e38391e383bce38386e382a3e383bc
